Código,Descripción,Clase,Familia,Segmento
10101501,Gatos,,,
10101502,Perros,,,
10101504,Visón,,,
10101505,Ratas,,,
10101506,Caballos,,,
10101507,Ovejas,,,
10101508,Cabras,,,
10101509,Asnos,,,
10101510,Ratones,,,
10101511,Cerdos,,,
10101512,Conejos,,,
10101513,Cobayas o conejillos,,,
10101514,Primates,,,
10101515,Armadillos,,,
10101516,Ganado vacuno Animal cuadrúpedo hembra del toro,,,
10101517,Camellos,,,
10101601,Pollos vivos Cría que nace de cada huevo de ave y en especial la de la,,,
10101602,Patos vivos,,,
10101603,Pavos vivos,,,
10101604,Gansos vivos,,,
10101605,Faisanes vivos,,,
10101701,Salmón vivos,,,
10101702,Trucha viva,,,
10101703,Tilapia viva,,,
10101704,Carpa viva,,,
10101705,Anguilas vivas,,,
10101801,Camarón vivo,,,
10101802,Almejas vivas,,,
10101803,Mejillones vivos,,,
10101804,Ostras vivas,,,
10101805,Cangrejos vivos Cada uno de los artrópodos crustáceos del orden de los,,,
10101806,Abulones vivos,,,
10101807,Pulpo vivo,,,
10101808,Calamar vivo,,,
10101901,Mariposas,,,
10101902,Escarabajos,,,
10101903,Abejas,,,
10101904,Gusanos de seda,,,
10102001,Elefantes,,,
10102002,Zorros vivos,,,
10111301,Juguetes para,,,
10111307,Cobijas para,,,
10121501,Salvado de trigo puro,,,
10121502,Avena para forraje,,,
10121503,Maíz para forraje,,,
10121504,Sorgo para forraje,,,
10121505,Heno,,,
10121506,Tortas oleaginosas Masa en forma redonda resultado del hueso de la aceituna,,,
10121601,Alimento vivo para,,,
10121602,Alpiste,,,
10121604,Alimento avícola Cada una de las sustancias o conjunto de cosas que una ave,,,
10121701,Salmuera fresca o,,,
10121702,Alimento granulado,,,
10121703,Alimento en hojuelas,,,
10121801,Comida seca para,,,
10121802,Comida húmeda,,,
10121803,Leche para perros o,,,
10121804,Comida seca para,,,
10121805,Comida húmeda,,,
10121901,Comida granulada,,,
10122001,Comida granulada,,,
10122002,Comida húmeda,,,
10122003,Comida viva para,,,
10122101,Comida para cerdos Cada una de las sustancias o conjunto de cosas que los,,,
10122102,Comida para visones Cada una de las sustancias o conjunto de cosas que los,,,
10122103,Comida para monos Cada una de las sustancias o conjunto de cosas que los,,,
10131506,Establos para ganado Lugar cubierto en que se encierra ganado para su descanso y,,,
10131507,Casas para mascotas,,,
10131508,Camas para,,,
10131601,Jaulas o sus,,,
10131602,Perreras Lugar o sitio donde se guardan o encierran los perros,,,
10131604,"Correas para perros Tira de cuero, que se usa para amarrar a los perros",,,
10131701,Terrarios Instalación adecuada para mantener vivos y en las mejores,,,
10131702,Acuarios,,,
10141501,Sillas de montar,,,
10141502,Fustas y látigos,,,
10141503,Herraduras para,,,
10141504,Herraduras para,,,
10141601,Bridas Freno del caballo con las riendas y todo el correaje que sirve,,,
10141602,Yugos,,,
10141603,Bocados para,,,
10141604,Riendas,,,
10141605,"Estribos Pieza de metal, madera o cuero en que el jinete apoya el pie,",,,
10141606,"Correas o traíllas Cinta de cuero para sujetar la silla de montar arneses,correas o traillas,leashes or leads,",,,
10141607,Arneses de cuello,,,
10141608,Arneses o sus,,,
10141609,Sujetadores Equipos que se utilizan para unir algo epara que no puede,,,
10141610,Bozales,,,
10141611,Soportes para,,,
10151501,Semillas o plántulas,,,
10151502,Semillas o plántulas,,,
10151503,Semillas o plántulas,,,
10151504,Semillas o plántulas,,,
10151505,Semillas o plántulas,,,
10151506,Semillas o plántulas,,,
10151507,Semillas o plántulas,,,
10151508,Semillas o plántulas,,,
10151509,Semillas o plántulas,,,
10151510,Semillas o plántulas,,,
10151511,Semillas o plántulas,,,
10151512,Semillas o plántulas,,,
10151513,Semillas o plántulas,,,
10151514,Semillas o plántulas,,,
10151515,Semillas o plántulas,,,
10151516,Semillas o plántulas,,,
10151517,Semillas o plántulas,,,
10151518,Semillas o plántulas,,,
10151519,Semillas o plántulas,,,
10151520,Semillas o plántulas,,,
10151521,Semillas o plántulas,,,
10151522,Semillas o plántulas,,,
10151523,Semillas o plántulas,,,
10151524,Semillas o plántulas,,,
10151525,Semillas o plántulas,,,
10151526,Semillas o plántulas,,,
10151527,Semillas o plántulas,,,
10151528,Semillas o plántulas,,,
10151529,Semillas o plántulas,,,
10151530,Semillas o plántulas,,,
10151532,Semillas o plántulas,,,
10151533,Semillas o plántulas,,,
10151534,Semillas o plántulas,,,
10151535,Semillas o plántulas,,,
10151601,Semillas de trigo,,,
10151602,Semillas de canola,,,
10151603,Semillas de cebada,,,
10151604,Semillas de mijo,,,
10151605,Semillas de avena,,,
10151606,Semillas de ajonjolí,,,
10151607,Semillas de linaza,,,
10151608,Semillas de aceite de,,,
10151609,Semillas de maíz,,,
10151610,Semillas de centeno,,,
10151611,Semillas de sorgo,,,
10151701,Semillas o plántulas,,,
10151702,Semillas o plántulas,,,
10151703,Semillas o plántulas,,,
10151704,Semillas o plántulas,,,
10151706,Semillas o plántulas,,,
10151709,Semilla o Plantula de,,,
10151801,Semillas o plántulas,,,
10151802,Semillas o plántulas,,,
10151803,Semillas o plántulas,,,
10151804,Semillas o plántulas,,,
10151805,Semillas o plántulas,,,
10151806,Semillas o plántulas,,,
10151807,Semillas o plántulas,,,
10151808,Semillas o plántulas,,,
10151809,Semillas o plántulas,,,
10151810,Semillas o plántulas,,,
10151811,Semillas o plántulas,,,
10151902,"Semillas, plántulas o",,,
10151904,Semillas de girasol,,,
10151905,Bulbos o tallos de,,,
10151906,Bulbos de lirio,,,
10151907,Semillas o plántulas,,,
10152001,Semillas o esquejes,,,
10152002,Semillas o esquejes,,,
10152102,Residuos de semilla,,,
10152103,Residuo de semillas,,,
10152104,Torta de neem Masa en forma redonda resultado del hueso de la aceituna,,,
10152201,Semillas o plántulas,,,
10152202,Semillas o plántulas,,,
10161501,Aceitunos,,,
10161502,Cafetos,,,
10161503,Cacaoteros,,,
10161504,Manzanos,,,
10161505,"Peros Árbol, variedad del pérsico, cuyo fruto es el melocotón.",,,
10161506,Naranjos,,,
10161507,Rododendros,,,
10161508,Plantas de te,,,
10161509,Coníferas,,,
10161510,Abetos rojos (píceas),,,
10161511,Pinos,,,
10161512,Abetos,,,
10161513,Palmeras,,,
10161601,Rosales,,,
10161602,Poinsettias,,,
10161603,Orquídeas,,,
10161604,Azaleas,,,
10161605,Cactos,,,
10161701,Gladiolos cortados,,,
10161702,Azucenas cortadas,,,
10161703,Claveles cortados,,,
10161704,Tulipanes cortados,,,
10161705,Rosas cortadas,,,
10161707,Arreglo de flores,,,
10161801,Helechos,,,
10161802,Hiedras,,,
10161803,Filodendros,,,
10161804,Líquenes,,,
10161901,Vainas secas Cáscara tierna y larga en que están encerradas las semillas de,,,
10161902,Follaje seco Conjunto de hojas de los árboles y de otras plantas sin agua u,,,
10161903,Helechos secos,,,
10161904,"Flores secas Brote de muchas plantas, formado por hojas de colores sin",,,
10161905,Ramas y tallos secos,,,
10161906,Penachos de,,,
10161907,Flores secas,,,
10161908,"Pétalos secos Hoja transformada, por lo común de bellos colores, que",,,
10171501,"Estiércol o guano Materia orgánica en descomposición, principalmente",,,
10171502,Hormonas para,,,
10171503,Harina de pescado,,,
10171504,Abono Humus obtenido artificialmente por descomposición,,,
10171601,Fertilizante,,,
10171602,Fertilizante de,,,
10171603,Fertilizante de,,,
10171604,Fertilizante de sulfuro Porducto obtenido por reaccion del sulfuro mineral.,,,
10171701,Matamalezas,,,
10171702,Fungicidas,,,
10191506,Mata – roedores,,,
10191507,"Repelentes de aves Que arroja, lanza o echa de sí los pajaros con impulso o",,,
10191508,Protectores contra,,,
10191509,Insecticidas,,,
10191701,Trampas para,,,
10191704,Matamoscas Un matamoscas es un instrumento manual para golpear con,,,
10191705,Lazos,,,
10191706,Cepos,,,
11101501,Mica,,,
11101502,Lija o esmeril,,,
11101503,Cuarzo,,,
11101504,Pirita,,,
11101505,Azufre o sulfuro,,,
11101506,Tiza,,,
11101507,Grafito,,,
11101508,Dolomita,,,
11101509,Magnesita,,,
11101510,Asbesto (amianto),,,
11101511,Calcio,,,
11101512,Borato,,,
11101513,Criolita,,,
11101514,Feldespato,,,
11101515,Leucita,,,
11101516,Nefelita,,,
11101517,Esteatita,,,
11101518,Talco,,,
11101519,Diamante en bruto,,,
11101520,Granates,,,
11101521,Carburo de silicio,,,
11101522,Carbón activado,,,
11101523,Mulita,,,
11101524,Fluorita,,,
11101525,Kieserita,,,
11101526,Carnalita,,,
11101527,Sílice de diatomeas,,,
11101601,Mineral de hierro,,,
11101602,Mineral de titanio,,,
11101603,Mineral de uranio,,,
11101604,Mineral de cobre,,,
11101605,Mineral de aluminio,,,
11101606,Mineral de níquel,,,
11101607,Mineral de plata,,,
11101608,Mineral de plomo,,,
11101609,Mineral de zinc,,,
11101610,Mineral de estaño,,,
11101611,Mineral de,,,
11101612,Mineral de cromo,,,
11101614,Mineral de,,,
11101615,Mineral de cobalto,,,
11101616,Mineral de oro,,,
11101617,Mineral de tántalo,,,
11101618,Mineral de platino,,,
11101619,Mineral de,,,
11101620,Mineral de torio,,,
11101621,"Mineral de cianita Turmalina de color azul o silicato natural de alúmina. Mineral de cianita,mineral,cianita Minerales metálicos Minerales, minerales",,,
11101622,Mineral de antimonio,,,
11101623,Mineral de zirconio,,,
11101701,Escoria o ceniza,,,
11101702,Grafito natural,,,
11101703,Titanio,,,
11101704,Acero,,,
11101705,Aluminio,,,
11101706,Níquel,,,
11101707,Magnesio,,,
11101708,Bismuto,,,
11101709,Antimonio,,,
11101710,Cadmio,,,
11101711,Aleación no ferrosa,,,
11101712,Aleación ferrosa,,,
11101713,Hierro,,,
11101714,Plomo,,,
11101715,Cobre,,,
11101716,Estaño,,,
11101717,Indio,,,
11101718,Paladio,,,
11101719,Zinc,,,
11101801,Oro,,,
11101802,Plata,,,
11101803,Platino,,,
11111501,Tierra Material desmenuzable de que principalmente se compone el,,,
11111502,Material de relleno,,,
11111503,Capa vegetal,,,
11111601,Yeso,,,
11111602,Travertino,,,
11111603,Alabastro,,,
11111604,Granito,,,
11111605,Mármol,,,
11111606,Pizarra,,,
11111607,Arenisca,,,
11111608,Caliza,,,
11111609,Basalto,,,
11111610,Piedra pómez,,,
11111611,Gravilla,,,
11111701,Arena de sílice,,,
11111801,Terracota,,,
11111802,Arcilla refractaria,,,
11111803,Caolín u otras,,,
11111804,Bentonita,,,
11111805,Andalucita La andalucita es un mineral de fórmula química Al2SiO5. Es,,,
11111806,Mullita,,,
11111807,Chamota,,,
11111808,Arcilla común,,,
11111809,Arcilla de bola,,,
11111810,Tierra de fuller,,,
11121502,Resina,,,
11121503,Laca,,,
11121603,Troncos,,,
11121604,Madera blanda,,,
11121605,Ratán,,,
11121606,Corcho,,,
11121607,Pulpa de madera,,,
11121608,Bambú,,,
11121609,Contrachapado,,,
11121610,Maderas duras,,,
11121611,Tablero de partículas,,,
11121612,Médula de madera,,,
11121701,Aserrín,,,
11121702,Astillas de madera,,,
11121703,Musgo de turba,,,
11121705,Corteza,,,
11121706,Composta de madera,,,
11121707,Viruta de madera,,,
11121708,Harina de madera,,,
11121709,Bálsamos,,,
11121710,"Brea de madera Es una sustancia bituminosa, grasa, oscura y de olor fuerte,",,,
11121801,Cáñamo,,,
11121802,Algodón,,,
11121803,Lino,,,
11121804,Yute,,,
11121805,Sisal,,,
11121806,"Fibra de coco Filamento extraído de la corteza del coco, concretamente del",,,
11121807,Fibras de abacá,,,
11121808,Ramio,,,
11121809,Paja,,,
11121810,Mijo común o ixtle o,,,
11121901,Raíz de regaliz,,,
11131501,Plumas,,,
11131502,Pieles,,,
11131503,Pelo animal Se llama pelo a la hebra o hilo delgado que sale por los poros,,,
11131504,Cueros,,,
11131505,Mohair sin procesar,,,
11131506,Lana sin procesar,,,
11131507,Gamuza,,,
11131508,Cuero de grano,,,
11131601,Marfil,,,
11131602,Semen,,,
11131603,Excreciones,,,
11131604,Huevas de pescado,,,
11131605,Huesos,,,
11131606,Cuernos de animales,,,
11131607,Embriones,,,
11131608,Artículos de concha,,,
11141601,Desecho o,,,
11141602,Desecho o,,,
11141603,Desechos de aceite Material que queda como inservible después de haber,,,
11141604,Desechos de papel,,,
11141609,Composición de,,,
11151501,Fibras de acetato,,,
11151502,Fibras de nylon Conjunto de filamentos o hebras de un material sintético,,,
11151503,Fibras de poliéster Las fibras de poliéster se obtienen por polimerización de,,,
11151504,Fibras de acrílico,,,
11151505,Fibras de viscosas,,,
11151506,Fibras de rayón,,,
11151507,Fibras de algodón,,,
11151508,Fibras de lana,,,
11151509,Fibras de seda,,,
11151510,Fibras vegetales,,,
11151511,Fibras de,,,
11151512,Fibras de vidrio La fibra de vidrio es un material que consta,,,
11151513,Fibras cerámicas,,,
11151514,Fibras de polímero,,,
11151515,Fibras de asbesto,,,
11151601,Hebra de algodón,,,
11151602,Hebra de seda,,,
11151603,Hebra de poliéster Son el producto de hilar las fibras de poliéster.,,,
11151604,Hebra de poliamida,,,
11151605,Hebra de,,,
11151606,Hebra de fibra de,,,
11151607,Hebra de grafito Trozo de hilo o fibra textil que se usa para coser de una,,,
11151608,Hebra de nylon,,,
11151609,Hebra de resina,,,
11151610,Hebra de caucho o,,,
11151611,"Hebra de spandex Hebra larga, muy larga y delgada de una fibra sintética muy",,,
11151612,Hebra de asbesto,,,
11151701,Hilado de lana,,,
11151702,"Hilado de algodón hebra larga, muy larga y delgada de",,,
11151703,"Hilado de poliéster hebra larga, muy larga y delgada de Hilo de poliéster, hebra de poliéster,filamento,",,,
11151704,Hilado de acrílico,,,
11151705,"Hilado de seda hebra larga, muy larga y delgada de Hilo de seda, hebra de seda,filamento,hebra,",,,
11151706,Hilado de ramie,,,
11151708,Hilado de pelo animal Hebra o hilo delgado que sale por los poros del cuerpo,,,
11151709,Hilado de sintético,,,
11151710,"Hilado de yute El tejido como producto textil es el resultado de tejer hilos,",,,
11151711,Hilado de fibra de,,,
11151712,"Hilado de papel El tejido como producto textil es el resultado de tejer hilos,",,,
11151713,"Hilado de cáñamo El tejido como producto textil es el resultado de tejer hilos,",,,
11151714,Hilado de vidrio La fibra de vidrio es un material que consta,,,
11151715,Hilado de lino,,,
11161501,Textiles de seda de,,,
11161502,Textiles de seda de,,,
11161503,Textiles de lana,,,
11161504,Textiles de tejido de,,,
11161601,Tejidos de lana en,,,
11161602,Tejidos de lana,,,
11161603,Tejidos de lana de,,,
11161604,Tejidos de lana de,,,
11161701,Textiles de algodón,,,
11161702,Textiles de algodón,,,
11161703,Tela de algodón,,,
11161704,Textiles de algodón,,,
11161705,Textiles de terciopelo,,,
11161801,Textil sintético de,,,
11161802,Textil sintético de,,,
11161803,Textil sintético de,,,
11161804,Textil sintético tejido,,,
11161805,Textil sintético de,,,
11162003,Tela de arpillera o,,,
11162101,Tela o textil de queso Tejido de estopilla es un textil hecho de un tejido diseñado de,,,
11162102,Tela o textil de,,,
11162104,Tela o textil de grafito,,,
11162105,Tela o textil de vidrio Material que consta de fibras numerosas y extremadamente,,,
11162107,Tela de resina,,,
11162108,Tela malla de,,,
11162109,Encaje,,,
11162110,Malla red,,,
11162111,"Malla La forma en que se anudan los hilos de una red. Malla,tejido,red,punto Tejidos o telas",,,
11162112,Telas revestidas,,,
11162113,Telas para tapicería,,,
11162114,Telas o cintas de,,,
11162115,Trenza elástica,,,
11162116,Tela de fique o,,,
11162117,"Tela de caucho  La tela resultante de tejer hilos, filamentos o fibras de",,,
11162118,Tela de hilado de,,,
11162119,Tela de calcado Es un textil traslucido por el cual se puede copiar un dibujo de,,,
11162120,Tela de cernido,,,
11162122,Tela de sujeción,,,
11162123,Tela de cinta Form de tejedura utilizada para todo tipo de cinta utilizada. Tejidos de cinta Tejidos o telas,,,
11162124,Tela de fieltro,,,
11162125,Tela de correas,,,
11162126,Tela acolchada,,,
11162127,Tela de camuflaje,,,
11162128,Tela de paracaídas,,,
11162129,"Tela marquisette Malla pura, ligera o tejido de red con un tejido de lino. Tela marquisette Tejidos o telas",,,
11162130,Tela dosel,,,
11162131,Tela para ribeteado,,,
11162201,Telas no tejidas,,,
11162202,Telas no tejidas,,,
11162301,Cuero de gamuza,,,
11162302,Cuero de cabra Pellejo de la cabra después de curtido y preparado para los,,,
11162303,Cuero de oveja Pellejo del cordero después de curtido y preparado para los,,,
11162304,Cuero acharolado,,,
11162305,Cuero de vaca Pellejo de la vaca después de curtido y preparado para los,,,
11162306,Cuero de cerdo Pellejo del cerdo después de curtido y preparado para los,,,
11162307,Cuero sintético o de,,,
11162308,Cuero de búfalo Pellejo De bufalo después de curtido y preparado para los,,,
11162309,Cuero de reptil Pellejo De bufalo después de curtido y preparado para los,,,
11162310,Cuero de caballo Pellejo del caballo después de curtido y preparado para los,,,
11162311,Cuero de becerro,,,
12131501,Dinamita,,,
12131502,Cartuchos explosivos,,,
12131503,Explosivos,,,
12131504,Cargas explosivas,,,
12131505,Explosivos plásticos,,,
12131506,Explosivos,,,
12131507,Explosivos de nitrato,,,
12131508,Explosivos de polvo,,,
12131601,"Fuegos artificiales Dispositivos que tienen efectos visuales, sonoros y fumígenos",,,
12131602,Señales de niebla,,,
12131603,Cohetes de lluvia,,,
12131604,Antorchas,,,
12131701,Estopines,,,
12131702,Detonadores,,,
12131703,Mechas explosivas Dispositivo integrado en un proyectil que inicia la detonación,,,
12131704,Iniciadores,,,
12131705,Fulminantes,,,
12131706,Fósforos,,,
12131707,Encendedores,,,
12131708,Caja detonadora,,,
12131801,Propelente en polvo,,,
12131802,Propelente sólido,,,
12131803,Propelente de pistola,,,
12131804,Propelente de alta,,,
12131805,Propelente en gel Son propulsores que ofrecen una mayor seguridad y la falta,,,
12131806,Propelente híbridos,,,
12141501,Berilio be,,,
12141502,Magnesio mg,,,
12141503,Calcio ca,,,
12141504,Estroncio sr,,,
12141505,Bario ba,,,
12141506,Radio ra,,,
12141601,Cerio ce,,,
12141602,Disprosio dy,,,
12141603,Erbio er,,,
12141604,Europio eu,,,
12141605,Gadolinio gd,,,
12141606,Holmio ho,,,
12141607,Lantano la,,,
12141608,Lutecio lu,,,
12141609,Neodimio nd,,,
12141610,Praseodimio pr,,,
12141611,Promecio pm,,,
12141612,Samario sm,,,
12141613,Escandio sc,,,
12141614,Terbio tb,,,
12141615,Tulio tm,,,
12141616,Iterbio yb,,,
12141617,Itrio y,,,
12141701,Actinio ac,,,
12141702,Aluminio al,,,
12141703,Americio am,,,
12141704,Antimonio sb,,,
12141705,Berkelio bk,,,
12141706,Bismuto bi,,,
12141707,Cadmio ca,,,
12141708,Californio cf,,,
12141709,Cromo cr,,,
12141710,Cobalto co,,,
12141711,Cobre cu,,,
12141712,Curio cm,,,
12141713,Einstenio es,,,
12141714,Fermio fm,,,
12141715,Galio ga,,,
12141716,Germanio ge,,,
12141717,Oro au,,,
12141718,Hafnio hf,,,
12141719,Indio in,,,
12141720,Iridio ir,,,
12141721,Hierro fe,,,
12141722,Lawrencio lr,,,
12141723,Plomo pb,,,
12141724,Manganeso mn,,,
12141725,Mendelevio md,,,
12141726,Mercurio hg,,,
12141727,Molibdeno mo,,,
12141728,Neptunio np,,,
12141729,Níquel ni,,,
12141730,Niobio nb,,,
12141731,Nobelio no,,,
12141732,Osmio os,,,
12141733,Paladio pd,,,
12141734,Platino pyt,,,
12141735,Plutonio pu,,,
12141736,Protactinio pa,,,
12141737,Renio re,,,
12141738,Rodio rh,,,
12141739,Rutenio ru,,,
12141740,Plata ag,,,
12141741,Tántalo ta,,,
12141742,Tecnecio te,,,
12141743,Talio tl,,,
12141744,Torio th,,,
12141745,Estaño sn,,,
12141746,Titanio ti,,,
12141747,Tungsteno w,,,
12141748,Uranio u,,,
12141749,Vanadio v,,,
12141750,Zinc zn,,,
12141751,Zirconio zr,,,
12141752,Bohrio bh,,,
12141753,Dubnio db,,,
12141754,Hassio hs,,,
12141755,Rutherfordio rf,,,
12141756,Seaborgio sg,,,
12141757,Ununnilium uum,,,
12141758,Unununium uuu,,,
12141759,Ununbium uub,,,
12141760,Polonio po,,,
12141801,Cesio cs,,,
12141802,Francio fm,,,
12141803,Litio li,,,
12141804,Potasio k,,,
12141805,Rubidio rb,,,
12141806,Sodio na,,,
12141901,Cloro cl,,,
12141902,Hidrógeno h,,,
12141903,Nitrógeno n,,,
12141904,Oxígeno o,,,
12141905,Flúor f,,,
12141906,Arsénico as,,,
12141907,Boro b,,,
12141908,Carbono c,,,
12141909,Fósforo p,,,
12141910,Selenio se,,,
12141911,Silicona si,,,
12141912,Azufre s,,,
12141913,Telurio te,,,
12141914,Astato at,,,
12141915,Bromo br,,,
12141916,Yodo i,,,
12142001,Gas xenón xe,,,
12142002,Gas radón rn,,,
12142003,Gas criptón kr,,,
12142004,Gas argón ar,,,
12142005,Gas helio he,,,
12142006,Gas neón ne,,,
12142101,Gases compuestos,,,
12142102,Gases compuestos,,,
12142103,Amoniaco,,,
12142104,Gas dióxido de,,,
12142105,Aire industrial Son las mezclas de gases que se utiliza en el area industrial. Aire industrial Gases naturales y,,,
12142106,Mezclas de gas inerte,,,
12142201,Disolvente deuterado,,,
12142202,Agua pesada,,,
12142203,"Fuentes alfa Emisor de núcleos completamente ionizados, es decir, sin su",,,
12142204,Fuentes beta,,,
12142205,Fuentes de cobalto,,,
12142206,Fuentes gamma,,,
12142207,Fuentes radio –,,,
12142208,Fuentes de,,,
12161501,Etiquetas de afinidad,,,
12161502,Agentes de,,,
12161503,Kits de reactivos,,,
12161504,Reactivos sulfhidrilo,,,
12161505,Agentes de,,,
12161506,Agentes de desvío,,,
12161507,Reactivo cupferrón,,,
12161601,Catalizadores ácidos,,,
12161602,Catalizadores de,,,
12161603,Catalizadores a la,,,
12161604,Catalizadores de,,,
12161701,Mezclas de anfólito,,,
12161703,Otras soluciones,,,
12161704,Soluciones,,,
12161705,Soluciones,,,
12161801,Geles,,,
12161802,Suspensiones En química se refiere a mezclas heterogéneas formadas por,,,
12161803,Aerosoles,,,
12161804,Emulsiones,,,
12161805,Agentes gelificantes,,,
12161806,Agentes gelificantes,,,
12161807,Estabilizadores de gel Son geles que se utilizan con la finalidad de mantener un,,,
12161808,Agentes de,,,
12161901,Agentes anti –,,,
12161902,Surfactantes,,,
12161903,Agentes de espuma,,,
12161904,Agentes de,,,
12161905,Enjuagues Son equipos que utilizan la presión de agua para su finalidad,,,
12161906,Agentes de,,,
12161907,Aditivos de,,,
12162002,Poliméricos,,,
12162003,Aceites agrícolas,,,
12162004,Sulfonamidas,,,
12162005,Glutaratos,,,
12162101,Retardantes,,,
12162201,Ácido ascórbico,,,
12162202,Beta caroteno,,,
12162203,Butilhidroxianisol,,,
12162204,Butilado,,,
12162205,Citrato de calcio,,,
12162206,Cantaxantina,,,
12162207,Melatonina,,,
12162209,Galato de propilo,,,
12162210,Silibinina,,,
12162211,Dióxido de azufre,,,
12162212,Ubicquinona o,,,
12162302,Aceleradores de,,,
12162303,Retardantes de,,,
12162401,Rompedores de,,,
12162402,Rompedores de,,,
12162503,Ayudas de flotación,,,
12162601,Estabilizadores de,,,
12162602,Estabilizadores de,,,
12162801,Reductores de,,,
12162802,Reductores de,,,
12163001,Agentes de limpieza,,,
12163101,"Aditivos anti – lodos Son tensioactivos que eliman el problema de saca-arena Aditivos Anti saca-arena,Aditivos Anti",,,
12163201,Aditivos de,,,
12163401,Extensores de,,,
12163501,Sellantes de cemento,,,
12163701,Controladores de,,,
12163801,Eliminadores de,,,
12163802,Eliminadores de,,,
12163901,Inhibidores de,,,
12164001,Microbicidas,,,
12164101,Aditivos in situ Elementos químicos que modifican características de metales,,,
12164102,Aditivos ácidos Elementos químicos ácidos que modifican características de,,,
12164201,Inhibidores anti –,,,
12164301,Aditivos de control,,,
12164401,Aditivos no,,,
12164501,Preservativos de,,,
12164502,sabores o extractos,,,
12164503,Aditivos de fragancia Son elementos químicos que se le agregan a las fragancias. Aditivos de fragancias Aditivos de alimentos y,,,
12164504,Endulzantes,,,
12171501,Colorantes,,,
12171502,Colorantes ftaleínicos,,,
12171503,Colorantes rosanilina Tipo de tinción diferencial empleado en Bacteriología para la,,,
12171505,Lacado Sustancia que añadida a otro elemento sirve para darles color,,,
12171506,Colorantes naturales,,,
12171602,Óxidos metálicos,,,
12171603,Negro carbono,,,
12171604,Dióxido de titanio,,,
12171605,Pigmentos orgánicos,,,
12171701,Concentrado de,,,
12171702,Dispersiones de,,,
12171703,Tintas,,,
12181501,Ceras sintéticas,,,
12181502,Ceras naturales,,,
12181503,Parafinas,,,
12181504,Petrolatos Es una mezcla semisólida de hidrocarburos que se puede,,,
12181601,Aceites sintéticos,,,
12181602,Aceites naturales,,,
12191501,Disolventes,,,
12191502,Disolventes alifáticos,,,
12191504,Alcanos cíclicos,,,
12191601,Solventes de alcohol,,,
12191602,Solventes activos,,,
12352001,Alcanos,,,
12352002,Alquenos Son hidrocarburos insaturados que tienen uno o varios,,,
12352003,Alquinos,,,
12352103,Compuestos órgano,,,
12352104,Alcoholes o sus,,,
12352105,Alcoholes tio,,,
12352106,Ácidos orgánicos o,,,
12352107,Sales orgánicas o sus,,,
12352108,Esteres o sus,,,
12352111,Amidas o imidas Es un compuesto orgánico que consiste en unaamina unida a,,,
12352112,Esteres o sus,,,
12352113,Tioéteres,,,
12352114,Aldehídos o sus,,,
12352115,Cetonas o quinonas,,,
12352116,Amines o imines o,,,
12352117,Cianuros o,,,
12352119,Óxidos orgánicos Compuesto binario que contiene uno o varios átomos de,,,
12352120,Peróxidos orgánicos,,,
12352121,Hidróxidos orgánicos,,,
12352123,Ureidos o purinas o,,,
12352124,Azo compuestos o,,,
12352125,"Azidas o azinas  Las azinas se forman por reacción de aldehídos con hidrazina. Azidas o azinas,Azida o azina Derivados orgánicos y",,,
12352126,Oximas,,,
12352128,Fosfinas,,,
12352129,Amidinas o imidinas,,,
12352130,Intermedios de,,,
12352201,Carbohidratos o sus,,,
12352202,Proteínas,,,
12352203,Anticuerpos,,,
12352204,Enzimas,,,
12352205,Nutrientes,,,
12352206,Tejidos,,,
12352207,Cultivos y fluidos Son muestras de composiciones químicas de seres vivos. Cultivos y fluidos Productos bioquímicos Compuestos y,,,
12352208,Ácido nucleico,,,
12352209,Aminoácidos o sus,,,
12352210,Alcaloides,,,
12352211,Grasas o lípidos,,,
12352212,Terpenoides,,,
12352301,Ácidos inorgánicos,,,
12352302,Sales metálicas,,,
12352303,Óxidos inorgánicos,,,
12352304,Peróxidos,,,
12352305,Hidróxidos,,,
12352306,Hídridos inorgánicos,,,
12352307,Halidos ácidos o sus,,,
12352308,Silicatos,,,
12352309,Sílice,,,
12352310,Siliconas,,,
12352312,Permanganato de,,,
12352401,Mezclas químicas,,,
12352402,Mezclas químicas,,,
12352501,Formaldehidos,,,
12352502,Glutarales,,,
12352503,Taninos,,,
13101501,Caucho látex,,,
13101502,Caucho crepe,,,
13101503,Caucho hoja,,,
13101504,Caucho espuma,,,
13101505,Caucho bloque o,,,
13101601,Caucho vulcanizado,,,
13101602,Caucho clorado,,,
13101603,Caucho clorhidrato,,,
13101604,Caucho ciclizado,,,
13101605,Caucho isomerizado,,,
13101606,Caucho,,,
13101607,Compuesto de,,,
13101701,Butadieno,,,
13101702,Nitrilo altamente,,,
13101703,Fluorocarbono fcm,,,
13101704,Propileno etileno epe,,,
13101705,Butadieno estireno,,,
13101706,Clorpreno cr,,,
13101707,Isopreno isobutileno,,,
13101708,Silicona vmq y pmq y,,,
13101709,Fluorosilicona fvmq,,,
13101710,Poliacrilato acm,,,
13101711,Etileno acrílico aem,,,
13101712,Polietileno,,,
13101713,Cloropolietileno cm,,,
13101714,"Epicloridrina Compuesto tóxico, con probable actividad carcinógena Epiclorohidrina (ECO),oxirano derivado del 3-",,,
13101715,Polisopreno natural,,,
13101716,Polisopreno sintético,,,
13101717,Poliéster uretano au,,,
13101718,Poliéster uretano eu,,,
13101719,Polibutadieno br Es un elastómero o caucho sintético que se obtiene mediante,,,
13101720,Poli éter bloque,,,
13101721,Estireno bloque,,,
13101722,Copoliester,,,
13101723,Termoplástico,,,
13101724,Poliolefínico,,,
13101902,Fenólico pf,,,
13101903,Poliéster no,,,
13101904,Urea uf,,,
13101905,Melamina mf,,,
13101906,Poliuretano,,,
13102003,Polímero acetal,,,
13102005,Acrilonitrilo estireno,,,
13102008,Fluoropolímeros ptfe,,,
13102009,Etileno vinil acetato,,,
13102010,Polímero cristal,,,
13102011,Nylons poliamida pa,,,
13102012,Polibutileno,,,
13102013,Policarbonato pc,,,
13102014,Polietereterquetona,,,
13102015,Polieterimida (PEI),,,
13102016,Polietersulfona pes,,,
13102017,Polietileno de baja,,,
13102018,Polietileno de alta,,,
13102019,Polietileno de media,,,
13102020,Polietileno,,,
13102021,Polimida pi,,,
13102022,Polipropileno pp,,,
13102023,Poliftalamida (PPA),,,
13102024,Óxido de,,,
13102025,Sulfuro de,,,
13102026,Poliestireno (icopor),,,
13102027,Poliestireno de alto,,,
13102028,Polisulfona psu,,,
13102030,Cloruro de polivinilo,,,
13102031,Éter de polifenilene,,,
13111001,Epoxi,,,
13111002,Resina fenólica,,,
13111003,Resina polester no,,,
13111005,Resina acrílica,,,
13111007,Resina,,,
13111008,Resina acetato vinilo,,,
13111009,Resina polímero,,,
13111010,Nylon,,,
13111011,Tetralftalato,,,
13111012,Resina de,,,
13111013,Resina,,,
13111014,Resina polieterimida,,,
13111015,Resina,,,
13111016,Polietileno,,,
13111017,Resina terftalato,,,
13111018,Resina polimida,,,
13111019,Resina polipropileno,,,
13111020,Resina poliftalamida,,,
13111021,Óxido de polietileno,,,
13111022,Resina sulfuro de,,,
13111023,Resina de,,,
13111024,Resina de polisulfona,,,
13111025,Resina de cloruro de,,,
13111027,Formaldehído de,,,
13111028,Alquido,,,
13111029,Formaldehído de,,,
13111030,Poliacetal,,,
13111031,Poliamida,,,
13111032,Grupo alilo,,,
13111033,Ácido acrílico de,,,
13111034,Compuesto cloruro,,,
13111035,Solución de vinilo,,,
13111036,Fenoxi Sustancias químicas relacionadas con el ácido indolacético,,,
13111037,Resina compuesta,,,
13111038,Pirolidina polivinilo,,,
13111040,Fijador de,,,
13111041,Mezclas de,,,
13111042,Alcohol polivinilo,,,
13111043,Butiral polivinilo,,,
13111044,Compuesto de,,,
13111045,Acetato de polivinilo,,,
13111046,Éter de polivinilo,,,
13111047,Polivinilo formal,,,
13111048,Acrílico de estireno,,,
13111049,Polímeros de,,,
13111050,Óxido de,,,
13111051,"Éter de polipropileno Presenta alta rigidez, resistencia al impacto, resistencia al",,,
13111052,Sulfona de,,,
13111053,"Polimetilacrilato Es un polímero de acrilato sintético hidrófobo. Es dura,",,,
13111054,Anhídrido maléico,,,
13111055,Poliestireno,,,
13111056,Cloruro de polivinilo,,,
13111057,Poliéster,,,
13111058,Resinas de indeno,,,
13111059,Resinas plásticas,,,
13111060,Resinas de petróleo,,,
13111061,Resinas de,,,
13111062,Resinas de polieter,,,
13111063,Resinas recicladas,,,
13111064,Resinas acrílicas,,,
13111065,Resinas celulosas,,,
13111066,Resinas de,,,
13111101,Rosina de madera,,,
13111102,Rosina de goma,,,
13111103,Rosina aceite de pino,,,
13111201,Películas de,,,
13111202,Películas de,,,
13111203,Películas de acetato Producto que se utiliza en la fotografía como material de base,,,
13111204,Películas de acrílico,,,
13111205,Películas coextruídas,,,
13111206,Películas de,,,
13111207,Películas metalizadas,,,
13111208,Películas de nylon,,,
13111209,Películas de,,,
13111210,Películas de poliéster,,,
13111211,Películas de,,,
13111212,Polipropileno,,,
13111213,Películas de,,,
13111214,Películas de,,,
13111215,Películas de cloruro,,,
13111216,Películas de cloruro,,,
13111217,Películas de alcohol,,,
13111218,Películas de cloruro,,,
13111219,Películas de alcohol,,,
13111301,Espumas de,,,
13111302,Espumas de poli éter,,,
13111303,Espumas de silicona,,,
13111305,Espumas de,,,
13111306,Espumas de cloruro,,,
13111307,Espumas de caucho,,,
13111308,Espumas de,,,
14101501,Pulpa de papel,,,
14111501,Papel cebolla,,,
14111502,Papel vitela,,,
14111503,Papel pergamino,,,
14111504,Papel en formas,,,
14111505,Papel mimeógrafo Es el papel que tiene como finalidad principal disponer de un,,,
14111508,Papel para fax,,,
14111509,Papel membreteado Elementos fabricados con papel.,,,
14111510,Papel para plotter Es el papel que tiene como finalidad principal ser utilizado,,,
14111511,Papel de escritura,,,
14111512,Papel para gráficos,,,
14111513,Papel de libro Pliego o papel en que está escrita alguna razón compuesta de,,,
14111514,Blocs o cuadernos,,,
14111516,Repuestos de papel,,,
14111518,Tarjetas de índice,,,
14111519,Papeles cartulina,,,
14111520,Papel secante,,,
14111523,Papel calcante,,,
14111524,Papel folio,,,
14111525,Papel multipropósito,,,
14111527,Papel autocopiante,,,
14111528,Papel magnético,,,
14111529,Rollos de télex Es el papel en rollo que tiene como finalidad principal,,,
14111530,Papel de notas,,,
14111531,Libro récord,,,
14111532,Papel kits de papeles,,,
14111535,Papeles para,,,
14111536,Tarjetas de préstamo,,,
14111537,Etiquetas de papel,,,
14111601,Papel o bolsas o,,,
14111604,Tarjetas de,,,
14111605,"Tarjetas postales, de",,,
14111606,Papel para artes o,,,
14111607,Tableros para afiches,,,
14111608,Certificados de regalo,,,
14111609,Papel de cubierta Es un tipo de de papel para cubrir un objeto parcial o,,,
14111610,Papel de,,,
14111611,Tarjetas de invitación,,,
14111613,Papel de pancartas Es un tipo de papel que se utiliza para imprimirle mensajes,,,
14111614,Papel o tejidos de,,,
14111615,Papeles de afiche,,,
14111616,Papeles para forrar,,,
14111701,Pañuelos faciales,,,
14111702,Cubiertos de,,,
14111703,"Toallas de papel Tipo de papel que se utiliza en labores de secado y limpieza,",,,
14111704,Papel higiénico,,,
14111705,Servilletas de papel,,,
14111706,Manteles de papel,,,
14111801,Boletas o rollos de,,,
14111802,Recibos o libros de,,,
14111803,Comprobantes,,,
14111804,Facturas o libros de,,,
14111805,Cheques o chequeras,,,
14111807,Libros comerciales,,,
14111810,Formatos o libros de,,,
14111811,Formatos o libros de,,,
14111812,Formatos o libros de,,,
14111813,Formatos o libros de,,,
14111814,Formatos o libros de,,,
14111815,Tarjetas de,,,
14111818,Papel térmico,,,
14121501,Cartón blanqueado,,,
14121502,Cartón no,,,
14121503,Cartón,,,
14121504,Papel de empaque Papel que utilizado principalmente para realizar el,,,
14121505,Material de fibra,,,
14121601,Papel crepé sin,,,
14121602,Papel crepé semi,,,
14121604,Pañuelos de papel,,,
14121605,Pañuelos de papel,,,
14121701,Papeles adheridos,,,
14121703,Hojas de papel,,,
14121801,Papeles recubiertos,,,
14121802,Papeles recubiertos,,,
14121803,Papeles recubiertos,,,
14121804,Papeles recubiertos,,,
14121805,Papeles recubiertos,,,
14121806,Papel de parafinado Es el papel que está hecho a prueba de humedad a través de,,,
14121807,Papel mantequilla,,,
14121808,Papel para,,,
14121809,Papel de enmascarar,,,
14121810,Papel carbón,,,
14121811,Papeles de copiado,,,
14121812,Papel de fotografía,,,
14121901,Papel periódico,,,
14121902,Papel periódico de,,,
14121903,Papel periódico de,,,
14121904,Papel offset,,,
14121905,Papeles tímpano,,,
14122101,Papel kraft súper,,,
14122103,Papel no recubierto,,,
14122104,Papel crepé no,,,
14122105,Papel crepé tratado,,,
14122106,Papel no recubierto,,,
15101502,Kerosene,,,
15101503,Nafta,,,
15101504,Combustible de,,,
15101505,Combustible diesel,,,
15101506,Gasolina,,,
15101507,Benceno,,,
15101508,Petróleo crudo,,,
15101509,Combustible,,,
15101510,Condensado,,,
15101601,Carbón sub –,,,
15101602,Lignito,,,
15101603,Turba,,,
15101604,Coque,,,
15101605,Carbón de leña o,,,
15101606,Combustibles de,,,
15101607,Hexaminas,,,
15101608,Trioxanos,,,
15101701,Fuel oil de,,,
15101702,Fuel oils pesados,,,
15111501,Propano,,,
15111502,Metano,,,
15111503,Propileno,,,
15111504,Etileno,,,
15111505,Butano,,,
15111506,"Acetileno Es un gas, altamente inflamable, un poco más ligero que",,,
15111507,Gas de agua o gas,,,
15111508,Gas de carbón,,,
15111509,Gas metilacetileno,,,
15111510,Gas licuado de,,,
15111701,Espesantes de,,,
15121501,Aceite motor,,,
15121502,Aceite de corte,,,
15121503,Aceite de engranajes,,,
15121504,Aceite hidráulico,,,
15121508,Aceite de transmisión,,,
15121509,Aceite de frenos,,,
15121510,Anti – excoriación,,,
15121511,Pastas de ensamble,,,
15121512,Anti adhesivos Líquidos diseñados para reducir la adhesión entres,,,
15121513,Lubricantes de,,,
15121514,Lubricantes espray,,,
15121516,Eliminador de fugas,,,
15121517,Jabones lubricantes Se utilizan como espesantes de grasas lubricantes. Jabones lubricantes Preparados lubricantes,,,
15121518,Fluidos de,,,
15121519,Aceites de,,,
15121520,Lubricantes de,,,
15121522,Aceites para,,,
15121523,Fluidos para,,,
15121524,Aceites de templado Líquido utilizado para realizar el templado de ciertos,,,
15121525,Aceite atemperante Líquido utilizado para realizar el enfriamiento de ciertos,,,
15121527,Aceite de turbina,,,
15121801,Repelente de,,,
15121802,Lubricante anti –,,,
15121803,Removedor de óxido,,,
15121804,Preparación contra,,,
15121805,Pastas anti – soldado Sustancia que se utiliza para proteger superficies o cosas para,,,
15121806,Aceites penetrantes,,,
15121901,Grasa de silicona,,,
15121902,Grasa,,,
15121903,Grasa fluoropolímero,,,
15121904,Grasa de lana,,,
20111603,Martillos,,,
20111604,Taladro sobre orugas Broca de perforación de los martillos de mano utilizados en,,,
20111606,Vibradores,,,
20111607,Maquinaria para,,,
20111608,Martillos de poder,,,
20111609,Taladro de platina,,,
20111611,Taladros giratorios,,,
20111612,Taladros de,,,
20111613,Taladros de barreno,,,
20111614,Brocas industriales Utilizada para la perforación de pozos petrolíferos y sondeos. Brocas para perforadoras industriales,,,
20111615,Perforadora de,,,
20111616,Torre de perforación,,,
20111617,Carros de,,,
20111618,Caña de pecar de,,,
20111619,Cono de perforación,,,
20111702,Tapones o anclajes,,,
20111703,Recubrimientos de,,,
20111704,Pantallas de,,,
20111705,Puntos de pozo,,,
20111706,Cuñas de perforación,,,
20111708,Columnas de,,,
21101501,Arados,,,
21101502,Pulverizadores,,,
21101503,Cultivadoras,,,
21101504,Desmalezadoras Son herramientas con extremo en forma de pala; es de metal,,,
21101505,Máquinas,,,
21101507,Rodillos agrícolas,,,
21101508,Rodillos para prados,,,
21101509,Máquina para,,,
21101510,Cañerías o tuberías,,,
21101511,"Chorros de riego Dispositivos utilizados para el sistema de riego gota a gota. Chorros de riego,Caño de riego,Surtidero de",,,
21101512,Gastos generales de,,,
21101513,"Discos Dispositivo utilizado para la preparación de suelos. Discos,caja para cultivo,cubeta de cultivo",,,
21101514,Arados de subsuelo,,,
21101516,Sembradoras Herramienta pequeña de hierro utilizada para poner o meter,,,
21101601,Plantadoras,,,
21101602,Transplantadoras,,,
21101603,Sembradoras de,,,
21101604,Sembradoras de,,,
21101606,Excavadoras de,,,
21101607,Remolque de,,,
21101701,Cortadoras de pasto Es una máquina agrícola que se usa exclusivamente para,,,
21101702,Máquina segadora,,,
21101703,Cosechadoras Se denomina cosechadora a una máquina dedicada a realizar,,,
21101704,Cosechadoras,,,
21101705,Trilladoras,,,
21101706,Separadores de,,,
21101708,Piezas de segadora o,,,
21101801,Rociadores,,,
21101802,Guarda polvos,,,
21101803,Aspersores de agua,,,
21101805,Generadores de,,,
21101806,Compostadores,,,
21101807,Equipo y suministros,,,
21101901,Ordeñadoras Aparato que permite realizar el ordeño mecánico de los,,,
21101902,Equipo para cría de,,,
21101904,Mezcladoras de,,,
21101907,Máquinas para,,,
21102005,Molino para,,,
21102006,Molinos de martillo,,,
21102101,Máquinas agrícolas,,,
21102201,Descortezadoras,,,
21102202,Equipo de,,,
21102203,Equipo de,,,
21102204,Sierras para,,,
21102205,Deslizadores,,,
21102206,Barrenos para,,,
21102207,Hipsómetro para,,,
21102301,Equipo de riego para,,,
21102302,Materas para,,,
21102304,Equipo aislante para,,,
21102401,Equipo para,,,
21102402,Equipo para gusanos,,,
21102403,Equipo para la cría,,,
21102404,Equipo para la cría,,,
21111501,Anzuelos para pesca,,,
21111502,Carretes para pesca,,,
21111503,Aparejos para pesca,,,
21111504,Redes para pesca,,,
21111506,Flotadores para,,,
21111507,Plomos o pesos,,,
21111508,Transportadores de,,,
21111601,Equipo para,,,
21111602,Suministros para,,,
22101501,Cargadores frontales,,,
22101502,Niveladoras,,,
22101504,Piloteadoras,,,
22101505,Aplanadoras,,,
22101507,Bateadoras,,,
22101508,Máquinas para abrir,,,
22101509,Retroexcavadoras,,,
22101511,Compactadores,,,
22101513,Dragalíneas Son grúas giratoria compuesta por dos palas unidas entre si,,,
22101514,Dragas,,,
22101516,Excavadoras de fosos,,,
22101518,Raspadores,,,
22101521,Rastrilladora,,,
22101522,Buldóceres de orugas Es un vehículo especial autopropulsado que se utiliza para,,,
22101523,"Buldóceres de ruedas Máquina autopropulsada sobre ruedas o cadenas,",,,
22101524,Excavadoras móviles Son maquinas usadas en la construcción para el movimiento,,,
22101525,Excavadoras de,,,
22101526,Excavadoras de,,,
22101527,Transportes,,,
22101528,Cargadores de,,,
22101529,Cargadores sobre,,,
22101530,Raspadores abiertos,,,
22101531,Cañones para quitar,,,
22101532,Cargadores de,,,
22101533,Arrancadoras de,,,
22101534,Excavadoras de,,,
22101602,Equipo de,,,
22101603,Ensanchadores de,,,
22101604,Placas vibradoras Máquina portatil para la compactacion de terreno,,,
22101605,Acabadoras de,,,
22101606,Esparcidoras de,,,
22101607,Pavimentadoras,,,
22101608,"Aplanadoras en frío Máquina utilizada luego de aplicar el asfalto con la acabadora,",,,
22101610,Distribuidoras de,,,
22101611,Distribuidoras de,,,
22101612,Escarificadoras de,,,
22101615,Trituradoras de,,,
22101616,Máquinas para hacer,,,
22101617,Máquinas de relleno,,,
22101619,Máquinas pulidoras Máquina diseñada para desarrollar trabajos de preparación,,,
22101701,Palas excavadoras,,,
22101703,Cuchillas o dientes u,,,
22101704,Escarificadores Es una herramienta agrícola que tiene dientes análogos a los,,,
22101705,Orugas: eslabones o,,,
22101706,Cucharas de pala Accesorios para pala mecánica que sirve para transportar,,,
22101707,"Cables de retención Cables diseñados para asegurar los pasadores de bolas componentes de equipo pesado,cables de",,,
22101708,Extractores Herramienta que se usa para romper suelo duro y hielo en la,,,
22101709,Cucharones bivalvos Es un accesorios que se coloca en las grúas de excavaciones,,,
22101710,Remolques,,,
22101717,Vertederas de,,,
22101718,Sistemas de control,,,
22101720,Zapatas perfiladoras,,,
22101801,Manlift o elevador de,,,
22101802,Elevador de,,,
22101803,Elevador de boom,,,
22101804,Elevador de boom,,,
22101901,Mezcladoras o,,,
22101903,Mezcladoras de,,,
22101904,Máquinas de curado,,,
22101905,Distribuidoras de,,,
22101906,Equipo de,,,
22101907,Puntales de zanja,,,
22102001,Kits de equipo de,,,
23101501,Caladoras,,,
23101502,Taladros,,,
23101503,Brochadoras,,,
23101504,Máquinas dobladoras Son maquinas que se emplean para moldear un material por,,,
23101505,Maquinas abre,,,
23101506,Esmeriladoras,,,
23101507,Troqueladoras Máquina que se usa para dar forma a una materia en un,,,
23101508,Cortadoras Máquina que se usa para dividir una cosa o separar sus,,,
23101509,Lijadoras Máquina que se usa para alisar o dar tersura y lustre a una,,,
23101510,Pulidoras Máquina que se usa para alisar o dar tersura y lustre a una,,,
23101511,Máquinas para,,,
23101512,Sierras mecánicas,,,
23101513,Fresadoras,,,
23101514,Cepilladoras,,,
23101515,Máquinas para,,,
23101517,Máquinas de,,,
23101519,Robots,,,
23101520,Máquinas Ram de,,,
23101522,Rompevirutas Herramienta que regula y mejora el corte de la viruta y,,,
23121501,Maquinaria para,,,
23121502,Maquinaria para,,,
23121503,Devanadoras o,,,
23121504,Máquinas de Torción Piezas principal de las maquinas de cocer donde se almacena,,,
23121505,Máquina para pegar,,,
23121506,Tejedoras Maquinas para hacer tipos de puntos de costura.,,,
23121507,Urdidoras,,,
23121508,Máquinas de,,,
23121509,Husos,,,
23121510,Máquinas para hacer,,,
23121601,Máquinas para,,,
23121602,Máquinas para coser,,,
23121603,Máquinas de hacer,,,
23121604,Máquinas cortadoras,,,
23121605,Máquinas para,,,
23121607,Máquinas,,,
23121608,Máquinas para,,,
23121610,"Máquinas para teñir Equipo utilizado para dar a algo color distinto del que tenía. Máquinas de tinte,máquina de",,,
23121611,Máquinas cortadoras,,,
23121612,Agujas para máquina,,,
23121613,Máquinas para,,,
23121614,Máquinas de coser,,,
23121615,Mesas para cortar,,,
23131501,Compuestos,,,
23131502,Ruedas de fieltro Rueda de fieltro para pulir. Ruedas de fieltro,,,
23131503,Ruedas de,,,
23131504,Compuestos para,,,
23131505,"Cabezas de pulir Puntas para dremel para pulir, Cabezas de pulir,cabeza para dar brillo",,,
23131506,Ruedas para pulir Herramientas circular utilizadas para dar terminación liza o,,,
23131507,Tela para lijar Es un tipo de tela que tiene adherido a su superficie algún,,,
23131508,Tambores para lijar Herramienta para dremel para pulir. Tambores para lijar,,,
23131509,Cilindros o,,,
23131510,Suministros o,,,
23131511,Pivotes de agua Herramienta de lubricación. Cabezales de inyección,,,
23131512,Bandejas de agua Un tipo de embalaje donde se retiene el agua. Bandejas de agua,,,
23131513,Bloques para lijar,,,
23131514,Piedras montadas Herramientas utilizadas por los dremel para pulimento de,,,
23131515,Rectificadora de,,,
23131602,Máquinas para hacer,,,
23131603,Pulidoras para hacer,,,
23131604,Sierras para hacer,,,
23131701,Accesorios para,,,
23131702,Cinturones para,,,
23131703,Discos para hacer,,,
23131704,Máquinas para hacer,,,
23151501,Máquinas de moldeo,,,
23151502,Máquinas,,,
23151503,Extrusoras,,,
23151504,Máquinas de moldeo,,,
23151506,Prensas de caucho o,,,
23151507,Máquinas termo,,,
23151508,Máquinas para,,,
23151509,Vulcanizadoras,,,
23151510,Maquinaria para,,,
23151511,Maquinaria para,,,
23151512,Molinos de caucho o,,,
23151513,Moldes de extrusión,,,
23151514,Moldes de inyección,,,
23151515,Moldes de,,,
23151516,Pasadores del,,,
23151601,Sopladores o,,,
23151602,Trituradoras,,,
23151604,Esmeriladoras p,,,
23151607,Prensas,,,
23151608,Tamices,,,
23151701,Máquinas para pulir,,,
23151702,Equipo de medición,,,
23151703,Equipo de,,,
23151704,Equipos de ensayo,,,
23151705,Equipo para recubrir,,,
23151801,Equipo para llenado,,,
23151803,Máquinas,,,
23151806,Filtros o ultrafiltros,,,
23151808,Granuladores,,,
23151812,Contadores de,,,
23151813,Máquinas de hacer,,,
23151816,Columnas de,,,
23151817,Medios de,,,
23151818,Dispositivos de,,,
23151820,Manómetro,,,
23151821,Adaptador de,,,
23151823,Radiofármaco de,,,
23151901,"Cortadores Maquinas utilizadas en el corte de papel, cartón. Cortadores,máquina cortadora",,,
23151902,Rajadores Cuchillo especial de hoja curva media luna y dos puños. Tajaderas,,,
23151903,Máquinas de lavado,,,
23151904,"Rebobinadoras Maquinas especializadas para el llenado de conos, papel, hilo",,,
23151905,Máquinas para hacer,,,
23151906,Calandrias para,,,
23152001,Tratadores de corona,,,
23152002,Tratadores por llama Un tratador es un dispositivo que combina distintos equipos,,,
23152201,Mesas rotatorias,,,
23152202,Bancos de apilado Base para mesa de trabajo Pedestal para montones Mesa y estantes para,,,
23152204,Resguardo de la,,,
23152205,Mesas de sierra de,,,
23152206,Protección de barrera,,,
23152901,Maquinaria de,,,
23152903,Empacadora al vacío Herramienta para dremel para cubrir un objeto por todas su,,,
23152904,Tolvas para empacar Lugar donde se empacara una mercancía. Depósitos de empaquetamiento Maquinaria,,,
23152905,Máquinas para el,,,
23152906,Maquinas para,,,
23153001,"Plantilla de medición Herramienta o maquina para medir gradualmente Utensilio de calibración,utensilio para calibrar",,,
23153002,"Plantilla de guía Herramientas usadas para nivelar una área. Utensilio de guía,artefacto de guía",,,
23153003,"Plantilla maestro Herramientas o maquinas usadas para nivelar una área. Utensilio maestro,artefacto maestro",,,
23153004,Plantilla de aguja Utensilio de acero consistente en una varilla fina y larga con,,,
23153005,Plantilla de eje Parte integral mecanizadas que funciona soporte de piezas,,,
23153006,"Plantilla de chequeo Herramientas para hacer pruebas de ensayos Utensilio de comprobación,artefacto de",,,
23153007,Plantilla de,,,
23153008,Plantilla de cámara Accesorios o herramientas empleados para el,,,
23153009,"Plantilla de captación Instrumentos empleados para la captación de un medio. Utensilio de captación,artefacto de captación",,,
23153010,Plantilla de,,,
23153011,"Plantilla de boquilla Herramientas utilizadas en la fabricación de boquillas Utensilio de boquilla,artefacto de boquilla",,,
23153012,Plantilla de,,,
23153013,"Plantilla de centrado Herramientas o instrumento de centralización. Utensilio de centrado,artefacto de centrado",,,
23153014,Plantilla de,,,
23153015,Plantilla de,,,
23153016,Plantilla de embrague,,,
23153017,"Plantilla de alineación Herramientas empleadas para la alineación. Utensilio de alineamiento,artefacto de",,,
23153018,Plantilla de,,,
23153019,Placa elevadora Es una maquina que se utiliza para subir y bajar de un piso a,,,
23153020,"Guía de cinta Piezas que en la maquina va dirigiendo los movimientos. Guía de cinta,conducción de cinta",,,
23153021,Mordaza de,,,
23153022,Alimentador,,,
23153023,Arnés del,,,
23153024,Mordaza de,,,
23153025,Agarrador mecánico,,,
23153026,"Mordaza de soporte Prensa para soporte Mordaza de soporte, bozal de soporte,censura",,,
23153027,"Conjunto de mordaza Conjunto de abrazadera mecánicas. Conjunto de mordaza,conjunto de",,,
23153028,Mordaza estacionaria,,,
23153029,"Bloque de plantilla Son bloques organizadores de utensilios Bloque de utensilio,bloque de artefacto",,,
23153030,Guías de,,,
23153031,Plantillas de,,,
23153032,"Plantilla de anillo Herramientas de anillos de retención. Utensilios de anillo,artefacto de anillo",,,
23153033,Placa de garganta Placa de metal que se coloca en las entradas de las puertas de,,,
23153034,Rieles de máquina Rieles de metales que se en parejas para darles movilidad a,,,
23153035,"Placa Instrumento de identidad para las personas protectoras. Placas de guarda,chapa de guarda,lámina de",,,
23153036,"Placas de cerrojo Placas o base de metal del cerrojo. Placas de cerrojo,chapa de cerrojo,lámina de",,,
23153037,Conjunto de rodillos,,,
23153101,Tope de paso Parte integral mecanizada que funciona como regulador en,,,
23153102,"Limitador de papel Regulador o limitador de papel Limitador de papel,controlador de papel",,,
23153103,Almohadilla de topa Dispositivo que regula y monitorea los topes en una maquina Atenuador del tope,,,
23153129,Limpiador de la vía,,,
23153131,Placas o barras o,,,
23153132,Deflectores de polvo Dispositivo que extiende la vida útil del motor cubriéndolo de,,,
23153133,Diente de rueda de,,,
23153134,Rodillos de avance o,,,
23153135,Cubiertas de rodillos,,,
23153136,Conductores de,,,
23153138,Cabezales de corte o,,,
23153139,Camas guía Base de apoyo para el proceso mecanizado. Bancadas de guía,,,
23153140,Brazos articulados Extensiones que usan las excavadoras y las plataformas,,,
23153201,Robots de pintura,,,
23153202,Robots para levantar,,,
23153203,Robots de sellado,,,
23153204,Robots de soldadura,,,
23153301,Taladradoras,,,
23153302,Fresadora para,,,
23153305,Machos de roscar o,,,
23153306,"Brocha de corte Herramienta que se utiliza para dividir otro cuerpo. Brocha de corte,escobilla de corte Herramientas de corte",,,
23153307,Herramientas de,,,
23153310,Desbarbadores,,,
23153402,Accesorios de,,,
23153403,Ensamblaje,,,
23153406,Líneas completas de,,,
23153408,Prueba de llenado Es una prueba para comprobar el nivel de ocupación de un,,,
23153409,Multihusillo fijo de,,,
23153410,Patines de carrocería Diseñados para colocarlos en los rieles con agujeros,,,
23153411,Inflado de montaje,,,
23153412,Cizalla de guillotina Maquina utilizada para el corte placa y lamina de acero.,,,
23153415,Acoplamiento,,,
23153416,Componentes,,,
23153417,Maquinas diversas,,,
23153501,Sistemas de,,,
23153502,Caseta para,,,
23153503,Hornos de sistemas,,,
23153505,Sistema de pintura,,,
23153506,Sistema de pintura,,,
23153507,Taller de pintura,,,
23153508,Sistemas diversos de,,,
23161501,Fuelles de fundición,,,
23161502,Quemadores de,,,
23161503,Horno de secado del,,,
23161504,Prensas de forja,,,
23161506,Crisoles de fundición,,,
23161507,Convertidores para,,,
23161508,Prensa para forja,,,
23161510,Máquinas fundidoras,,,
23161511,Cilindros de forjar,,,
23161512,Máquinas de forja,,,
23161513,Prensas de moldeo,,,
23161515,Máquinas de forja de,,,
23161601,Fuelles de fundición,,,
23161602,Arcillas de fundición,,,
23161603,"Frascos de fundición Recipientes utilizados para contener los metales, minerales u",,,
23161605,Cucharas de,,,
23161606,Troqueles de,,,
23161607,Arena de fundición,,,
23161608,"Palas de fundición Piezas de fundición, forros, paletas y revestimientos Palas de fundición,pala de fundación,pala para",,,
23171501,Aerosoles,,,
23171504,"Sopletes Instrumento que se usa para soldar piezas de metal. Sopletes,lámpara para soldar,instrumento",,,
23171505,Polvo de hierro Es un tipo de electrodos que posee el 50 % de hierro en el,,,
23171506,Fluido de soldadura Es el paso que recorre la energia antes de llegar a los,,,
23171507,Soldadores o,,,
23171508,"Máquinas de soldar Maquinas empleadas para soldar mediante energia,",,,
23171509,Soldadura,,,
23171510,"Alambre soldador Herramienta portatil para uso de electronica en general,",,,
23171511,Herramientas de,,,
23171512,Varillas soldadoras Son varillas metálicas preparadas para servir como polo del,,,
23171513,Rectificadores de,,,
23171514,Generadores para,,,
23171515,Electrodos para,,,
23171517,Sopletes,,,
23171518,Maquinaria para,,,
23171521,Maquinaria de,,,
23171522,Fundentes para,,,
23171523,Palos indicadores de,,,
23171524,Anillos para soldar,,,
23171525,"Aditivos soldantes Aditivo que es utilizados para crear conexiones electrica. Aditivos soldantes,sustancia",,,
23171526,"Aditivos desoldantes Aditivos utilizados en el proceso de desoldadura. Aditivos desoldantes,sustancia",,,
23171527,"Trencilla desoldante Utencilios empleado para la desoldadura, Trencilla desoldante",,,
23171528,Pantallas o cortinas,,,
23171529,La soldadura o el kit,,,
23171531,Pistola de desoldado Herramienta utilizada para desoldar y reparar electronica en,,,
23171532,Bomba de desoldado Herramientas para desoldar y aspirar el exceso de soldadura,,,
23171533,Fundentes de,,,
23171534,Fundentes de,,,
23171535,Puntas de corte o,,,
23171536,Portaelectrodos Dispositivo que mantiene mecánicamente el electrodo y le,,,
23171602,Cortadores de barras,,,
23171603,Cortadores de,,,
23171604,Cortadores de,,,
23171605,Equipo para,,,
23171606,Tornos,,,
23171607,Herramientas y,,,
23171608,Herramientas de,,,
23171609,Brocas americanas Se compone de un punto de corte en la punta de un eje,,,
23171610,Escariadores,,,
23171611,Contrataladros Herramienta utilizadas para avellanar un agujero. Contrataladros Máquinas-herramientas,,,
23171612,Cortadores,,,
23171613,"Fresas Herramienta circular de corte multiples, usada en maquina",,,
23171614,Limadores de,,,
23171615,Cortadores de virutas,,,
23171617,Herramientas de,,,
23171618,Insertos Indexables Herramientas de carburo con multiples filos sujetado a un,,,
23171619,Herramientas de,,,
23171620,Mandriles Pieza cilíndrica de la máquina en la que se asegura el objeto,,,
23171621,Herramientas de,,,
23171622,Prensas de taller,,,
23171623,Terminadoras,,,
23171701,Máquinas de curvar,,,
23171702,Máquinas de curvar,,,
23171703,Maquinaria de,,,
23171704,Mandriles para,,,
23171705,Codos de troquel Sujetadores laterales para los troqueles. Codos de troquel Maquinaria de pliegue,,,
23171706,Máquina de,,,
23171707,Acabadores de,,,
23171708,"Aterrajadoras Maquinaria utilizadas para mecanizar piezas de metal Aterrajadoras,máquina de roscar o filetear Maquinaria de pliegue",,,
23171801,Moldes para,,,
23171802,Moldes para matrizar Proceso mecánico mediante el cual se labran objetos en,,,
23171804,Troqueles de cortar,,,
23171805,Troqueles rotativos,,,
23171806,Troqueles de acero,,,
23171901,Artefactos de,,,
23171903,Artefactos de útiles,,,
23171904,Herramientas de,,,
23171905,Herramientas de,,,
23172001,Rebabas Porción de materia sobrante que sobresale irregularmente en,,,
23172002,Relieve de forma Elementos utilizados para confeccionar en la superficie de un,,,
23172003,Máquina de roscar,,,
23172005,Fábrica de máquina,,,
23172006,Estampadores o,,,
23172009,Insertos de carburo Herramientas rotativas utilizadas para labrar metal con los,,,
23172010,Insertos cerámicos Herramientas rotativas utilizadas para labrar metal con los,,,
23172011,Insertos de acero Herramientas rotativas utilizadas para labrar metal con los,,,
23172012,Insertos de,,,
23172013,Roscando molinos Equipo que se utiliza parar la confeccion de un resalto,,,
23172014,Roscadoras o,,,
23172015,Aterrajadoras,,,
23181501,Maquinaria de,,,
23181502,Maquinaria de,,,
23181504,Maquinaria de,,,
23181505,Maquinaria para,,,
23181506,Maquinaria de lavado Equipo utilizado para la limpieza de los alimentos de forma,,,
23181507,Maquinaria de,,,
23181508,Máquinas,,,
23181509,Maquinaria de,,,
23181510,Atadoras de carne Equipo utilizado en la línea de embalaje de la carne con la,,,
23181511,Conformadora Es una máquina con una alata capacidad de producción y,,,
23181512,Enfriadora,,,
23181513,Preespolvoreadora Es una máquina que crubre los productos por completo y en,,,
23181601,Maquinaria para,,,
23181602,Máquina tajadora Conjunto de aparatos combinados para dividir de una parte a,,,
23181603,Máquina picadora Conjunto de aparatos combinados para dividir en trozos muy,,,
23181604,"Máquina cortadora Conjunto de aparatos combinados para dividir algo. Maquinaria para cortar,máquina para cortar Maquinaria para corte",,,
23181605,"Máquina ralladora Conjunto de aparatos combinados para desmenuzar algo. Maquinaria para rallar,máquina para rallar Maquinaria para corte",,,
23181606,Máquina peladora Conjunto de aparatos combinados para quitar o raer la,,,
23181701,Máquina para,,,
23181702,Maquinaria para asar,,,
23181703,Maquinaria para,,,
23181704,Máquina para,,,
23181803,Máquinas para hacer,,,
23181804,Máquinas para hacer,,,
23231001,Portaherramientas Es un dispositivo de sujeción de la herramienta de corte de,,,
23231002,Herramienta de,,,
23231101,Rueda de sierra de,,,
23231102,"Guía de sierra Elemento que se utiliza para dirirgir en el corte a la sierra. Guía de sierra,orientador de sierra Sierras de cinta y",,,
23231201,Espaciador de sierra Elementos utilizados para separar la sierra del elemento a,,,
23231202,Eje de sierra Barra que atraviesa la sierra y le sirve de sostén en el,,,
23231301,Rodillo alimentador Cilindro con un diámetro relativamente ancho que suele girar,,,
23231302,Rodillo de sujeción Cilindro con un diámetro relativamente ancho que suele girar,,,
23231401,Guía de alineación,,,
23231402,Sierra cero,,,
23231501,Barras portasierra Dispositivo utilizado para sujetar las sierras al momento de,,,
23231502,Eslinga de,,,
23231601,Soporte de reborde Es un elemento que se utiliza en la parte interna o externa de,,,
23231602,Rodillo de,,,
23231701,Deflector Aparato usado para cambiar la dirección de un fluido o,,,
23231801,Fijador de cuchilla Dispositvo que se utiliza para sujetar una pieza que se utiliza,,,
23231901,Lecho base Base sobre la que descansa una máquina Bancada base Cepilladoras y,,,
23231902,Placa trasera Pieza de metal utilizada en el sistema de desaceleración en,,,
23231903,Guía refrigerada por,,,
23232001,Porta cuchillas,,,
23232101,Soporte guía,,,
23232201,Boquilla de,,,
24101501,Carretas,,,
24101502,Vehículos de,,,
24101503,Vehículo dolly,,,
24101504,Carretones de mano,,,
24101505,Camiones de pallets,,,
24101506,Carretas de empujar Vehículos utilizado para el transporte de carga tirado por una,,,
24101507,Carretillas,,,
24101508,Plataformas rodantes Son carretillas que se utilizan para que los mecánicos puedan,,,
24101509,Vagones,,,
24101510,Contenedor de,,,
24101511,Trolleys de estante,,,
24101512,Bugies eléctricos,,,
24101601,Ascensores,,,
24101602,Montacargas,,,
24101603,Elevadores forklift,,,
24101604,Elevadores,,,
24101605,Equipo de carga Equipos utilizados para la elevación de cargas con maquinaria,,,
24101606,Apiladoras,,,
24101608,Malacates o güinches,,,
24101609,Inclinadores Desviación de la posición vertical u horizontal que ocupa una,,,
24101610,Manipuladores,,,
24101611,Eslingas,,,
24101612,Gatos,,,
24101613,Bloques o poleas,,,
24101614,Sacos de aire para,,,
24101615,Rampas de carga,,,
24101616,Dispositivo debajo,,,
24101617,Elevador de tijera,,,
24101618,Instalador de,,,
24101619,Puentes grúas,,,
24101620,Camión grúas,,,
24101621,Grúas todo terreno,,,
24101622,Grúas para terrenos,,,
24101623,Torre grúas,,,
24101624,Grúas hidráulicas,,,
24101625,Camión grúas,,,
24101626,Escaleras mecánicas,,,
24101627,Troleys de viga,,,
24101628,"Horquillas ajustables Son las barras de acero que van delante de un montacarga,",,,
24101630,Grúas de taller,,,
24101631,Tazas de succión Objeto que utiliza la presión negativa del fluido del aire o,,,
24101632,Izajes laterales Dispositivo utilizado para sostener la mercancia en un equipo,,,
24101633,Tambores de,,,
24101634,Sacos de cadena Eslabones de acero entrelazados utilizados en los equipos de,,,
24101701,Rodillo transportador,,,
24101702,Transbordadores a,,,
24101703,Acumuladoras de,,,
24101705,Tornillo de banda,,,
24101706,Troles o vagonetas y,,,
24101709,Transportador de,,,
24101710,Paradas de paquetes Son elementos que se ponen en la cinta transportadora para,,,
24101711,"Tornamesas Tablero horizontal, descubierto y elevado sobre el suelo,",,,
24101712,Bandas,,,
24101713,Aparato de,,,
24101715,Sistema de bandas,,,
24101716,Poleas de banda,,,
24101717,Rodillos de banda,,,
24101719,Cepillos de la banda,,,
24101721,"Cubierta de trolley Elemento que se utiliza para proteger los carritos de carga. Cubierta del carro, forro del carro ,tapa del",,,
24101723,Rodillos o tambores,,,
24101724,Bastidores de banda,,,
24101728,Soportes de la banda,,,
24101801,Niveladores para,,,
24101802,Retenedoras para,,,
24101803,Rampas para muelles,,,
24101804,Puertas de cintas,,,
24101805,Parachoques para,,,
24101806,Escaleras para,,,
24101807,Planchas para,,,
24101808,"Cuñas para ruedas Calzo para ruedas, fabricado con goma. Inmoviliza de forma",,,
24101809,Carriles de muelle o,,,
24101901,Abridores de canecas,"Abridores de bidones de plástico. Abridores de bidones,abridor de barril de",,
24101902,Agarradores para,,,
24101903,Elevadores de,,,
24101904,Soportes para,,,
24101905,Cubierta de derrames Es una superficie especificamente diseñado para realizar el,,,
24101906,Recuperadores de,,,
24102002,Manipuladores para,,,
24102004,Estanterías para,,,
24102006,Bancos de trabajo,,,
24102008,Soportes de carretes,,,
24102101,Equipo para manejo,,,
24102102,Carrusel de bodegaje,,,
24102103,Encajadoras de,,,
24102104,Despaletizadoras,,,
24102105,Paletizadoras Es una máquina que proporciona medios automáticos para,,,
24102106,Equipo de,,,
24102107,Maquinaria para,,,
24102108,Compactadores de,,,
24102109,Ganchos para sacos Maquinaría que se utiliza para sostener o sujetar los sacos,,,
24102201,Dispensadores de,,,
24102202,Dispensadores de,,,
24102204,Dispensador de,,,
24102208,Infladores de aire,,,
24111501,"Bolsas de lona Es una bolsa grande y a menudo desabrochado, con asas",,,
24111502,Bolsas de papel,,,
24111503,Bolsas plásticas Es un objeto cotidiano utilizado para transportar pequeñas,,,
24111506,Redes o bolsas de,,,
24111507,Bolsas de,,,
24111508,Bolsas de carpa Elemento que sirve para llevar o guardar una tienda de,,,
24111509,Bolsas de agua Elemento que sirve para contener el agua sin ningun tipo de,,,
24111801,"Reservorios Lugar donde se guardan bienes temporalmente, por ejemplo,",,,
24111802,Tanques o cilindros,,,
24111803,Tanques de,,,
24111804,Tanques de,,,
24111805,Tanques de,,,
24111806,Tanques de,,,
24111807,Tanques de,,,
24111809,Tanques de,,,
24111811,Bombonas Recipiente metálico de forma cilíndrica y cierre hermético que,,,
24111812,"Pileta de contención Recipiente de gran tamaño, normalmente cerrado, destinado",,,
24111813,"Tanques de lavado Recipiente de gran tamaño, normalmente cerrado, destinado",,,
24112003,Tolvas no metálicas,,,
24112004,Tolvas metálicas,,,
24112005,"Canastas metálicas Recipiente tejido que sirve para recoger o llevar ropas, frutas",,,
24112006,Canastas no,,,
24112101,Toneles,,,
24112102,Barriles,,,
24112108,Tambores metálicos Son bidones o recipientes de un material metálico utilizado,,,
24112109,Tambores no,,,
24112110,Contenedores,,,
24112111,"Estabilizador Elemento utilizado para mantener estable un recipiente. Tapa del estabilizador Toneles, cubas y",,,
24112112,Tapa de tambor Nombre que se da a algunos objetos o piezas de forma,,,
24112204,"Cubos metálicos Cubo de chapa de hierro galvanizada para múltiple. Cubos metálicos,Cubo",metálico Latas y cubos Recipientes y,,
24112205,Cubos no metálicos,,,
24112208,Conjunto,,,
24112209,Contenedor de,,,
24112402,Armarios para,,,
24112403,Cinturón para,,,
24112404,Caja,,,
24112405,Armarios,,,
24112406,Compartimentos de,,,
24112407,Buzones Es una caja alargada con una ranura por donde se introduce,,,
24112408,Cajas antiestática,,,
24112409,"Tapas para cajas Pieza que cierra por la parte superior cajas o recipientes Tapas para cajas,cubiertas para cajas,tapadera",,,
24112501,Cartones acanalados,,,
24112504,"Cajas moldeadas Recipiente que, cubierto con una tapa suelta o unida a la",,,
24112505,Formas de cartón,,,
24112601,Jarras Es un vaso de forma elegante montado sobre un pie que,,,
24112602,"Frascos Es un recipiente rígido, aproximadamente cilíndrica con una",,,
24112701,Tarima de madera,,,
24112702,Tarima de plastico,,,
24112703,Tarima metálica,,,
24121502,Sacos o bolsas para,,,
24121503,Cajas para empacar,,,
24121504,Empaques cardados,,,
24121506,Cajas conductivas,,,
24121507,Cajas instaladas,,,
24121508,Cartones de huevos Es un envase de cartón diseñado para llevar y transportar,,,
24121509,Bandejas para,,,
24121801,Latas de aerosol,,,
24121802,Latas de pintura o,,,
24121803,Latas de bebida,,,
24121804,Latas de comida,,,
24121805,Latas de acero,,,
24121806,Latas de aluminio,,,
24121807,Recipientes de,,,
24122001,Botellas para apretar,,,
24122002,Botellas de plástico,,,
24122003,Botellas de cristal,,,
24122004,"Tapones o tapas Pieza móvil del extremo de ciertos aparatos Cabezales y tapas,Tapadera,Tapaderas Botellas Materiales de",,,
24122005,Botellas de aplicador Son recipientes de plástico utilizados para almacenar líquidos,,,
24122006,Aplicador,,,
24131502,Refrigeradores de,,,
24131503,Cuartos fríos,,,
24131504,Contenedores,,,
24131505,Buques refrigerados,,,
24131506,"Tanques refrigerados Tanques refrigerados o de baja presion, a la terminacion del",,,
24131601,Congeladores,,,
24131602,Congeladores,,,
24131603,Congeladores a,,,
24131604,Equipo de secado,,,
24131605,Cuartos fríos,,,
24131606,Congeladores de,,,
24131607,Congeladores de,,,
24131901,Máquinas para hacer,,,
24131902,Máquinas para hacer,,,
24141501,Película elástica para,,,
24141502,Láminas elásticas de,,,
24141506,"Encerados Lienzo preparado con cera, aceite de linaza u otros",,,
24141507,Película anti-estática,,,
24141508,Soporte angular de,,,
24141509,"Cuerda de goma,",,,
24141510,"Protectores de cables Elementos que se utilizan para evitar el deterioro de cables. Protectores de cables,revestido de",,,
24141511,Amarres de carga Elementos utilizados para sujetar a presión la carga al,,,
24141512,Absorbentes de,,,
24141513,Empaques blíster,,,
24141514,Películas para,,,
24141515,Red de protección,,,
24141601,Empaque de,,,
24141602,Materiales de,,,
24141603,"Amortiguación Labor que se realiza poniendo algodón, lana u otras materias",,,
24141604,Relleno,,,
24141606,Bolitas de,,,
24141607,Separadores de,,,
24141608,Protecciones,,,
24141701,Tubos o núcleos de,,,
24141703,"Piezas de papel Tira de tejido o de papel continuo que se fabrica de una vez. Piezas de papel,parte de papel",,,
24141704,Instrucciones o,,,
24141705,Tubos plegables,,,
24141706,Carrete,,,
24141707,"Carretel Bobina pieza cilíndrica grande usada para arrollar cables. Carretel,carrete, bobina,bolillo,devanadera",,,
24141708,Asas de paquetes Parte que sobresale del cuerpo de ciertos recipientes que,,,
24141709,Tubos o tapones de,,,
25101501,Minibuses,,,
25101502,Autobuses,,,
25101503,Carros,,,
25101504,Station wagons,,,
25101505,Minivans o vans,,,
25101506,Limosinas,,,
25101507,Camiones ligeros,,,
25101508,"Carro deportivo Es un automóvil pequeño, generalmente para dos pasajeros,",,,
25101601,Volquetas,,,
25101602,Remolques Es un vehículo de motor diseñado para transportar carga.,,,
25101604,"Camiones de reparto Camiones usados para el reparto o distribuidores. Camiones de reparto,Carro de reparto,Bus de",,,
25101610,Carrotanques Es una de las muchas variedades de camión que sirve tanto,,,
25101611,Camiones de carga,,,
25101702,Carros policiales,,,
25101703,Ambulancias Es un vehículo destinado al transporte de personas enfermas,,,
25101801,"Motocicletas Es un vehículo de dos ruedas, impulsado por un motor que",,,
25101802,Scooters Es una motocicleta con paso a través del marco y una,,,
25101803,"Velomotores Vehículo de dos ruedas, parecido a una bicicleta, con pedales",,,
25101901,Tractores agrícolas Se utiliza para mover remolques agrícolas y para realizar,,,
25101902,Casas rodantes,,,
25101903,Trineos motorizados,,,
25101904,Carritos de golf,,,
25101906,Karts,,,
25101907,Remolques de,,,
25101908,Cuatrimoto,,,
25102001,Tanques,,,
25102002,Carros de combate,,,
25102003,Artillería motorizada,,,
25102101,Tractores delanteros,,,
25102102,Tractomulas de nariz,,,
25102103,Tractomulas de nariz,,,
25102106,Cabezote,,,
25111501,"Barcos pesqueros Es un bote o barco que se usa para pescar en el mar, o en un",,,
25111502,"Botes de pesca Es un bote o barco que se usa para pescar en el mar, o en un",,,
25111503,Buques de carga o,,,
25111504,Embarcación para,,,
25111505,Buques cisterna,,,
25111506,Remolcadores,,,
25111507,Barcazas,,,
25111508,Transbordadores de,,,
25111509,"Buques de cruceros Barcos para el transporte de pasajeros por placer, por",,,
25111510,Naves de salvamento,,,
25111511,Barco de tripulación,,,
25111512,Barco de trabajo de,,,
25111513,Barco para sísmica Barcos sísmicos son los buques que se utilizan con el único,,,
25111601,Lanchas o balsas,,,
25111602,Nave para apagar,,,
25111603,Buques o botes de,,,
25111701,Submarinos Tipo especial de buque capaz de navegar bajo el agua además,,,
25111702,Portaviones,,,
25111703,Barcos de munición,,,
25111704,Barcos de asalto,,,
25111705,Muelles anfibios de,,,
25111706,Buques anfibios de,,,
25111707,Buques de comando,,,
25111708,Buques de guerra,,,
25111709,Destructores,,,
25111710,Buques de,,,
25111711,Buques de apoyo de,,,
25111712,Fragatas,,,
25111713,Buques petroleros,,,
25111716,Buques buscaminas Es un buque naval que detecta y destruye activamente,,,
25111717,Buques dragaminas,,,
25111718,Embarcaciones de,,,
25111719,Buques nodriza para,,,
25111801,Embarcaciones a,,,
25111802,Lanchas de recreo a,,,
25111803,Lanchas de recreo a,,,
25111804,Canoas o kayaks,,,
25111805,Artefactos a motor,,,
25111806,Balsas,,,
25111807,Lanchas pequeñas,,,
25111808,Yates,,,
25111902,Hélices marítimas,,,
25111903,Velas,,,
25111904,Remos,,,
25111905,Sistemas balísticos,,,
25111906,"Cuñas de ancla Dispositivo que guía la línea que sostiene el ancla. Alabantes de ancla,pasacable,guía cable,",,,
25111907,"Cables de ancla Línea donde va unido el ancla de una embarcación. Cables de anclaje,ancla,cadena del ancla,línea",,,
25111908,Recuperadores de,,,
25111909,"Rodillos de ancla Pieza de metal,cilíndrica y giratoria, que forma parte del",,,
25111910,Rampas de,,,
25111911,Bicheros,,,
25111912,Recogedores de,,,
25111913,Escotillas de cubierta,,,
25111914,Argollas de amarre,,,
25111915,Escaleras de muelle,,,
25111916,Señales de teñido de,,,
25111917,Alabantes,,,
25111918,Sistemas de,,,
25111919,Protectores de la,,,
25111920,Defensas Objetos que se colocan a los costados de los muelles y de los,,,
25111921,Cuellos de ganso,,,
25111922,Cabos de amarre,,,
25111923,Bloqueos de remos Mecanismo para deterner o interrumpir el funcionamiento de,,,
25111924,Reflectores de radar,,,
25111925,Timones,,,
25111926,Refuerzos de velas Mallas de refuerzo para velas de barco. Refuerzos de velas,,,
25111927,Botavaras Se denomina botavara a la percha horizontal que permite,,,
25111928,"Fundas de velas Cubierta con que se envuelve o cubren las velas, Fundas de velas",,,
25111929,"Sacas Saco grande de tela fuerte,más largo que ancho, Sacas",,,
25111930,Palos de espinaquer,,,
25111931,Plataformas de popa,,,
25111932,Cortavientos,,,
25111933,Relojes de mareas,,,
25111934,Cañas de timones,,,
25111935,"Berlingas Pértiga de madera verde, con que se remueve la masa",,,
25121501,Locomotoras diesel,,,
25121502,Locomotoras,,,
25121503,Locomotoras diesel,,,
25121601,Vagones de carga,,,
25121602,Vagones cisterna,,,
25121603,Vagones de pasajeros Tienen como única finalidad el transporte de personas y su,,,
25121604,Vagones tolva o,,,
25121605,Tranvías,,,
25121701,Sistemas de,,,
25121702,Traviesas,,,
25121703,Vías férreas,,,
25121704,Eclisas Es un metal o placa de madera que se atornilla a los laterales,,,
25121705,Enganches de rieles Mecanismo que sirve para conectar varios vehículos,,,
25121706,Aparatos de tracción Dispositivo que se utiliza para conectar una locomotora de,,,
25121707,Conjuntos de bogie,,,
25131501,Aeronave agrícola de,,,
25131502,Avión de carga de,,,
25131503,Hidroaviones,,,
25131505,Avión jet de carga,,,
25131506,Avión jet de,,,
25131508,Jet privado o de,,,
25131601,Helicópteros de,,,
25131602,Helicópteros de carga,,,
25131603,Helicópteros,,,
25131604,Helicópteros,,,
25131701,Avión bombardero,,,
25131702,Avión,,,
25131703,Avión de caza,,,
25131704,Avión de ataque,,,
25131706,Hidroaviones,,,
25131708,Avión antisubmarino,,,
25131709,Avión de transporte,,,
25131801,Dirigibles,,,
25131902,Helicópteros de,,,
25131903,Helicópteros de,,,
25131904,Helicópteros de,,,
25131905,Helicópteros,,,
25132001,Aerodeslizadores,,,
25132002,Globos aerostáticos,,,
25132003,Planeadores,,,
25132004,"Parapente Es una aeronave hecha solamente a base de tela y cuerdas,",,,
25132005,Aviones ultralivianos,,,
25132101,Dron agrícola,,,
25132102,Dron militar,,,
25132103,Dron recreativo Se trata de los drones que pesan menos de 250 gramos. Los,,,
25132104,Dron policial,,,
25132105,Dron para entregas Es un vehículo aéreo no tripulado utilizado para el transporte,,,
25161501,Bicicletas de turismo,,,
25161502,Monociclos,,,
25161503,Triciclos,,,
25161504,Bicicletas tándem,,,
25161505,Bicicletas de,,,
25161506,Bicicletas de carreras,,,
25161507,Bicicletas,,,
25161508,Bicicletas reclinadas,,,
25161509,Bicicletas para niños,,,
25171502,limpiaparabrisas,,,
25171503,Limpiaparabrisas,,,
25171504,Limpiaparabrisas,,,
25171505,Limpiaparabrisas de,,,
25171506,Bomba de lava,,,
25171507,"Cuchillas limpiadoras Largo borde de goma que se utiliza para limpiar el parabrisa. Cuchillas limpiadoras,cuchilla",,,
25171702,Sistemas de frenado,,,
25171703,Sistemas de frenado,,,
25171704,Chutes de arrastre Equipo utilizado para disminuir la velocidad de determinado,,,
25171705,Rotores,,,
25171706,Calibrador de frenaje,,,
25171707,Freno de tambor,,,
25171708,Freno de disco,,,
25171709,Freno enfriado con,,,
25171710,Cilindros principales,,,
25171711,Cilindros esclavos,,,
25171712,Zapatas de freno de,,,
25171713,Almohadillas de,,,
25171714,Tambor de freno,,,
25171715,Rotores de frenos de,,,
25171716,"Líneas de freno Conducto por donde circula el líquido de freno. Líneas de freno,conducto,tubo,manga Sistemas de frenado y",,,
25171717,Pistones de freno,,,
25171718,Kits de reparación de,,,
25171719,Refuerzos de frenado,,,
25171901,Rines o ruedas para,,,
25171902,Ruedas para trenes,,,
25171903,Rines o ruedas para,,,
25171905,Válvulas de,,,
25172003,Amortiguadores,,,
25172004,Amortiguadores,,,
25172007,Puntales,,,
25172009,Buje de automóvil,,,
25172010,Barra anti -,ladeo,,
25172011,Amortiguadores de,,,
25172101,Airbags Sistema de seguridad pasiva instalado en la mayoría de los,,,
25172104,Cinturones de,,,
25172105,Sistemas para evitar,,,
25172106,Sistemas sensores,,,
25172108,Apoyacabezas,,,
25172109,Latas de propulsor,,,
25172110,Pito de vehículo,,,
25172111,Sistema remoto de,,,
25172114,Bloqueadores de,,,
25172203,Puertas de,,,
25172204,Puertas de persiana,,,
25172301,Parabrisas para,,,
25172303,Ventanas para,,,
25172406,Tanques de,,,
25172407,Elementos,,,
25172408,Tapas de aceite o,,,
25172503,Neumáticos para,,,
25172506,Neumáticos de,,,
25172507,Cordón de,,,
25172508,Labrado de llanta,,,
25172510,Neumático de,,,
25172511,Kit de reparación de,,,
25172512,Neumático para,,,
25172601,Acabados para,,,
25172602,"Guardabarros Es la parte del vehículo automóvil,motor,motocicleta u otro",,,
25172603,Parachoques para,,,
25172604,Espejos retrovisores,,,
25172605,Parrillas de vehículos,,,
25172606,Capós de vehículos,,,
25172607,Paneles laterales de,,,
25172608,Tableros La fascia se utiliza a menudo en relación con los paneles,,,
25172704,Sistema control,,,
25172802,Sistemas hidráulicos,,,
25172803,Sistemas hidráulicos,,,
25172901,Iluminación exterior,,,
25172903,Iluminación exterior,,,
25172904,Iluminación exterior,,,
25172906,"Reflectores Superficie que refleja la luz o cualquier otro tipo de onda Reflectores,reflector,proyector,foco,faro,pantall",,,
25172907,Luz frontal del,,,
25173001,Iluminación interior,,,
25173003,Iluminación interior,,,
25173004,Iluminación interior,,,
25173108,Sistemas de,,,
25173303,Sistemas de,,,
25173701,Convertidores,,,
25173703,Colector de escape Un colector de escape recoge los gases de escape de los,,,
25173704,Adaptadores de,,,
25173705,Amortiguadores de,,,
25173801,Ejes de manejo,,,
25173802,Ejes no de manejo,,,
25173803,Carcasas de eje,,,
25173804,Husillos de giro de,,,
25173805,Diferenciales,,,
25173806,Juntas de velocidad,,,
25173807,Ejes de cardán,,,
25173808,Equipo de reparar,,,
25173809,Buje de eje,,,
25173810,Juntas de cardán,,,
25173811,Ejes de tracción,,,
25173812,Transmisiones,,,
25173813,Transmisiones,,,
25173815,Cables de embrague,,,
25173901,Ignición,,,
25174001,Ventilador,,,
25174002,Radiadores de motor La parte del sistema de enfriamiento por líquido de los,,,
25174003,Tapas de radiador,,,
25174004,Refrigerante de,,,
25174102,Techos permanentes,,,
25174103,Techos duros,,,
25174104,Techos blandos,,,
25174105,Sistemas de rejillas,,,
25174106,Sunroofs o techos,,,
25174107,Deflectores de viento Aparato usado para cambiar la dirección de un fluido o,,,
25174201,Sacos de dirección Elementos utilizados que permiten modificar la orientación de,,,
25174202,Suspensión de,,,
25174203,Junta de bola,,,
25174204,Sistema de dirección,,,
25174205,Bielas,,,
25174206,Contramanivela,,,
25174207,Varillas de dirección,,,
25174208,Eje de bloqueo,,,
25174209,Piñones,,,
25174211,Timones o volantes Pieza en forma de aro con varios radios que forma parte de la,,,
25174212,Ensambles de,,,
25174213,Ensambles de,,,
25174218,Cobertor de timones,,,
25174401,Biseles Son elementos que mantienen en su superficie un corte,,,
25174402,Consolas Se refiere a las superficies de control que soportan en el,,,
25174403,"Paneles de puerta Está situado a lo largo del lado del automóvil, gran parte de él",,,
25174404,"Tapizado del techo Elemento compuesto que se adhiere al techo del automovil. Placas superiores de cuña,placa superior de",,,
25174405,Grupos de,,,
25174406,Paneles de,,,
25174407,Pedales,,,
25174408,Puntos para energía,,,
25174409,Visores de sol,,,
25174418,Tapetes del vehículo Tapetes del vehículo Tapetes del vehículo Sistemas del interior de,,,
25174601,Fundas de asientos Cobertores que se utilizan para mantener en su lugar el,,,
25174602,"Cojinería de asientos Asientos rellenos de lana u otro material, para el confort de la",,,
25174603,"Marcos de asientos Cuerpo de un elemento utilizado para sentarse, muestra la",,,
25174701,Pedales de bicicleta Palanca que pone en movimiento un mecanismo,,,
25181601,Chasis para,,,
25181602,Chasis para camiones,,,
25181603,Bastidores de motos,,,
25181701,Tráiler para,,,
25181702,Tráiler cama alta,,,
25181703,Remolques para,,,
25181708,Enganches de,,,
25181709,Pala cargadora,,,
25181710,Placas de matrícula,,,
25181711,Remolque de,,,
25181712,Remolque de,,,
25181713,"Remolque de botes Vehículo especializado para el transporte de embarcaciones Remolque de embarcación,remolque de",,,
25181714,Contenedores de,,,
25191504,Simuladores de,,,
25191507,Equipo para deshielo,,,
25191508,Pasarela telescópica,,,
25191511,Equipo de lavabos,,,
25191514,Barra de remolque,,,
25191603,Vehículos de,,,
25191604,Vehículos de,,,
25191605,Módulos de servicio,,,
25191701,Equipos de balanceo,,,
25191702,Equipos de,,,
25191703,Máquinas para,,,
25191704,Pedestales de,,,
25201501,Spoilers de avión,,,
25201502,Aletas de avión,,,
25201503,Estabilizadores,,,
25201504,Aletas canard de,,,
25201505,Listones de avión,,,
25201506,Flaps o transmisión,,,
25201507,"Timones de avión Pieza que se utiliza para gobernar o dirigir un avión Timones de avión,timón de",,,
25201508,"Elevadores de avión Vehículo destinado a subir, bajar o desplazar, mediante un",,,
25201509,Alerones de avión,,,
25201510,Propulsores de avión Es el motor lo que le da la fuerza propulsora para generar,,,
25201511,Alas de avión,,,
25201512,"Fuselajes de avión Cuerpo del avión donde van los pasajeros y las mercancías Fuselajes de avión,cuerpo,avion,avión Fuselaje y",,,
25201513,Cúpulas protectoras,,,
25201514,"Rotores de avión Parte giratoria de una máquina eléctrica o de una turbina Rotores de avión,Totores,Totors,aspas,rotor Fuselaje y",,,
25201515,Ventilador de,,,
25201516,Escudetes de avión,,,
25201517,"Muebles de avión Todo el equipamiento interno que tienen los aviones Muebles de avión,Sillas,Asientos Fuselaje y",,,
25201518,Dobladores de avión,,,
25201519,Nervaduras de avión Son elementos transversales del ala y tambiém transversales,,,
25201520,Largueros de avión,,,
25201602,Faros de navegación,,,
25201604,Sistemas de guía,,,
25201605,Controles de volante,,,
25201702,Registradores de,,,
25201703,Contramedidas de,,,
25201706,Electrónica de,,,
25201707,Giroscopio del avión,,,
25201708,Cámaras de avión Es un dispositivo utilizado para capturar imágenes o,,,
25201709,Sondas o sensores,,,
25201710,Guías de onda del,,,
25201903,Sistemas de,,,
25201904,Paracaídas,,,
25202001,Células solares de la,,,
25202002,Formaciones solares,,,
25202101,Indicadores de la,,,
25202102,Medidores de la,,,
25202201,Sistemas de frenar,,,
25202202,Rampas de arrastre,,,
25202203,"Ruedas de avión Es una pieza mecánica circular que gira alrededor de un eje. Ruedas de avión,Llanta de avión Sistemas del aterrizaje",,,
25202204,Montajes del tren de,,,
25202205,Llantas de avión,,,
25202301,Cinturones de,,,
25202302,Arneses de,,,
25202403,Tanques de,,,
25202406,Post – impulsores Elementos utilizados para suministrarle mayor resistencia a,,,
25202501,Sistemas hidráulicos,,,
25202502,Iluminación exterior,,,
25202503,Iluminación interior,,,
25202504,Limpiaparabrisas de,,,
25202506,Puertas de avión Elemento de metal que se usa para abrir y cerrar. Puertas de avión Equipo de avión,,,
25202507,Ventanas de avión,,,
25202508,Parabrisas de avión,,,
25202509,Montajes de choque,,,
25202510,Conjuntos de anillo,,,
25202603,Turbinas para enfriar,,,
25202604,Ventiladores para,,,
25202605,Intercambiadores de,,,
25202606,Separadores del,,,
25202607,Equipo del oxígeno,,,
25202701,Acumuladores,,,
25202702,Acumuladores,,,
26101501,Motores hidráulicos,,,
26101502,Motores neumáticos,,,
26101503,Motores a gas,,,
26101504,Motores diesel,,,
26101505,Motores de vapor Es un motor de combustión externa que transforma la,,,
26101506,Motores de turbina Este tipo de motores usan una turbina de gas para mover el,,,
26101507,Motores de turbina,,,
26101508,Motores térmicos,,,
26101509,Motores,,,
26101510,Máquinas rotativas,,,
26101511,Motores de turbina,,,
26101512,Motores turbohélice,,,
26101513,Kit de reparación de,,,
26101515,Motor fuera de borda,,,
26101601,Motores de inducción,,,
26101602,Motores de corriente,,,
26101603,Motores de corriente,,,
26101605,Dinamotores,,,
26101606,Servomotores,,,
26101607,Motores de par de,,,
26101609,Motores sincrónicos,,,
26101610,Motores de cohete,,,
26101611,Motores monofásicos Tipo de motor eléctrico que puede funcionar tanto con,,,
26101612,Motores multifásicos,,,
26101613,Motores hidráulicos,,,
26101614,"Motores escalonados Motores usados en el area industrial, responde a cada pulso",,,
26101615,"Alternadores Máquina eléctrica generadora de corriente alterna. Alternadores,Gereradores,Generador,alternado",,,
26101616,Motor neumático,,,
26101701,Quemadores para,,,
26101702,Compresores de,,,
26101703,Difusores de motor,,,
26101704,Monturas de motor Elementos físicos que sirven para armar o poner en su lugar,,,
26101706,Unidades de,,,
26101707,Ejes compensadores,,,
26101708,Seguidores de la leva Es un tipo especializado de rodillo o cojinete de agujas,,,
26101709,Elevadores de árbol,,,
26101710,Carburadores Es el dispositivo que se encarga de preparar la mezcla de aire-,,,
26101711,"Bielas En las máquinas, barra que sirve para transformar el",,,
26101712,Válvulas de,,,
26101713,Culata de cilindro Es la parte superior de un motor de combustión interna que,,,
26101715,Tapas de motor Es la parte inferior de un motor que evita que elementos,,,
26101716,Forjas del motor,,,
26101717,Calentadores de,,,
26101718,Sistemas de ignición,,,
26101719,Súper cargadores,,,
26101720,Turbocargador,,,
26101721,Poleas del motor,,,
26101723,Lata de vapor de,,,
26101724,Tapón brillante,,,
26101725,Medidores de varilla,,,
26101726,"Coladores de aceite Instrumentos utilizados para evitar que la suciedad, restos y",,,
26101727,Anillo de pistón,,,
26101728,Tubos de varilla de,,,
26101729,Bolas de brazo,,,
26101730,Ejes de brazo,,,
26101731,Brazos oscilantes,,,
26101732,Bujía de encendido,,,
26101733,Chorro de,,,
26101734,Diafragmas de,,,
26101735,Batea de aceite,,,
26101736,Pistones,,,
26101737,Cadena de,,,
26101738,Múltiples de entrada,,,
26101740,Inyectores de,,,
26101741,Manguitos de motor,,,
26101743,Válvulas de motor,,,
26101747,"Varas de empuje Barras que trabaja en compresión en un motor. Varas de empuje,barra,compresión. Accesorios y",,,
26101748,Volante de inercia,,,
26101749,Cigüeñal,,,
26101750,Válvula de,,,
26101754,Asiento de válvula,,,
26101755,Guía de válvula,,,
26101756,Adaptadores del,,,
26101757,Accesorios de las,,,
26101758,Ajustadores del,,,
26101759,Adaptadores del,,,
26101760,Vástagos del estárter,,,
26101761,Tapones del árbol de,,,
26101763,Tapones del,,,
26101764,Revestimiento de los,,,
26101765,Amortiguadores de,,,
26101766,Reguladores,,,
26101801,Escobillas del motor,,,
26101802,Armaduras Es el eje de la turbina.Una turbina simple tienen una parte,,,
26101803,Rotores o estatores,,,
26101805,Kits de reparación,,,
26101806,Adaptadores de,,,
26101807,Bobinas de motor,,,
26101808,Monturas o soportes,,,
26101809,Freno de motor,,,
26101903,Árbol de distribución,,,
26101904,Boquilla de inyección,,,
26101905,Bloque de cilindros,,,
26111501,Conmutadores,,,
26111503,Dispositivos de,,,
26111504,Correas de la,,,
26111505,Cadenas de la,,,
26111508,Despegues de,,,
26111509,Culatas de,,,
26111510,Árboles de,,,
26111512,Ejes,,,
26111514,Uniones de charnela Son las articulaciones entre los elementos de la transmisión Uniones a charnela Transmisión de energía,,,
26111515,Servo controlador,,,
26111517,Portaengranajes,,,
26111518,Puntal tensor Es una herramienta práctica para el diseño sísmico de,,,
26111519,Convertidores de,,,
26111520,Muñones,,,
26111521,Cabeza del impulsor,,,
26111522,Conjunto del,,,
26111523,Topes de retención Elementos que impiden cualquier salida accidental de los,,,
26111524,Unidades de,,,
26111525,Transmisiones de,,,
26111526,Motores de,,,
26111528,Transmisiones,,,
26111529,Transmisiones,,,
26111530,Leva de transmisión,,,
26111531,Manguitos de la,,,
26111532,Soportes o,,,
26111533,Tensores de cadena Estan diseñados para operar en cualquier dirección y facilitan,,,
26111534,Cubos de la,,,
26111601,Generadores diesel,,,
26111602,Generadores,,,
26111603,Generadores eólicos,,,
26111604,Generadores a gas,,,
26111605,Generadores,,,
26111606,Generadores,,,
26111607,Generadores solares,,,
26111608,Generadores de,,,
26111701,Baterías recargables Es un grupo de una o más celdas electroquímicas secundarias.,,,
26111702,Pilas alcalinas,,,
26111703,Baterías para,,,
26111704,Cargadores de,,,
26111705,Pilas secas,,,
26111706,Pilas electrónicas,,,
26111707,Baterías de plomo-,,,
26111708,Baterías de,,,
26111709,Baterías de níquel-,,,
26111711,Baterías de litio,,,
26111712,Baterías de níquel-,,,
26111713,Baterías térmicas,,,
26111714,Zinc aire,,,
26111715,Batería de carbono,,,
26111716,Batería de oxido de,,,
26111717,Baterías del,,,
26111718,Baterías de óxido de,,,
26111719,Probadores de,,,
26111720,Soportes de batería Accesorios utilizados para dar firmeza a una bateria al,,,
26111721,Baterías de níquel-,,,
26111722,Adaptador de batería,,,
26111723,"Puertas, tapas o",,,
26111724,Kits de herramientas,,,
26111725,Baterías de níquel-,,,
26111726,Agua para batería,,,
26111801,Correas en v,,,
26111803,Correas redondas,,,
26111804,Correas planas,,,
26111805,Tensores de correa,,,
26111806,Poleas de,,,
26111807,Polea de distribución,,,
26111808,Trantorque Tuerca o dispositivo utilizado para ejercer fuerza. Par de apriete de la transmisión Componentes de la,,,
26111809,Defensas de correa Cobertores normalmente de plastico que se utilizapara cubrir,,,
26111810,Bridas de la polea de,,,
26111901,Embragues de placa,,,
26111902,Embragues de,,,
26111903,Embrague centrífugo,,,
26111904,Embrague semi,,,
26111905,Embrague de rueda,,,
26111907,Acoplamiento de,,,
26111908,Embragues de leva,,,
26111909,"Embragues eléctricos Embragues electromagnéticos funcionan eléctricamente, pero",,,
26111910,Embragues,,,
26112001,Placa de presión,,,
26112002,Placa impulsada,,,
26112003,Placas de embrague,,,
26112004,Kits de reparación,,,
26112101,Sistemas de frenos,,,
26112102,Sistemas de frenos,,,
26112103,Sistemas de frenos,,,
26112104,Conjuntos de,,,
26112105,Sistemas de frenado,,,
26121501,Alambre calentador Elemento electrico utilizado para el calentamiento de otro,,,
26121505,Alambre para,,,
26121507,Alambre para radio o,,,
26121509,Alambre para imanes,,,
26121510,Alambre de trole,,,
26121514,Alambre subterráneo Es el conjunto de cables que se disponen debajo de la tierra o,,,
26121515,Alambre de silicio-,,,
26121517,Hilo de cobre Hilo delgado que se obtiene por estiramiento del cobre,,,
26121519,Alambre de aluminio,,,
26121520,Alambre de cobre-,,,
26121521,Alambre de bronce,,,
26121522,Alambre pelado Alambre redondo de cobre electrolítico desnudo en,,,
26121523,Alambre forrado,,,
26121524,Alambre aislado o,,,
26121532,Alambre para,,,
26121533,"Alambre de kaptan Hilo compuesto de kaptan. Alambre de Kaptan,Cable,Conductor Alambre eléctrico Alambres, cables y",,,
26121534,Alambre de,,,
26121536,Cordón de extensión,,,
26121538,Conjunto de cable Manojo de hilos cruzados utilizados para determinado,,,
26121539,Cables para cableado,,,
26121540,Cable galvanizado Se utiliza a menudo para mejorar la resistencia a la corrosión,,,
26121541,Conductores de bus Es un material que ofrece poca resistencia al movimiento de,,,
26121601,Cable de,,,
26121602,Cable submarino,,,
26121603,Cable de mando,,,
26121604,Cable para señales Es un cable utilizado para transportar de un punto a otro,,,
26121606,Cable coaxial,,,
26121607,Cable de fibra óptica,,,
26121608,"Cable aéreo Conjunto de cables, las cabinas que circulan por ellos y las",,,
26121609,Cable de redes,,,
26121610,Cable de bronce Conductor de bronce o conjunto de ellos generalmente,,,
26121611,Cable desnudo,,,
26121612,Cable forrado pero,,,
26121613,Cable aislado o,,,
26121614,Cable de,,,
26121616,Cable de,,,
26121617,Cable triaxial,,,
26121618,Cable de poliqueno,,,
26121619,Cable de,,,
26121620,Cable para,,,
26121621,Cable de kaptan,,,
26121622,Cable de poliamida,,,
26121623,Cable de,,,
26121624,Cable plano o de,,,
26121628,Cables blindados,,,
26121629,Cable de,,,
26121630,Accesorios de cable Elementos adicionales utilizados con los cables. Accesorios de cable Cables eléctricos y,,,
26121631,Cable coaxial,,,
26121634,Cable de cobre,,,
26121635,Rollos de cable,,,
26121636,Cables de,,,
26121637,Cable de fibra óptica,,,
26121701,Cableado,,,
26121702,Cableado,,,
26121704,Arnés de alambrado,,,
26121705,Conjunto de cable de,,,
26131501,Centrales eléctricas,,,
26131502,Centrales eléctricas,,,
26131503,Centrales,,,
26131504,Centrales de gas,,,
26131505,Centrales de energía,,,
26131506,Centrales de energía,,,
26131507,Centrales de energía,,,
26131508,Centrales,,,
26131509,Central de energía,,,
26131510,Central térmica Es una instalación que produce energía eléctrica a partir de la,,,
26131601,Pantallas de agua,,,
26131602,Travesaños,,,
26131603,Rejillas de agua,,,
26131604,Filtros fijos El dispositivo que discrimina uno o varios elementos,,,
26131605,Estructuras de toma,,,
26131606,Chimenea de acero,,,
26131607,Chimenea de,,,
26131609,Chimeneas de,,,
26131610,Chimeneas de,,,
26131611,Secciones de,,,
26131612,Conductos de salida,,,
26131614,Amortiguadores de,,,
26131615,Amortiguadores de,,,
26131802,Paneles de control,,,
26131804,Paneles de control,,,
26131807,Paneles de control,,,
26131809,Conmutadores de,,,
26131810,Conmutadores de,,,
26131812,Conmutadores con,,,
27111501,Hojas de cuchillo,,,
27111502,"Navajas de afeitar Es una navaja de filo agudísimo, hecha de acero muy",,,
27111503,Cuchillos de diversas,,,
27111504,Navajas de bolsillo,,,
27111505,Sets para manicure,,,
27111506,Cizallas,,,
27111507,Cortadores de metal,,,
27111508,Sierras,,,
27111509,Barrenas,,,
27111510,Herramientas para,,,
27111511,Cortadores de,,,
27111512,Cortadores de pernos,,,
27111513,Cortadores de,,,
27111514,Cortadores de vidrio Es una herramienta utilizada por un vidriero para realizar,,,
27111515,Taladro de mano,,,
27111516,Alicates de,,,
27111519,Tijeras para estaño Tijeras para cortar pvc. Tijeras de fumista Herramientas de corte,,,
27111520,Rompetuercas Herramienta para extraer tuercas corroídas o atascadas sin,,,
27111601,Mazas de hierro,,,
27111602,Martillos,,,
27111603,Yunques,,,
27111604,Hachas de mano,,,
27111605,Picas,,,
27111607,Herramientas de,,,
27111608,Enderezadores,,,
27111609,Enderezadores,,,
27111701,Destornilladores,,,
27111702,Llaves para tuercas Este tipo de llaves están pensadas para procesos específicos,,,
27111703,Juegos de enchufes,,,
27111704,Enchufes,,,
27111705,Llaves de tuercas de,,,
27111706,Llave de tuercas de,,,
27111707,Llaves ajustables,,,
27111708,Llaves para tubos,,,
27111709,Extractor de tornillos,,,
27111710,Llaves allen,,,
27111711,Trinquetes,,,
27111712,Extractores,,,
27111713,Llaves de,,,
27111714,Llaves de,,,
27111715,Llaves de torsión,,,
27111716,Llave torx,,,
27111717,Extractores de,,,
27111718,Extractores de grifo,,,
27111720,Llave manual en t,,,
27111721,Manivelas,,,
27111722,Troqueleras,,,
27111723,Llaves de tubo,,,
27111724,Llaves de gancho Estas llaves permiten desmontar rodamientos y manguitos de,,,
27111725,Llaves tubulares de,,,
27111726,Llaves de tuercas,,,
27111727,Llaves macho con,,,
27111801,Cintas métricas,,,
27111802,Escalas,,,
27111803,Escuadras,,,
27111804,Plomadas,,,
27111806,Calibrador de clavos,,,
27111807,Bordes rectos Las líneas horizontales que tienen algunos papeles y que,,,
27111809,Biseles,,,
27111810,Buscadores de,,,
27111901,Cortafríos,,,
27111902,Limas,,,
27111903,Cepillos de,,,
27111904,Raspa Barra gruesa de metal o madera. ; Barra de hierro atravesada,,,
27111905,Esmeriladoras,,,
27111906,Cinceles de madera,,,
27111907,Cepillos de alambre,,,
27111909,Espátulas,,,
27111910,Buriles,,,
27111911,Formones,,,
27112001,Machetes,,,
27112002,Azadones,,,
27112003,Rastrillos,,,
27112004,Palas,,,
27112005,Hachas,,,
27112006,Guadañas,,,
27112007,Tijeras de podar Herramienta empleada principalmente para cortar los bordes,,,
27112008,Azadas,,,
27112009,Raspadores Utensilio que sirve para raspar y eliminar la capa superficial,,,
27112010,Horquilla de jardín,,,
27112011,Mangos de,,,
27112012,Criba jardinera,,,
27112013,Excavadora de hoyos,,,
27112014,Cortadora de pasto,,,
27112015,Escarificador de,,,
27112016,Tijeras para setos,,,
27112017,Barras de cavar o,,,
27112101,Dobladores de tubos,,,
27112102,Tornillos de banco,,,
27112103,Pinza de mano,,,
27112104,Tenazas,,,
27112105,Pinzas Es una tenaza pequeña que es utilizada en la jardineria para,,,
27112106,Alicates de,,,
27112107,Alicates boquianchos,,,
27112108,Alicates de punta de,,,
27112109,Herramientas,,,
27112110,Pinzas de anillo de,,,
27112111,Alicates de lagarto Herramienta multiusos de la electrónica que enrosca y,,,
27112112,Tenazas de ranura y,,,
27112114,Pinzas de corte,,,
27112115,Pinzas de cerrado,,,
27112116,Pinzas de cerca Pinzas especializadas para ser usadas en jardineria. Pinzas de cerco Herramientas de,,,
27112117,Tenazas de corte final Herramienta utilizada para cortar. Pinzas con corte adelante Herramientas de,,,
27112119,Cambiador de,,,
27112120,Grapas c,,,
27112121,Grapa de ángulo Son grapas usadas cuando el espacio es pequeno entre dos,,,
27112122,Alicates de hoja,,,
27112123,Prensa de mesa,,,
27112124,Tensionadores Utensilio que sirve para extender o alargar. Extensibles Herramientas de,,,
27112125,Alicates de punta,,,
27112126,Alicates planos,,,
27112127,Llaves de cinta,,,
27112128,Alicates de punta,,,
27112129,Abrazaderas de,,,
27112130,Abrazaderas de tres,,,
27112132,Abrazaderas de,,,
27112133,Abrazaderas con,,,
27112134,Alicates de punta,,,
27112201,Palustres,,,
27112202,Palustres o llanas de,,,
27112203,Bordeadoras,,,
27112205,Vibradores de,,,
27112301,Hierro de marcar,,,
27112302,Punzones o alwznas,,,
27112303,Punzón de trazar,,,
27112304,Líneas de marcar,,,
27112305,Marcadores o,,,
27112306,Sellos de metal El estampado es un forjado mecánico en el que se emplea un,,,
27112401,Pistolas de grapas Máquina portátil utiliza para conducir las grapas de metal,,,
27112402,"Ribeteadoras También conocido como martillo neumático, es un tipo de",,,
27112403,Colocadores de,,,
27112404,Herramientas para,,,
27112405,Calentadores de,,,
27112406,Pistolas de,,,
27112407,Desprendedor de,,,
27112501,Herramientas,,,
27112502,Palancas,,,
27112503,Dobladoras de tubos Máquina utilizada para darle curvatura a tubos de metal al,,,
27112504,Cuñas,,,
27112505,Ganchos para,,,
27112506,Manchas de,,,
27112601,Espátulas para,,,
27112602,Herramientas de,,,
27112701,Fuelles eléctricos,,,
27112702,Pulidoras eléctricas,,,
27112703,Taladradoras,,,
27112704,Amoladora eléctricas,,,
27112705,Martillos de,,,
27112706,Cepillos eléctricos,,,
27112707,Cuchillas eléctricas,,,
27112708,Lijadoras eléctricas,,,
27112709,Sierras eléctricas,,,
27112710,Pistolas de tornillos,,,
27112711,Pistolas de grapas,,,
27112712,Ribeteadoras,,,
27112714,Pistolas de calafateo,,,
27112716,Pistolas de clavos,,,
27112717,Pistolas de calor,,,
27112718,Grabadores Herramienta uitlizada para grabar o imprimir en un objeto la,,,
27112719,Pistolas para,,,
27112720,Herramientas de par,,,
27112721,Juntador de capas de,,,
27112801,Brocas Barrena de boca cónica que se usa con las máquinas de,,,
27112802,Hojas de sierra,,,
27112803,Fresadoras con,,,
27112805,Troqueles de roscado Son herramientas manuales empleadas para la fabricación de,,,
27112806,Machos de roscado,,,
27112807,Cuñas,,,
27112808,Anillos metálicos,,,
27112809,Portaherramientas Organizador utilizado para mantener en orden las,,,
27112810,Equipos para reparar,,,
27112811,Árboles,,,
27112812,Avellanadores,,,
27112813,"Vara de extensión Pieza construida en forma de telescopio, en que la misma se",,,
27112814,Brocas de,,,
27112815,Brocas para poner,,,
27112819,Cuchillas de corte,,,
27112821,Brocas de buriladora Herramienta utilizada parar perforar cilindro a través del,,,
27112822,Adaptadores de cubo,,,
27112823,Cadenas de corte,,,
27112824,Portabrocas,,,
27112825,Juegos de plantillas,,,
27112826,Caladora,,,
27112901,Pistolas de grasa Pistola para lubricar rodamientos abiertos con baja presión,,,
27112902,Chimeneas,,,
27112903,Rociador manual,,,
27112904,Pistola de resina,,,
27112905,Lata de aceite Recinto de metal o aluminio donde se depósita el aceite para,,,
27112906,Pistolas de,,,
27112907,Separadores de,,,
27112908,Pistola de aceite Pistolas diseñadas para acoplarse a dispensadores de aceite,,,
27113001,Cepillos de aruñar,,,
27113002,"Cepillos de tubo Cepillos utilizados para limpiar recintos de díficil acceso,",,,
27113003,Cepillos de aplicar Para aplicación de recubrimientos para techos. Puede usarse,,,
27113004,"Cepillos de extensor Es un tipo de cepillo utilizado para pintar madera Cepillos de extensor,brush,brocha,escobilla Cepillos Herramientas de",,,
27113101,Cinta guía,,,
27113102,Tirador de fusible Herramienta especialmente diseñada para ser utilizada para,,,
27113103,Buril,,,
27113201,Conjuntos generales,,,
27113203,Kit de herramienta,,,
27113204,Kits de electricista Conjunto de instrumentos o herramientas especializadas para,,,
27121501,Suspensiones a,,,
27121502,Bastidores de prensa,,,
27121503,Columnas de prensa,,,
27121601,Pistones de cilindro,,,
27121602,Cilindros hidráulicos Son actuadores mecánicos que son usados para dar,,,
27121603,Vástagos de pistón,,,
27121605,Cuerpos de cilindro,,,
27121701,Conectores,,,
27121702,Injertos o injertos,,,
27121703,Férulas,,,
27121704,Uniones hidráulicas,,,
27121705,Codos hidráulicos o,,,
27121706,Tuercas de férula Pieza con un hueco labrado en espiral que ajusta,,,
27121707,Conectores de,,,
27126101,Elevadores de tapas,,,
27126102,Acumuladores,,,
27131501,Llaves de impacto,,,
27131502,Pistola de aire,,,
27131504,Martillo neumático,,,
27131505,Taladro neumático,,,
27131506,Clavadora de clavos,,,
27131507,Máquinas de lijado,,,
27131508,Motores neumáticos,,,
27131509,Acumuladores,,,
27131510,Depósitos de,,,
27131511,Rectificadoras,,,
27131512,Destornillador,,,
27131601,Múltiples de aire Generalmente de metal o fibra de vidrio empleada para,,,
27131603,Reguladores de aire,,,
27131604,Lubricadores,,,
27131605,Cortina de aire,,,
27131608,Conos o,,,
27131609,Silenciadores,,,
27131613,Acoplamiento,,,
27131614,Adaptadores,,,
27131701,Cilindros neumáticos,,,
27131703,Pistones de cilindro,,,
27131704,Vástagos de pistón,,,
27131705,Cuerpo de cilindro,,,
27131706,Capacetes de,,,
27141001,Herramientas de,,,
27141101,Extractor del volante,,,
30101501,Ángulos de aleación,,,
30101502,Ángulos de aleación,,,
30101503,Ángulos de hierro,,,
30101504,Ángulos de acero,,,
30101505,Ángulos de acero,,,
30101506,Ángulos de aluminio,,,
30101507,Ángulos de magnesio,,,
30101508,Ángulos de titanio,,,
30101509,Ángulos de cobre,,,
30101510,Ángulos de latón,,,
30101511,Ángulos de bronce,,,
30101512,Ángulos de zinc,,,
30101513,Ángulos de estaño,,,
30101514,Ángulos de plomo,,,
30101515,Ángulos de plástico,,,
30101516,Ángulos de caucho,,,
30101517,Ángulos de metales,,,
30101601,Barras de aleación,,,
30101602,Barras de aleación,,,
30101603,"Barras de hierro Es una pieza más larga que gruesa, hecha de hierro u otro",,,
30101604,"Barras de acero Es una pieza más larga que gruesa, hecha de acero u otro",,,
30101605,Barras de acero,,,
30101606,"Barras de aluminio Es una pieza más larga que gruesa, hecha de aluminio u otro",,,
30101607,"Barras de magnesio Es una pieza más larga que gruesa, hecha de magnesio u otro",,,
30101608,"Barras de titanio Es una pieza más larga que gruesa, hecha de titanio u otro",,,
30101609,"Barras de cobre Es una pieza más larga que gruesa, hecha de cobre u otro",,,
30101610,"Barras de latón Es una pieza más larga que gruesa, hecha de latón u otro",,,
30101611,"Barras de bronce Es una pieza más larga que gruesa, hecha de bronce u otro",,,
30101612,"Barras de cinc Es una pieza más larga que gruesa, hecha de cinc u otro",,,
30101613,"Barras de estaño Es una pieza más larga que gruesa, hecha de estaño, u otro",,,
30101614,"Barras de plomo Es una pieza más larga que gruesa, hecha de plomo, u otro",,,
30101615,"Barras de plástico Es una pieza más larga que gruesa, hecha de plástico, otro",,,
30101616,Barras de metal,,,
30101617,"Barras de madera Es una pieza más larga que gruesa, hecha de madera u otro",,,
30101618,"Barras de caucho Es una pieza más larga que gruesa, hecha de caucho u otro",,,
30101701,Vigas de aleación,,,
30101702,Vigas de aleación no,,,
30101703,"Vigas de hierro Hierro de doble T largo y grueso de, sirve para formar los",,,
30101704,Vigas de acero,,,
30101705,Vigas de acero,,,
30101706,Vigas de aluminio,,,
30101707,Vigas de magnesio,,,
30101708,Vigas de titanio,,,
30101709,Vigas de cobre,,,
30101710,Vigas de latón,,,
30101711,Vigas de bronce,,,
30101712,"Vigas de zinc Hierro de cinc de doble T largo y grueso de, sirve para formar",,,
30101713,Vigas de estaño,,,
30101714,Vigas de plomo,,,
30101715,Vigas de plástico,,,
30101716,Vigas de caucho,,,
30101717,Vigas de concreto,,,
30101718,Vigas de metales,,,
30101801,Conductos de,,,
30101802,Conductos de,,,
30101803,"Conductos de hierro Canal de hierro, comúnmente cubierto, que sirve para dar",,,
30101804,"Conductos de acero Canal de acero, comúnmente cubierto, que sirve para dar",,,
30101805,Conductos de acero,,,
30101806,Conductos de,,,
30101807,Conductos de,,,
30101808,"Conductos de titanio Canal de titanio, comúnmente cubierto, que sirve para dar",,,
30101809,"Conductos de cobre Canal de cobre, comúnmente cubierto, que sirve para dar",,,
30101810,"Conductos de latón Canal de latón, comúnmente cubierto, que sirve para dar",,,
30101811,"Conductos de bronce Canal de bronce, comúnmente cubierto, que sirve para dar",,,
30101812,"Conductos de zinc Canal de cinc, comúnmente cubierto, que sirve para dar paso",,,
30101813,"Conductos de estaño Canal de estaño, comúnmente cubierto, que sirve para dar",,,
30101814,"Conductos de plomo Canal de plomo, comúnmente cubierto, que sirve para dar",,,
30101815,Conductos de,,,
30101816,"Conductos de caucho Canal de caucho, comúnmente cubierto, que sirve para dar",,,
30101817,Conductos de,,,
30101901,Bobina de aleación,,,
30101902,Bobina de aleación,,,
30101903,Bobina de hierro,,,
30101904,Bobina de acero,,,
30101905,Bobina de acero,,,
30101906,Bobina de aluminio,,,
30101907,Bobina de magnesio,,,
30101908,Bobina de titanio,,,
30101909,Bobina de cobre,,,
30101910,Bobina de latón,,,
30101911,Bobina de bronce,,,
30101912,Bobina de cinc,,,
30101913,Bobina de estaño,,,
30101914,Bobina de plomo,,,
30101915,Bobina de plástico,,,
30101916,Bobina de metales,,,
30101918,Acero perforado,,,
30101919,Acero estampado en,,,
30101920,Aduja de fibra,,,
30101921,"Aduja de fibra y goma Hibra y caucho enrollado en forma de hélice o espiral bobina,aduja de fibra y goma Bobina",,,
30101922,"Aduja de grafito Grafito enrollado en forma de hélice o espiral bobina,aduja de grafito Bobina",,,
30101923,Bobina de chapa de,,,
30102001,Lámina de aleación,,,
30102002,Lámina de aleación,,,
30102003,"Lámina de hierro Una hoja o lámina delgada y flexible de hierro hoja,hoja de hierro Hoja",,,
30102004,"Lámina de acero Una lámina muy fina de acero, el espesor de la cual se mide",,,
30102005,Lámina de acero,,,
30102006,Lámina de aluminio,,,
30102007,"Lámina de magnesio Una hoja o lámina delgada y flexible de magnesio hoja,hoja de magnesio Hoja",,,
30102008,"Lámina de titanio Una hoja o lámina delgada y flexible de titanio hoja,hoja de titanio Hoja",,,
30102009,"Lámina de cobre Una hoja o lámina delgada y flexible de cobre hoja,hoja de cobre Hoja",,,
30102010,"Lámina de latón Una hoja o lámina delgada y flexible de latón hoja,hoja de latón Hoja",,,
30102011,"Lámina de bronce Una hoja o lámina delgada y flexible de bronce hoja,hoja de bronce Hoja",,,
30102012,"Lámina de zinc Una hoja o lámina delgada y flexible de zinc hoja,hoja de cinc Hoja",,,
30102013,"Lámina de estaño Una hoja o lámina delgada y flexible de estaño hoja,hoja de estaño Hoja",,,
30102014,"Lámina de plomo Una hoja o lámina delgada y flexible de plomo hoja,hoja de plomo Hoja",,,
30102015,"Lámina de plástico Una hoja o lámina delgada y flexible de plástico hoja,hoja de plástico Hoja",,,
30102201,Placa de aleación,,,
30102202,Placa de aleación no,,,
30102203,"Placa de hierro Lámina de metal plano y delgado de hierro plancha,plancha de hierro Plancha",,,
30102204,"Placa de acero Lámina de metal plano y delgado de acero plancha,plancha de acero Plancha",,,
30102205,Placa de acero,,,
30102206,"Placa de aluminio Lámina de metal plano y delgado de aluminio plancha,plancha de aluminio Plancha",,,
30102207,"Placa de magnesio Lámina de metal plano y delgado de magnesio plancha,plancha de magnesio Plancha",,,
30102208,"Placa de titanio Lámina de metal plano y delgado de titanio plancha,plancha de titanio Plancha",,,
30102209,"Placa de cobre Lámina de metal plano y delgado de cobre plancha,plancha de cobre Plancha",,,
30102210,"Placa de latón Lámina de metal plano y delgado de latón plancha,plancha de latón Plancha",,,
30102211,"Placa de bronce Lámina de metal plano y delgado de bronce plancha,plancha de bronce Plancha",,,
30102212,"Placa de zinc Lámina de metal plano y delgado de zinc plancha,plancha de cinc Plancha",,,
30102213,"Placa de estaño Lámina de metal plano y delgado de latón plancha,plancha de latón Plancha",,,
30102214,"Placa de plomo Lámina de metal plano y delgado de plomo plancha,plancha de plomo Plancha",,,
30102215,"Placa de plástico Lámina de metal plano y delgado de plástico plancha,plancha de plástico Plancha",,,
30102216,"Placa de caucho Lámina de metal plano y delgado de caucho plancha,plancha de caucho Plancha",,,
30102217,"Placa de concreto Lámina de metal plano y delgado de concreto plancha,plancha de hormigón Plancha",,,
30102218,Placa de metales,,,
30102220,"Placa de níquel Una fina capa de níquel depositada sobre una superficie, por",,,
30102301,Perfiles de aleación,,,
30102302,Perfiles de aleación,,,
30102303,Perfiles de hierro Una barra de hierro cuya sección transversal posee diferentes,,,
30102304,Perfiles de acero Una barra de acero cuya sección transversal posee diferentes,,,
30102305,Perfiles de acero,,,
30102306,Perfiles de aluminio Una barra de aluminio cuya sección transversal posee,,,
30102307,Perfiles de magnesio Una barra de magnesio cuya sección transversal posee,,,
30102308,Perfiles de titanio Una barra de titanio cuya sección transversal posee diferentes,,,
30102309,Perfiles de cobre Una barra de cobre cuya sección transversal posee diferentes,,,
30102310,Perfiles de latón Una barra de latón cuya sección transversal posee diferentes,,,
30102311,Perfiles de bronce Una barra de bronce cuya sección transversal posee,,,
30102312,Perfiles de zinc Una barra de zinc cuya sección transversal posee diferentes,,,
30102313,Perfiles de estaño Una barra de estaño cuya sección transversal posee,,,
30102314,Perfiles de plomo Una barra de plomo cuya sección transversal posee,,,
30102315,Perfiles de plástico Una barra de plástico cuya sección transversal posee,,,
30102316,Perfiles de caucho Una barra de caucho cuya sección transversal posee,,,
30102401,Varillas de aleación,,,
30102402,Varillas de aleación,,,
30102403,"Varillas de hierro Una pieza delgada recta o barra de hierro, a menudo tiene",,,
30102404,"Varillas de acero Una pieza delgada recta o barra de acero, a menudo tiene una",,,
30102405,Varillas de acero,,,
30102406,"Varillas de aluminio Una pieza delgada recta o barra de aluminio, a menudo tiene",,,
30102407,Varillas de magnesio,,,
30102408,"Varillas de titanio Una pieza delgada recta o barra de titanio, a menudo tiene",,,
30102409,"Varillas de cobre Una pieza delgada recta o barra de cobre, a menudo tiene",,,
30102410,"Varillas de latón Una pieza delgada recta o barra de latón, a menudo tiene una",,,
30102411,"Varillas de bronce Una pieza delgada recta o barra de bronce, a menudo tiene",,,
30102412,"Varillas de zinc Una pieza delgada recta o barra de zinc, a menudo tiene una",,,
30102413,"Varillas de estaño Una pieza delgada recta o barra de estaño, a menudo tiene",,,
30102414,"Varillas de plomo Una pieza delgada recta o barra de plomo, a menudo tiene",,,
30102415,"Varillas de plástico Una pieza delgada recta o barra de plástico, a menudo tiene",,,
30102416,"Varillas de caucho Una pieza delgada recta o barra de caucho, a menudo tiene",,,
30102417,"Varillas de níquel Una pieza delgada recta o barra de nickel, a menudo tiene",,,
30102501,Chapa de aleación,,,
30102502,Chapa de aleación,,,
30102503,"Chapa de hierro Hoja o lámina de metal, madera u otra materia chapa,chapa de hierro Chapa",,,
30102504,"Chapa de acero Hoja o lámina de metal, madera u otra materia chapa,chapa de acero Chapa",,,
30102505,Chapa de acero,,,
30102506,"Chapa de aluminio Hoja o lámina de metal, madera u otra materia chapa,chapa de aluminio Chapa",,,
30102507,"Chapa de magnesio Hoja o lámina de metal, madera u otra materia chapa,chapa de magnesio Chapa",,,
30102508,"Chapa de titanio Hoja o lámina de metal, madera u otra materia chapa,chapa de titanio Chapa",,,
30102509,"Chapa de cobre Hoja o lámina de metal, madera u otra materia chapa,chapa de cobre Chapa",,,
30102510,"Chapa de latón Hoja o lámina de metal, madera u otra materia chapa,chapa de latón Chapa",,,
30102511,"Chapa de bronce Hoja o lámina de metal, madera u otra materia chapa,chapa de bronce Chapa",,,
30102512,"Chapa de cinc Hoja o lámina de metal, madera u otra materia chapa,chapa de cinc Chapa",,,
30102513,"Chapa de estaño Hoja o lámina de metal, madera u otra materia chapa,chapa de estaño Chapa",,,
30102514,"Chapa de plomo Hoja o lámina de metal, madera u otra materia chapa,chapa de plomo Chapa",,,
30102515,"Chapa de plástico Hoja o lámina de metal, madera u otra materia chapa,chapa de plástico Chapa",,,
30102516,"Chapa de caucho Hoja o lámina de metal, madera u otra materia chapa,chapa de caucho Chapa",,,
30102517,"Chapa blindada Hoja o lámina de metal, madera u otra materia chapa,chapa blindada Chapa",,,
30102518,Chapa de aleación,,,
30102519,Chapa de metal,,,
30102520,"Chapa de níquel Hoja o lámina de metal, madera u otra materia chapa,chapa de níquel Chapa",,,
30102521,Hoja de goma de,,,
30102522,Hoja de corcho y,,,
30102523,Hoja de fibra,,,
30102525,Hoja de fibra y goma,,,
30102526,Láminas de asbesto,,,
30102601,Banda de acero,,,
30102602,Banda de acero no,,,
30102603,"Banda de hierro Una pieza larga, delgada hecha de hierro banda,banda de hierro Banda",,,
30102604,"Banda de acero Una pieza larga, delgada hecha de acero banda,banda de acero Banda",,,
30102605,Banda de acero,,,
30102606,"Banda de aluminio Una pieza larga, delgada hecha de aluminio banda,banda de aluminio Banda",,,
30102607,"Banda de magnesio Una pieza larga, delgada hecha de magnesio banda,banda de magnesio Banda",,,
30102608,"Banda de titanio Una pieza larga, delgada hecha de titanio banda,banda de titanio Banda",,,
30102609,"Banda de cobre Una pieza larga, delgada hecha de cobre banda,banda de cobre Banda",,,
30102610,"Banda de latón Una pieza larga, delgada hecha de latón banda,banda de latón Banda",,,
30102611,"Banda de bronce Una pieza larga, delgada hecha de bronce banda,banda de bronce Banda",,,
30102612,"Banda de cinc Una pieza larga, delgada hecha de cinc banda,banda de cinc Banda",,,
30102613,"Banda de estaño Una pieza larga, delgada hecha de estaño banda,banda de estaño Banda",,,
30102614,"Banda de plomo Una pieza larga, delgada hecha de plomo banda,banda de plomo Banda",,,
30102615,"Banda de plástico Una pieza larga, delgada hecha de plástico banda,banda de plástico Banda",,,
30102616,"Banda de caucho Una pieza larga, delgada hecha de caucho banda,banda de caucho Banda",,,
30102801,Pilares de aluminio,,,
30102802,Pilares de concreto,,,
30102803,Pilares de acero,,,
30102901,Postes de cemento o,,,
30102903,Postes de metal,,,
30102904,Postes de madera,,,
30102905,Postes de plástico,,,
30102906,Postes de fibra de,,,
30103001,Sistema de ejes de,,,
30103002,Sistema de ejes de,,,
30103101,Rieles de acero Un miembro estructural horizontal de acero en una puerta o,,,
30103102,Rieles de aluminio Un miembro estructural horizontal de aluminio en una puerta,,,
30103103,Rieles de metal Un miembro estructural horizontal de metal en una puerta o,,,
30103201,Rejilla de acero,,,
30103202,Rejilla de acero,,,
30103203,Rejilla de aluminio,,,
30103204,Rejilla de fibra de,,,
30103205,Rejilla de hierro,,,
30103206,Rejilla de plástico,,,
30103301,"Moldura de aluminio Parte saliente de perfil uniforme elaborado de aluminio, que",,,
30103302,"Moldura de latón Parte saliente de perfil uniforme elaborado de latón, que sirve",,,
30103303,"Molduras de bronce Parte saliente de perfil uniforme elaborado con bronce, que",,,
30103304,"Molduras de cobre Parte saliente de perfil uniforme elaborado con cobre, que",,,
30103305,"Molduras de plomo Parte saliente de perfil uniforme elaborado con plomo, que",,,
30103306,"Molduras de cinc Parte saliente de perfil uniforme elaborado con cinc, que sirve",,,
30103307,"Molduras de acero Parte saliente de perfil uniforme elaborado con acero, que",,,
30103308,"Molduras de titanio Parte saliente de perfil uniforme elaborado con titanio, que",,,
30103309,Molduras de,,,
30103310,Molduras de metal,,,
30103311,Molduras de metales,,,
30103312,Molduras de metales,,,
30103313,Molduras no,,,
30103401,"Lingotes de aluminio Trozo o barra de aluminio en bruto fundido. lingotes,lingotes de aluminio Lingotes",,,
30103402,"Lingotes de latón Trozo o barra de latón en bruto fundido lingotes,lingotes de latón Lingotes",,,
30103403,"Lingotes de plomo Trozo o barra de plomo en bruto fundido lingotes,lingotes de plomo Lingotes",,,
30103404,"Lingotes de cinc Trozo o barra de cinc en bruto fundido lingotes,lingotes de cinc Lingotes",,,
30103405,"Lingotes de acero Trozo o barra de acero en bruto fundido lingotes,lingotes de acero Lingotes",,,
30103406,"Lingotes de magnesio Trozo o barra de magnesio en bruto fundido lingotes,lingotes de magnesio Lingotes",,,
30103407,"Lingotes de bronce Trozo o barra de bronce en bruto fundido lingotes,lingotes de bronce Lingotes",,,
30103408,"Lingotes de cobre Trozo o barra de cobre en bruto fundido lingotes,lingotes de cobre Lingotes",,,
30103409,"Lingotes de titanio Trozo o barra de titanio en bruto fundido lingotes,lingotes de titanio Lingotes",,,
30103410,Lingotes de metal,,,
30103413,"Lingotes no metálicos Trozo o barra de no metálicos en bruto fundido lingotes,lingotes no metálicos Lingotes",,,
30103501,Núcleo de panal de,,,
30103502,Núcleo de panal de,,,
30103503,Núcleo de panal de,,,
30103504,Núcleo de panal de,,,
30103505,Núcleo de panal de,,,
30103506,Núcleo de panal de,,,
30103507,Núcleo de panal de,,,
30103508,Núcleo de panal de,,,
30103509,Núcleo de panal de,,,
30103510,Núcleo de panal de,,,
30103511,Núcleo de panal de,,,
30103512,Núcleo de panal de,,,
30103513,Núcleo de panal de,,,
30103514,Núcleo de panal de,,,
30103515,Núcleo de panal de,,,
30103601,"Vigas de madera Una pieza grande, oblonga de madera utilizada especialmente",,,
30103602,Vigas compuestas de,,,
30103603,Madera para marcos,,,
30103604,Revestimiento o,,,
30103605,Tablones de madera,,,
30103606,Armazones de,,,
30103607,Viguetas de madera,,,
30103608,Postes de madera o,,,
30103701,Trenza de acero,,,
30111501,Concreto aireado,,,
30111502,Concreto conductor,,,
30111503,"Concreto aislante Hormigón ligero, de baja conductividad térmica, que contiene",,,
30111504,Morteros,,,
30111601,Cemento,,,
30111602,Cal clorada,,,
30111603,Cal hidráulica La Cal Hidráulica es una cal en polvo y parcialmente apagada,,,
30111604,Cal apagada,,,
30111605,Cal magra,,,
30111606,Lechada de cemento,,,
30111607,Cal viva,,,
30111701,Enlucido de yeso,,,
30121501,Alquitrán de carbón,,,
30121503,Creosota,,,
30121601,Asfalto Mezcla sólida y compacta de hidrocarburos y minerales que,,,
30121602,Brea,,,
30121603,Gilsonita,,,
30121604,Residuos de,,,
30121605,Marcos de pozo con,,,
30131501,Bloques de cemento,,,
30131502,Bloques de concreto,,,
30131503,Bloques de piedra,,,
30131504,"Bloques de cerámica Bloques de un sólido inorgánico, no metálico preparado por",,,
30131601,Ladrillos de cemento Masa de arcilla cocida con forma de prisma rectangular,,,
30131602,Ladrillos de cerámica Masa de arcilla cocida con forma de prisma rectangular,,,
30131603,Ladrillos de concreto Masa de arcilla cocida con forma de prisma rectangular,,,
30131604,Ladrillos de piedra Masa de arcilla cocida con forma de prisma rectangular,,,
30131701,Azulejos o baldosas,,,
30131702,Losas o baldosas de,,,
30131703,Losas o baldosas de,,,
30131704,Losas o baldosas de,,,
30131705,Lápidas,,,
30141501,Burletes,,,
30141502,Colchas aislantes,,,
30141503,Aislamiento de,,,
30141504,Bloques para,,,
30141505,Revestimiento de,,,
30141506,Aislamiento de,,,
30141507,Aislamiento de tabla,,,
30141508,Aislamiento de fibra,,,
30141510,Barrido de puerta Tira flexible utilizada en los bordes superior e inferior de una,,,
30141511,Película de ventana,,,
30141512,Kits de aislamiento,,,
30141513,Ladrillos aislantes,,,
30141601,Aislación acústica Un material utilizado para disminuir la energía del sonido que,,,
30141603,Escudos térmicas,,,
30151501,Techado prearmado Hoja de Composición para techos en rollos de la que se haya,,,
30151502,"Valles de techo Un techo que tiene una o más valles material para tejados y techos,limahoyas Material para tejados y",,,
30151503,Textiles de techado Una nervadura hecha de láminas de madera de diferentes,,,
30151504,"Cartones para techar Papel grueso de asfalto impregnado utilizado para el techado. material para tejados y techos,cartones para",,,
30151505,Membranas para,,,
30151506,"Tejas Pieza de barro cocido hecha en forma acanalada,y a veces",,,
30151507,"Huelgos Un guijarro áspero utilizado para cubrir edificios rústicos,",,,
30151508,"Tejas de asfalto Pieza de madera hecha en forma acanalada,y a veces",,,
30151509,Armazones,,,
30151510,"Tejados de pizarra Un techo cubierto con pizarra material para tejados y techos,tejados de",,,
30151601,Plafones de tejado,,,
30151602,Planchas de,,,
30151603,Parada de grava Una parada de grava es una fabricación de metal de hoja,,,
30151604,Brochas para techos Un drenaje para recibir el agua que se ha acumulado en la,,,
30151605,Drenajes de tejados Un drenaje para recibir el agua que se ha acumulado en la,,,
30151606,Ruedas de trapo,,,
30151607,Claraboyas de,,,
30151608,"Sofitos La parte inferior de un componente estructural, tal como una",,,
30151609,Bordes de tejado,,,
30151610,Escarificadores de,,,
30151701,Boquillas de bajantes,,,
30151702,Dinteles para goteo Tapas de goteo son proyecciones colocadas en el exterior de,,,
30151703,Canaletas,,,
30151704,Bloques contra,,,
30151801,"Postigos Una tapa de bisagra o pantalla para una ventana,",,,
30151802,Recubrimiento Es la cubierta exterior o revestimiento de una casa destinada,,,
30151804,Chapas para,,,
30151805,Estucado,,,
30151806,Muros de bloque de,,,
30151901,Toldos,,,
30151902,Marquesinas,,,
30152001,"Cercado de metal Estructura que sirve como recinto, barrera o límite hecha de",,,
30152002,"Cercado de madera Estructura que sirve como recinto, barrera o límite hecha de",,,
30152003,Vallado de,,,
30152101,"Acero de perdigones Acero para hacer las bolas pequeñas que, junto con otras,",,,
30161501,Fibra prensada,,,
30161502,Papel de colgadura,,,
30161503,Drywall,,,
30161504,Protectores de,,,
30161505,Paneles o,,,
30161507,Compuestos unión,,,
30161508,Rodillo de papel de,,,
30161509,Tabla de yeso,,,
30161601,Baldosines acústicos,,,
30161602,Paneles para techos Es un tipo de material de acabado para techo utilizado en el,,,
30161603,Encofrados,,,
30161604,Sistemas de cielo,,,
30161701,"Alfombrado Conjunto de alfombras de un lugar: suelos,alfombrado,alfombrado,alfombra,cubre",,,
30161702,Pisos de madera,,,
30161703,Linóleo,,,
30161705,Pisos de caucho,,,
30161706,Pisos de baldosa o,,,
30161707,"Pisos de vinilo Suelos hechos de plástico brillante, duro y flexible. suelos,pisos vinilicos,suelos de",,,
30161708,Alfombras de nudos,,,
30161709,Alfombras de,,,
30161710,Pisos laminados,,,
30161711,Alfombras para,,,
30161712,Perfiles laminados,,,
30161713,Almohadilla para,,,
30161714,Suelo de corcho,,,
30161715,Enrejados de madera,,,
30161716,Separadores de,,,
30161717,Pisos para accesos,,,
30161718,Piso de acero,,,
30161719,Fieltro para,,,
30161801,Armarios,,,
30161802,Encimeras,,,
30161901,Puertas de rejilla,,,
30161902,Columnas,,,
30161903,Paneles de madera Los paneles o piezas de madera con el cual se revisten,,,
30161904,Cornisas,,,
30161905,"Cercos de puertas Un elemento decorativo o la estructura en torno a una puerta; moldeado y carpinteria mecanica,cercos de",,,
30161906,Moldes,,,
30161907,Escaleras,,,
30161908,"Piezas de escaleras Partes de una serie o tramo de escalones moldeado y carpinteria mecanica,piezas de",,,
30171501,Puertas de cristal,,,
30171502,Puertas de pantalla,,,
30171503,Puertas rodantes,,,
30171504,Puertas de madera,,,
30171505,Puertas de metal,,,
30171506,Contrapuertas,,,
30171507,Marcos de puertas o,,,
30171508,Puertas corrediza,,,
30171509,Puertas giratorias,,,
30171510,Puertas automáticas,,,
30171511,Puerta de vaivén Una puerta pivotada o colgada de bisagras de doble cara para,,,
30171512,Abridores de puertas,,,
30171513,Rodapiés,,,
30171514,Cerradores de,,,
30171604,Ventanas de,,,
30171605,Ventanas de,,,
30171606,Ventanas giratorias,,,
30171609,Ventanas fijas,,,
30171610,Miradores,,,
30171611,Ventana de,,,
30171612,Ventanas salientes,,,
30171613,Paredes de vidrio Una cortina pared exterior con un marco que contiene las,,,
30171614,Pantallas de ventana,,,
30171615,Ventanas francesas o,,,
30171701,Adoquines,,,
30171703,Vidrio biselado,,,
30171704,Vidrio con plomo,,,
30171705,Vidrio laminado,,,
30171706,Vidrio templado,,,
30171707,Vidrio de seguridad,,,
30171708,Vidrio flotado,,,
30171709,Vidrio con alambre,,,
30171801,Claraboyas fijas Una claraboya fija es un tipo de claraboya que se sella para,,,
30171802,Claraboyas con,,,
30171803,Claraboyas de tubo,,,
30171903,Marcos para,,,
30171906,Marcos para,,,
30172001,Puerta de barra,,,
30172002,Puerta de doble,,,
30181501,Tinas o bañeras,,,
30181502,Bidés,,,
30181503,Duchas,,,
30181504,Lavamanos/,,,
30181505,Inodoros o,,,
30181506,Orinales,,,
30181507,Cerramientos para,,,
30181508,"Divisiones de baños Uno de los paneles que forman un recinto de baño. loza sanitaria,tabiques de aseos Porcelana sanitaria Instalaciones de",,,
30181509,Plato del jabón Recipiente destinado a sostener la pastilla de jabón en el,,,
30181510,servilletero,,,
30181511,Inodoros o,,,
30181512,Asientos de inodoro,,,
30181513,"Tapas de inodoro Tapas de un accesorio para la defecación y la micción loza sanitaria,tapas de inodoro Porcelana sanitaria Instalaciones de",,,
30181514,Tapa de tanque del,,,
30181515,Tanque del inodoro,,,
30191501,Escaleras,,,
30191502,Andamios,,,
30191505,"Taburete escalonado Un taburete, a menudo con pasos plegables adjuntos, en los",,,
30191601,Barandas,,,
30191602,Estabilizadores de,,,
30191603,Piso del andamiaje,,,
30201501,Silos,,,
30201502,Invernaderos,,,
30201601,Casas,,,
30201602,Casas móviles,,,
30201603,"Cabañas En uso moderno, una cabaña es una vivienda sencilla,",,,
30201604,garajes,,,
30201605,Cenador,,,
30201606,Cocinas domésticas Cuarto o área en la casa equipada para preparar o cocinar,,,
30201701,Oficinas en la fábrica Construcción modular que permite maximizar el espacio con,,,
30201702,Cabinas de rociado,,,
30201703,Cobertizos para,,,
30201704,Salas limpias,,,
30201705,Garitas,,,
30201706,Aseos portátiles,,,
30201707,Almacenes,,,
30201708,Auditorio,,,
30201710,Cocinas de oficinas Un cuarto en las oficinas destinado y equipado para preparar,,,
30201711,Jardín de invierno,,,
30201712,Cabina telefónica,,,
30201801,Refugios Un refugio es una estructura arquitectónica básica o de la,,,
30201802,Tiendas de campaña,,,
30201803,Unidades para,,,
30201901,"Unidades médicas Unidades relacionadas con enfermedades y lesiones, su",,,
30201902,Unidades de,,,
30201903,Unidades dentales,,,
30201904,Unidades quirúrgicas,,,
30221001,Paseos de Tiendas,,,
30221002,Estructuras de,,,
30221003,Cafetería,,,
30221004,Edificios de tiendas Edificio con habitaciones equipadas con mercancía para la,,,
30221005,Centro comercial,,,
30221006,Cantina,,,
30221007,Teatro,,,
30221009,Mercado,,,
30221010,Zona de juegos,,,
30221011,Zoo,,,
30221012,Jardines,,,
30221013,Parques Es un espacio natural o semi-natural que puede estar situado,,,
30221014,Servicios de recreo al,,,
30222001,Puentes de Acero Estructura de acero que abarca y proporciona el paso sobre,,,
30222002,Dique Seco,,,
30222003,Estación de,,,
30222004,Garaje de autobuses Un garaje de autobuses o estación de autobuses es un,,,
30222005,Edificio del área de,,,
30222006,Estación de tranvías,,,
30222007,Depósito de trenes Estación en la que los vehículos de transporte cargan o,,,
30222008,"Estación de metro Sitio donde habitualmente paran los vehículos de los metros estructuras de transporte,estacion de",,,
30222009,Edificio de la,,,
30222010,Depósito terminal,,,
30222011,Coches de tranvías,,,
30222012,Edificio del,,,
30222013,Torre de control del,,,
30222014,Campo de aterrizaje La zona de campos y pistas de aterrizaje donde los aviones,,,
30222015,"Pista de rodadura Una tira de nivel, por lo general suelo empedrado en el",,,
30222016,Aparcamiento Una estructura construida paralela a la orilla de un canal de,,,
30222017,Muelle de embarque,,,
30222018,Zona de acople con,,,
30222019,Embarcadero Un lugar de destino o en el muelle donde los,,,
30222020,Marina,,,
30222021,Puerto deportivo,,,
30222022,Rompeolas,,,
30222023,"Malecón Un muro de contención para evitar la erosión de la costa. estructuras de transporte,malecon Estructuras de",,,
30222024,Edificio de la,,,
30222025,Terminal de carga,,,
30222026,Faro,,,
30222027,Puente de carretera,,,
30222028,Puente de ferrocarril Un puente construido para el fin exclusivo o principal de,,,
30222029,Puente para,,,
30222030,Viaducto para,,,
30222031,Viaducto para el tren,,,
30222032,Paso subterráneo,,,
30222033,Paso elevado,,,
30222034,Túnel,,,
30222035,Acueductos y redes,,,
30222036,Túnel para carretea,,,
30222037,"Túnel para ferrocarril Un túnel por el que corren las vías del tren estructuras de transporte,tunel para ferrocarril Estructuras de",,,
30222038,Túnel para peatones,,,
30222039,Túnel para canal Un túnel construido en el punto donde se corta un canal de,,,
30222040,Túnel para conducir,,,
30222041,Túnel submarino,,,
30222042,Autopista,,,
30222043,"Cruce de carreteras Una carretera que intersecta a otra carretera estructuras de transporte,cruce de carreteras Estructuras de",,,
30222044,Anillo de carretera,,,
30222045,Carretera principal,,,
30222046,Carretera secundaria,,,
30222047,Carretera de acceso,,,
30222048,Carretera bifurcada Carretera bifurcada es un camino corto que conecta una,,,
30222049,Doble carril,,,
30222050,Simple carril,,,
30222051,Encuentro de,,,
30222052,Paso de peatones,,,
30222053,Paso elevado para,,,
30222054,Sendero de,,,
30222055,Sendero de bicicletas Es un camino especial en el que las personas pueden viajar en,,,
30222056,Puente para pasar,,,
30222057,Oleoducto,,,
30222058,Estación de bombeo,,,
30222060,Sumidero de,,,
30222061,Terreno de,,,
30222063,Area de servicios de,,,
30222101,Oficina de correos,,,
30222102,Banco,,,
30222103,Comisaría de policía,,,
30222104,"Palacio de justicia Un edificio el cual alberga las cortes judiciales estructuras publicas,palacio de justicia Estructuras públicas Estructuras",,,
30222105,Edificio de la cárcel,,,
30222106,Estación de,,,
30222107,Estación de,,,
30222108,Edificio para,,,
30222109,Estación de barcos,,,
30222110,Edificio de los,,,
30222111,Estación de servicios,,,
30222112,Centro cívico,,,
30222113,Crematorio,,,
30222114,Galería de arte,,,
30222115,Monumentos,,,
30222116,Oficina de admisión,,,
30222117,"Cementerio Terreno, generalmente cercado, destinado a enterrar",,,
30222118,Matadero Público,,,
30222201,"Estación de radar El lugar, la posición, o ubicación desde la que, o en la que, un",,,
30222202,"Subestación Una subsidiaria o estación rama, como de una oficina de",,,
30222203,Estación de energía,,,
30222204,Depósito elevado de,,,
30222205,Aljibes,,,
30222206,Estación móvil de,,,
30222207,Presa,,,
30222208,Plataformas,,,
30222301,Escuelas,,,
30222302,Politécnico Una escuela especializada en la enseñanza de las artes,,,
30222303,Centro de formación,,,
30222304,Sala de conferencias,,,
30222305,Biblioteca,,,
30222306,Laboratorio de,,,
30222307,Edificio para,,,
30222308,Estaciones,,,
30222401,Clínica,,,
30222402,Guardería infantil,,,
30222403,Teatro operativo,,,
30222404,Unidad de cuidados,,,
30222405,Sala de diagnóstico,,,
30222406,Sala de radiología Es un cuarto que se destina para el procesamiento de la,,,
30222407,Sala de fluoroscopia,,,
30222408,Sala de patología,,,
30222409,Sala de cateterismo,,,
30222501,Casas residenciales,,,
30222502,Apartamento,,,
30222503,Orfanato,,,
30222504,Centro de asistencia,,,
30222505,Residencia de,,,
30222506,Residencia de,,,
30222507,Hotel,,,
30222601,Estadio Un estadio es una construcción cerrada con graderías para,,,
30222602,Campo de deportes  Area destinada a la realización de diversas competencias,,,
30222603,"Pista de carreras Es una pista destinada para carreras a pie estructuras deportivas y sanitarias,pista de",,,
30222604,Pabellón deportivo Un edificio donde la gente puede ir a jugar a muchos tipos,,,
30222605,Balneario,,,
30222606,Gimnasio Un gimnasio es un lugar que permite practicar deportes o,,,
30222607,Piscina de natación Una piscina es un estanque artificial destinado al baño y la,,,
30222608,Servicios de,,,
30222701,Oficinas,,,
30222703,Mercancías de,,,
30222801,"Granero Lugar donde se guarda el grano estructuras de agricultura, pesca y",,,
30222802,Vaquería,,,
30222803,Canal de riego Un canal de riego es un conducto que transporta el agua,,,
30222901,Casamata militar,,,
30222902,Refugio militar,,,
30222903,Barracones,,,
30222904,Comedor de oficiales Comedores de oficiales es el lugar donde el personal militar,,,
30223001,Capillas,,,
30223002,Templos,,,
30223003,"Mezquitas Lugar de culto para los seguidores de la fe islámica. estructuras religiosas,mezquitas Estructuras religiosas Estructuras",,,
31111501,Extrusiones de,,,
31111502,Extrusiones de,,,
31111503,Extrusiones de,,,
31111504,Extrusiones de,,,
31111505,Extrusiones de,,,
31111507,Extrusiones de,,,
31111508,Extrusiones de,,,
31111510,Extrusiones de,,,
31111512,Extrusiones de,,,
31111514,Extrusiones de,,,
31111515,Extrusiones de,,,
31111516,Extrusiones de,,,
31111517,Extrusiones de,,,
31111601,Extrusiones por,,,
31111602,Extrusiones por,,,
31111603,Extrusiones por,,,
31111604,Extrusiones por,,,
31111605,Extrusiones por,,,
31111607,Extrusiones por,,,
31111608,Extrusiones por,,,
31111610,Extrusiones por,,,
31111612,Extrusiones por,,,
31111614,Extrusiones por,,,
31111615,Extrusiones por,,,
31111616,Extrusiones por,,,
31111617,Extrusiones por,,,
31111701,Extrusiones en frío,,,
31111702,Extrusiones en frío,,,
31111703,Extrusiones en frío,,,
31111704,Extrusiones en frío,,,
31111705,Extrusiones en frío,,,
31111706,Extrusiones en frío,,,
31111707,Extrusiones en frío,,,
31111708,Extrusiones en frío,,,
31111710,Extrusiones en frío,,,
31111711,Extrusiones en frío,,,
31111712,Extrusiones en frío,,,
31111713,Extrusiones en frío,,,
31111714,Extrusiones en frío,,,
31111715,Extrusiones en frío,,,
31111716,Extrusiones en frío,,,
31111717,Extrusiones en frío,,,
31151501,Cuerda de algodón,,,
31151502,Cuerda de poliéster,,,
31151503,Cuerda de,,,
31151504,Cuerda de nylon,,,
31151505,Cable de acero,,,
31151506,"Cuerda de cáñamo cuerdas hechas de la dura, gruesa fibra de la planta de",,,
31151507,Cuerda o pita,,,
31151508,Cabuya,,,
31151509,Cuerda de caucho,,,
31151601,Cadenas de,,,
31151603,Cadenas de rodillos Una cadena de transmisión sirve para transmitir del,,,
31151604,Cadenas resistentes,,,
31151605,Cadenas de banda,,,
31151606,"Cadena ""jack""",,,
31151607,Cadenas corrientes,,,
31151608,Cadenas de bola,,,
31151609,Eslabones de cadena designación de una cerca hecha de eslabones de acero,,,
31151702,Cables de control no,,,
31151703,Cables elevadores,,,
31151704,Cable-vías,,,
31151705,Cable de acero no,,,
31151706,Cable de cobre no,,,
31151707,Cable de aluminio no,,,
31151803,Cuerda de acero,,,
31151804,Alambre de grapa,,,
31151901,"Correas de metal Una correa, a veces también llamado correa de cuero, es una",,,
31151902,"Correas de cuero Una larga tira de cuero utilizada para unir baúles, equipaje u",,,
31151903,"Correas de fibra Una tira larga y estrecha de material flexible como fibras. Correas de fibra,Correa de fibra Correas Cuerda, cadena, cable,",,,
31151904,Correas plásticas Un banda plana de plástico utilizada para la fijación o sujeción,,,
31151905,"Correas de caucho Una larga tira de caucho utilizada para unir baúles, equipaje u",,,
31152001,Alambre de navaja,,,
31152002,Alambre de púas,,,
31161501,"Tornillos de perno Un perno largo de rosca, por lo general con una cabeza",,,
31161502,"Tornillos de anclaje un perno para fijar una máquina, la estructura, o parte de ella",,,
31161503,Clavo-tornillo,,,
31161504,Tornillos de máquina,,,
31161505,Tornillos de presión,,,
31161506,Tornillos para lámina,,,
31161507,Tornillos roscadores,,,
31161508,Tornillos de rosca,,,
31161509,Tornillos para drywall,,,
31161510,Tornillo cautivo,,,
31161511,Tornillos de apriete Un tornillo que se bloquea en su lugar sin necesidad de una,,,
31161512,Tornillos de rosca,,,
31161513,Tornillos de cabeza,,,
31161514,Tornillos de,,,
31161516,Tornillo de orejas,,,
31161517,Tornillo de hombros,,,
31161518,Tornillo de enchufe,,,
31161601,Pernos de anclaje,,,
31161602,Pernos ciegos,,,
31161603,Pernos de carruaje Un gran perno de cabeza redonda usada esp para asegurar la,,,
31161604,Pernos de horquilla,,,
31161605,Pernos de cilindro,,,
31161606,Cerrojos de puerta Una barra o varilla que forma parte de un mecanismo de,,,
31161607,Pernos de expansión,,,
31161608,Tirafondos,,,
31161609,Tornillo de fiador,,,
31161610,Pernos de ojo,,,
31161611,Pernos de sujeción,,,
31161612,Pernos de espiga o,,,
31161613,Pernos de tensión,,,
31161614,Pernos estructurales Un tipo pesado del perno hexagonal diseñado para su uso en,,,
31161616,Pernos en u,,,
31161617,"Pernos de ala un tornillo con una cabeza como una tuerca de mariposa .. Pernos de palomilla,Perno de palomilla,tornillo Pernos Ferretería Componentes y suministros",,,
31161618,Varilla roscada,,,
31161619,Pernos prisioneros,,,
31161620,Pernos de cabeza,,,
31161621,Pernos elevadores Un perno ascensor es un perno similar a un perno de,,,
31161701,Tuercas de anclaje Una tuerca en la forma de un inserto roscado fuerza a,,,
31161702,Tuercas de,,,
31161703,Tuercas ciegas,,,
31161704,Tuercas de cañón,,,
31161705,Tuerca tapa,,,
31161706,Tuercas cautivas,,,
31161707,Tuercas almenadas,,,
31161708,Tuercas de canal,,,
31161709,Tuercas sujetadoras,,,
31161710,Tuercas de expansión,,,
31161711,Tuercas de ojo Un perno que tiene una cabeza de bucle diseñada para recibir,,,
31161712,Tuercas de brida,,,
31161713,Tuercas de manguera Pieza con un hueco labrado en espiral que ajusta,,,
31161714,Tuercas de inserción,,,
31161716,Contratuercas Una tuerca generalmente delgada atornillada en,,,
31161717,Tuercas de aletas Una tuerca con alas que proporcionan un agarre para el,,,
31161718,Tuercas de fiador,,,
31161719,Tuercas giratorias permite a dos materiales que se unen entre sí pero les,,,
31161720,Tuercas limitadoras,,,
31161721,Tuercas de resorte Un sujetador de bloqueo que funciona mediante una acción,,,
31161722,Tuercas de unión Pieza con un hueco labrado en espiral que ajusta y se utiliza,,,
31161723,Tuercas de placa con,,,
31161724,Tuercas de prensa Pieza con un hueco labrado en espiral que ajusta y se utiliza,,,
31161725,Tuercas abrazaderas Una tuerca de clip es un cierre flotante que se instala en cada,,,
31161726,Tuercas domo,,,
31161727,"Tuercas hexagonales Una tuerca con una forma hexagonal Tuercas hexagonales,Tuerca hexagonal Tuercas Ferretería Componentes y suministros",,,
31161728,Tuercas de acople,,,
31161729,Tuercas estriadas,,,
31161730,Tuercas cuadradas Un bloque pequeño (generalmente cuadrada o hexagonal) de,,,
31161731,Tuercas soldables,,,
31161801,Arandelas de,,,
31161802,Arandelas,,,
31161803,Arandelas de fijación Son aquellas que tienen la flexibilidad axial y se usan para,,,
31161804,Arandelas curvas,,,
31161805,Arandelas aislantes,,,
31161806,Arandelas de,,,
31161807,Arandelas planas,,,
31161808,Arandelas abiertas,,,
31161809,Arandelas reductoras Utilizada cuando los conectores son más pequeños que el,,,
31161810,Arandelas de,,,
31161811,Arandelas de resorte,,,
31161812,Arandelas cuadradas,,,
31161813,Arandelas giratorias,,,
31161814,Arandelas de empuje,,,
31161815,Arandelas de tope,,,
31161816,Espaciadores y,,,
31161817,Arandelas cónicas Un tipo de arandela de resorte utilizado con tornillos para,,,
31161818,Arandelas de sellado,,,
31161819,Juegos de arandelas,,,
31161820,Arandelas en domo,,,
31161901,Muelles helicoidales,,,
31161902,Muelles,,,
31161903,Muelles espirales Una forma de resorte que consiste en un alambre enrollado,,,
31161904,Resortes de,,,
31161905,Resortes para,,,
31161906,Muelles de disco Son componentes de tipo arandela de forma,,,
31161907,Muelles de extensión,,,
31161908,Muelles de torsión,,,
31162001,"Chinches Un clavo de alambre delgado, con una cabeza pequeña o un",,,
31162002,Clavos de sombrerete,,,
31162003,Clavos de acabado,,,
31162004,Clavos de,,,
31162005,"Clavos para tejados Un corto clavo para clavar las tejas de asfalto o similares, con",,,
31162006,Clavos de alambre Un clavo de alambre y que tiene una sección transversal,,,
31162007,Clavos de tapicería son clavos especialmente diseñados que se utilizan para,,,
31162008,Pasadores de,,,
31162101,Anclajes de concreto Son un anclaje de alta resistencia para la fijación,,,
31162102,Anclajes de cuña,,,
31162103,Anclajes de pared,,,
31162104,Anclajes de tornillo Un anclaje en forma de un tornillo puntiagudo con unas,,,
31162105,Anclajes de resina,,,
31162106,Anclaje de tubería,,,
31162107,Anclajes de,,,
31162108,Anclajes de amarre Elementos utilizados para colocarse en una superficie y servir,,,
31162201,Remaches ciegos,,,
31162202,Remaches de corona,,,
31162203,Remaches de cabeza,,,
31162204,Remaches completos Es un elemento de fijación que se emplea para unir de forma,,,
31162205,Remaches de,,,
31162206,Remaches de,,,
31162207,Remaches de,,,
31162208,Remaches de,,,
31162209,"Remaches de botón Elemento que se utiliza para unir el remache. Roblones de cabeza de botón,Remache de",,,
31162210,Remaches,,,
31162301,"Perfiles de montaje Son aquellos productos laminados, fabricados usualmente",,,
31162303,Barras de montaje Son aquellos productos cilindricos fabricados usualmente,,,
31162304,Regletas de montaje,,,
31162305,Abrazaderas de,,,
31162306,Soportes colgantes,,,
31162307,"Placas de montaje Plancha de metal, rigida u poco gruesa utilizada en el montaje",,,
31162308,Paneles de montaje,,,
31162309,"Estantes de montaje Elemento diseñado con entrepaños para un montaje. Estantes de montaje,Estante de montaje Ferretería de montaje Ferretería Componentes y suministros",,,
31162310,Correas de montaje Cinta de variado materialñ utilizado para rodear otro cuerpo y,,,
31162311,Bujes de pared,,,
31162312,Pasadores de,,,
31162313,"Kits de montaje Juego de cosas que sirven como un soporte, el",,,
31162401,"Aros interiores Un bucle flexible que sirve como una fijación, apoyo o refuerzo Anillos de cuerda,Anillo de cuerda,Arandelas",,,
31162402,Cerraduras,,,
31162403,Goznes o bisagras,,,
31162404,Grapas,,,
31162405,Tensores,,,
31162406,Cierres para,,,
31162407,Pestillo,,,
31162409,Pasador de horquilla,,,
31162410,Pasadores estriados,,,
31162411,Anillos elásticos,,,
31162412,Horquilla,,,
31162413,Cierre de presión,,,
31162414,Abrazadera Un pedazo de metal o madera con brazos salientes o,,,
31162415,Uñeta,,,
31162417,Pasadores de,,,
31162418,Ataduras de torsión,,,
31162501,Soportes para,,,
31162502,"Soportes en escuadra Un soporte de metal en forma de L Soportes en escuadra,Soporte en escuadra Soportes y puntales Ferretería Componentes y suministros",,,
31162503,"Puntales Un dispositivo que sostiene o sujeta dos o más partes, junto o",,,
31162504,Soportes para,,,
31162505,Soportes de montaje,,,
31162506,Soporte de pared Un soporte que se proyecta desde una pared (como para,,,
31162507,Soportes de piñón Sostén para rueda pequeña y dentada que engrana con otra,,,
31162601,"Ganchos giratorios Un gancho con una conexión giratoria a su base u ojo. Ganchos giratorios,Gancho giratorio Ganchos Ferretería Componentes y suministros",,,
31162602,Ganchos de resorte Un gancho de cierre al final de un broche de presión del,,,
31162603,Ganchos en s,,,
31162604,Ganchos de,,,
31162605,Ganchos de,,,
31162606,"Ganchos en j Un gancho en la forma de la letra ""J""  Ganchos en J,Gancho en J Ganchos Ferretería Componentes y suministros",,,
31162607,Ganchos de alambre,,,
31162608,"Ganchos de grúa Un gancho que tiene una garganta estrecha, adaptados para",,,
31162609,Ganchos de atornillar Un pequeño gancho con un vástago roscado para,,,
31162610,Ganchos de tablero Ganchos que se colocan en un material parecido a un tablero,,,
31162611,Gancho de,,,
31162701,Ruedas para muebles,,,
31162702,Ruedas,,,
31162703,Deslizadoras Elementos mecánicos utilizado para arrastrar otro cuerpo con,,,
31162704,Puntas de rodillo Elementos con formas de punta que se ponen sobre un,,,
31162801,Chapas o pomos Un asa redondeada que se tira o se gira Asideros o,,,
31162802,"Insertos Armadura de metal que abraza y asegura lo que se engasta. Engastes,Engaste Ferretería en general Ferretería Componentes y suministros",,,
31162803,Grilletes Grillete es un útil de elevación que se suele usar como pieza,,,
31162804,Topes de puerta,,,
31162805,Cable dedal,,,
31162806,Cubiertas de tornillos Elementos de diferentes materiales utilizado para colocar,,,
31162807,Palancas,,,
31162808,Barras de pánico,,,
31162809,Pasadores,,,
31162810,Empalmes o placas,,,
31162811,Collar del eje,,,
31162901,Abrazaderas de,,,
31162902,Abrazaderas de,,,
31162903,Abrazaderas de,,,
31162904,Abrazadera de cable,,,
31162905,Abrazadera para viga,,,
31162906,Abrazaderas de,,,
31163001,Acoples,,,
31163002,Acoples por,,,
31163003,"Acoples metálicos Un dispositivo de metal que une o conecta Embragues metálicos,Embrague metálico Embragues Ferretería Componentes y suministros",,,
31163004,Acoples en miniatura,,,
31163005,Manguitos de,,,
31163101,Desconectores,,,
31163102,Férula Un anillo de metal o tapa colocados alrededor de un poste o,,,
31163103,Conector de,,,
31163201,Pasadores de resorte,,,
31163202,Anillos de retención,,,
31163203,Pasador de espiga,,,
31163204,Pasador de horquilla En ingeniería mecánica de un pin o una cuña que pasa a,,,
31163205,Pasadores de cono,,,
31163207,Horquillas de eje o,,,
31163208,Bloquecillo Elementos desmontables de la máquina que se utilizan para,,,
31163209,Soportes o retenes,,,
31163210,Collares de retención Para mantener los rodamientos en las herramientas,,,
31163211,Grapas de retención,,,
31163212,Pasadores roscados,,,
31163213,Pasadores de pivote,,,
31163214,Pasadores de,,,
31163215,Pasadores estriados,,,
31163301,Montante de dos,,,
31171501,Rodamientos,,,
31171502,Rodamientos radiales Un cojinete de bolas en el que la dirección de la acción de la,,,
31171503,Rodamientos de,,,
31171504,Rodamientos de,,,
31171505,Rodamientos de,,,
31171506,Rodamientos lineales Es un cojinete diseñado para proporcionar un,,,
31171507,Rodamientos de,,,
31171508,Rodamientos de,,,
31171509,Rodamientos de,,,
31171510,Rodamientos,,,
31171511,Soportes de cojinetes,,,
31171512,Rodamiento de,,,
31171513,Rodamientos,,,
31171515,Rodamientos simples,,,
31171516,Rodamientos cónicos,,,
31171518,Jaula de rodamiento El separador que hace espacios y retiene los elementos,,,
31171520,Muñones de,,,
31171521,Bolas o rodillos de,,,
31171522,Rodamientos,,,
31171523,Rodamientos,,,
31171524,Tapas de,,,
31171525,Revestimientos de,,,
31171526,Almohadillas de,,,
31171527,Conos de rodamiento El anillo interior del cojinete que se fija a y / o se presiona,,,
31171528,Rodamiento partido Un cojinete del eje hecho en dos piezas que se atornillan,,,
31171529,Sombreretes de,,,
31171603,Bujes de taladro Un tubo de acero endurecido utilizado para,,,
31171604,Bujes pilotos,,,
31171605,Bujes de eje Un buje es el elemento de una máquina donde se apoya y gira,,,
31171606,Bujes de brida,,,
31171704,Engranajes de,,,
31171706,Engranajes cónicos,,,
31171707,Engranajes rectos Un engranaje con dientes radialmente puestos en orden en el,,,
31171708,Engranajes biselados,,,
31171709,Engranajes,,,
31171710,Engranajes piñón Un piñón es un engranaje redondo usado en varias,,,
31171711,Engranajes de anillo,,,
31171712,Engranajes de,,,
31171713,Engranajes laterales Mecanismo utilizado para transmitir potencia de un,,,
31171714,Engranajes,,,
31171801,"Ruedas dentadas Con ruedas que tienen dientes Ruedas dentadas,Rueda dentada Ruedas industriales",,,
31171802,"Ruedas motrices El disco rotativo con paletas en un compresor centrífugo. Ruedas motrices,Rueda motriz Ruedas industriales",,,
31171803,Rueda voladora,,,
31171804,Poleas,,,
31171805,"Cepillos de rueda Instrumento hecho de cerdas distribuidas en una rueda, que",,,
31171806,Ruedas de rodillos,,,
31181501,Juntas obturadoras,,,
31181502,Juntas obturadoras,,,
31181503,Juntas obturadoras,,,
31181504,Juntas obturadoras,,,
31181505,Juntas obturadoras,,,
31181506,Juntas teóricas,,,
31181508,Juntas bulonadas Uniones atornilladas de elementos de acero conformados en,,,
31181509,Equipos de,,,
31181510,Juntas de silicona,,,
31181511,Juntas líquidas Un sellador de juntas vulcanizado a temperatura ambiente (a,,,
31181512,Juntas de fibra,,,
31181601,Sellos de plástico,,,
31181602,Sellos de caucho,,,
31181603,"Sellos metálicos Elemento de metal utilizado para sellar. Sellos metálicos,Sello metálico Sellos industriales Empaques, glándulas,",,,
31181604,Sello mecánico,,,
31181605,Sellos de diafragma,,,
31181606,Juegos de sellos Juego de dispositivos que se unen a dos sistemas o elementos,,,
31181607,Manguitos de mástil,,,
31181701,"Empaques El material utilizado para evitar la fuga o filtración, como en",,,
31181702,Prensaestopas,,,
31181703,Deflectores de aceite,,,
31191501,Papeles abrasivos Papel grueso recubierto en un lado con arena u otro material,,,
31191502,Pulidor,,,
31191504,Telas abrasivas Tela resistente a cuya superficie se le ha unido un abrasivo tal,,,
31191505,Almohadillas,,,
31191506,"Discos abrasivos Almohadillas circulares de papel, metal, o plástico planas",,,
31191507,Cintas abrasivas,,,
31191508,Polvo de diamante Diamantes mal cristalizados usados ​​para el corte industrial y,,,
31191509,"Pulidores abrasivos Herramienta para pulir superficies y desgastarlos Pulidores abrasivos,Pulidor abrasivo Abrasivos y medios de",,,
31191510,Piedras abrasivas,,,
31191511,Virutas de acero Fibras finas de acero enmarañado o entrelazadas para formar,,,
31191512,Chorro de balines o,,,
31191513,Cuentas de vidrio,,,
31191514,Medio amortiguador Elemento utilizado para absorver vibraciones. Media amortiguador Abrasivos y medios de,,,
31191515,Malla abrasiva,,,
31191516,Rollos de cartucho,,,
31191517,Planchas de esmeril Una lima de uñas que consiste en una tira de cartón,,,
31191518,Carburo de,,,
31191519,Tambores abrasivos,,,
31191602,Ruedas abrasivas de,,,
31191603,Ruedas abrasivas de,,,
31201501,Cinta de ductos,,,
31201502,Cinta aislante,,,
31201503,Cinta de enmascarar,,,
31201504,Cinta para alfombras Cinta de doble cara utilizada para pegar el borde de la,,,
31201505,"Cinta doble faz Cintas adhesivas,soporte con adhesivo por ambos lados, Cinta adhesiva de doble cara Cinta adhesiva Adhesivos y selladores Componentes y suministros",,,
31201506,Cinta de bísmalemida Elemento de bízmale mida utilizado para unir de manera,,,
31201507,Cinta de fibra de,,,
31201508,Cinta de grafito,,,
31201509,Cinta de nylon,,,
31201510,Cinta impregnada de,,,
31201511,Cinta de malla,,,
31201512,Cinta adhesiva,,,
31201515,Cintas de papel,,,
31201516,Cinta reflectiva,,,
31201517,Cinta para,,,
31201518,Cinta conductora de,,,
31201519,Cinta para reparar,,,
31201520,Cinta para marcar,,,
31201521,Cinta metálica,,,
31201523,Cinta de tela,,,
31201524,Cinta para,,,
31201525,Cinta de vinilo Cinta confeccionado de vinil para unir elementos. cinta de Vinil Cinta adhesiva Adhesivos y selladores Componentes y suministros,,,
31201526,Cinta magnética Una cinta de plástico recubierta de óxido de hierro para uso,,,
31201527,Cintas de espuma,,,
31201528,Cinta de montaje,,,
31201601,Adhesivos químicos,,,
31201602,"Pastas Mezcla suave , lisa y gruesa de algún material Pastas,Pasta Otros adhesivos y",,,
31201603,Gomas,,,
31201604,"Cementos de caucho De caucho no vulcanizado en un disolvente orgánico, que se",,,
31201605,Masillas,,,
31201606,Calafateos,,,
31201607,Aglomerante epoxy,,,
31201608,Adhesivos de espuma,,,
31201609,Adhesivos de termo,,,
31201610,Pegamentos Cemento que consiste en una sustancia pegajosa que se,,,
31201611,Adhesivos de lámina Una hoja delgada y transparente que se adhiere a una,,,
31201612,Selladores de rosca Es un (PTFE) de cortes de película de politetrafluoroetileno de,,,
31201613,Adhesivo reusable Elemento de adhesión que se puede reutilizar. Adhesivo re-usable Otros adhesivos y,,,
31201614,Lacre Una composición resinosa que es plástica cuando se calienta,,,
31201615,Activadores del,,,
31201616,Adhesivos líquidos Una combinación de un material adhesivo y un vehículo,,,
31201617,Cementos,,,
31211501,Pinturas de esmalte,,,
31211502,"Pinturas de agua Pintura en el que se utiliza agua como el vehículo Pinturas con base acuosa,Pintura con base",,,
31211503,Pinturas basadas en,,,
31211504,Pinturas de,,,
31211505,"Pinturas de aceite Una pintura en la que el vehículo es un aceite secante. Pinturas aceitosas,Pintura aceitosa Pinturas y tapa poros Pinturas y bases y",,,
31211506,Pinturas de látex Una pintura que tiene un aglutinante de látex. También se,,,
31211507,Pinturas en aerosol Pintura en un recipiente de aerosol para pulverizar sobre,,,
31211508,Pinturas acrílicas Pintura en un recipiente de aerosol para pulverizar sobre,,,
31211509,Bases para esmalte,,,
31211510,Bases de poliuretano,,,
31211511,Bases de uretano,,,
31211512,Bases de látex,,,
31211603,"Secantes de pintura Una sustancia que se añade a la pintura, barniz o tinta para",,,
31211604,Extensor o,,,
31211605,Agentes,,,
31211606,Agentes niveladores Son sustancias que se utilizan como aditivo de pintura que,,,
31211701,Vitrificados Un revestimiento transparente que se aplica a la superficie de,,,
31211702,"Lustres Cualquiera de varias sustancias, como la cera o barniz, que se",,,
31211703,Lacas,,,
31211704,"Sellantes Uno que sella, como una primera capa de pintura o barniz",,,
31211705,Barniz de laca,,,
31211706,Tinturas Una sustancia líquida aplicada especialmente a la madera que,,,
31211707,Barnices,,,
31211708,Recubrimiento de,,,
31211801,Removedores de,,,
31211803,Diluyentes para,,,
31211901,Paños para,,,
31211902,Herramientas para,,,
31211903,Equipo para,,,
31211904,Brochas,,,
31211905,Mezcladores de,,,
31211906,Rodillos de pintar Un rodillo que tiene una superficie absorbente utilizado para,,,
31211908,Pistolas de pintar Un dispositivo que rocía pintura en una forma finamente,,,
31211909,"Bandejas de pintura  Pieza plana o algo cóncava para servir, presentar o depositar",,,
31211910,Guantes para pintar Un guante que deja los extremos inferiores de los dedos,,,
31211912,Varillas telescópicas Dispositivo utilizado para poder alcanzar altas superficies a,,,
31211913,Boquillas de pintura Una boquilla de pulverización es un dispositivo de precisión,,,
31211914,Cepillos de aire Un atomizador usando aire comprimido para pulverizar un,,,
31211915,"Coladores de pintura Un filtro utilizado para limpiar la pintura, ya que se vierte en el",,,
31211916,Forradores de,,,
31211917,Cubiertas para,,,
31231101,Aluminio en barra,,,
31231102,Berilio en barra,,,
31231103,Latón en barra,,,
31231104,Bronce en barra,,,
31231105,Cobre en barra,,,
31231106,Hierro en barra,,,
31231107,Plomo en barra,,,
31231108,Magnesio en barra,,,
31231109,Metal precioso en,,,
31231110,Acero inoxidable en,,,
31231111,Estaño en barra,,,
31231112,Titanio en barra,,,
31231113,Cinc en barra labrada Zinc comprado a los fabricantes de metal en forma de barras,,,
31231114,Aleación no ferrosa,,,
31231115,Aleación ferrosa en,,,
31231116,Acero en barra,,,
31231117,Compuestos en,,,
31231118,Aleación de níquel,,,
31231119,Material no metálico,,,
31231201,Aluminio en placa,,,
31231202,Berilio en placa,,,
31231203,Latón en placa,,,
31231204,Bronce en placa,,,
31231205,Cobre en placa,,,
31231206,Hierro en placa,,,
31231207,Plomo en placa,,,
31231208,Magnesio en placa,,,
31231209,Metal precioso en,,,
31231210,Acero inoxidable en,,,
31231211,Estaño en placa,,,
31231212,Titanio en placa,,,
31231213,"Cinc en placa labrada Piezas planas de zinc que se cortan, dan forma o o se les da",,,
31231214,Aleación no ferrosa,,,
31231215,Aleación ferrosa en,,,
31231216,Acero en placa,,,
31231217,Compuestos en,,,
31231218,Aleación de níquel,,,
31231219,Material no metálico,,,
31231301,Tubería de aleación,,,
31231302,Tubería de cobre Una tubería o cañería es un conducto que cumple la función,,,
31231303,Tubería de titanio Una tubería o cañería es un conducto que cumple la función,,,
31231304,Tubería de magnesio Una tubería o cañería es un conducto que cumple la función,,,
31231305,Tubería de estaño Una tubería o cañería es un conducto que cumple la función,,,
31231306,Tubería de latón Una tubería o cañería es un conducto que cumple la función,,,
31231307,Tubería de plomo Una tubería o cañería es un conducto que cumple la función,,,
31231308,Tubería de bronce Una tubería o cañería es un conducto que cumple la función,,,
31231309,Tubería de cinc Una tubería o cañería es un conducto que cumple la función,,,
31231310,Tubería de acero Una tubería o cañería es un conducto que cumple la función,,,
31231311,Tubería de hierro Una tubería o cañería es un conducto que cumple la función,,,
31231312,Tubería de cemento Una tubería o cañería es un conducto que cumple la función,,,
31231313,Tubería de plástico Una tubería o cañería es un conducto que cumple la función,,,
31231314,Tubería de goma Una tubería o cañería es un conducto que cumple la función,,,
31231315,Tubería de cristal Una tubería o cañería es un conducto que cumple la función,,,
31231316,Tubería de piedra Una tubería o cañería es un conducto que cumple la función,,,
31231317,Tubería de aleación,,,
31231318,Tubería de aluminio Una tubería o cañería es un conducto que cumple la función,,,
31231319,Tubería de acero,,,
31231320,Tubería de metal,,,
31231321,Tuberías de nailon Una tubería o cañería es un conducto que cumple la función,,,
31231401,Platina de latón Reservas de hoja o lámina de metal de bronce Reservas de chapa de bronce Suplementos,,,
31231402,Platina de acero Reservas de hoja o lámina de metal de acero Reserva de chapa de acero Suplementos,,,
31231403,Platina de acero,,,
31231404,Platina de aluminio Reservas de hoja o lámina de metal de aluminio Reserva de chapa de aluminio Suplementos,,,
31231405,Platina de cobre Reservas de hoja o lámina de metal de bronce Reserva de chapa de cobre Suplementos,,,
31241501,"Lentes Son objetos transparentes (normalmente de vidrio), limitados",,,
31241502,Prismas,,,
31241601,Cristales de filtro Elementos de cristal utilizado como un medio para filtrar en,,,
31241602,"Discos de cristal Elementos de cristal que se utilizan para fabricar los lentes. Discos de cristal,Disco de cristal,lentes,gafas Cristales ópticos Óptica industrial Componentes y suministros",,,
31241603,"Vidrio moldeado Son los elementos ya formados para utilizarlos para los lentes. Cristal moldeado,lentes,gafas Cristales ópticos Óptica industrial Componentes y suministros",,,
31241604,Cristales de prismas Son elementos de prisma utilizados para la confección de,,,
31241605,Cristales de silicio Son elementos de silicio utilizados para la confección de,,,
31241606,Cristales de germanio Son elementos de germanio utilizados para la confección de,,,
31241607,Barras redondas Elemento de metal de forma redonda utilizado para formar,,,
31241608,Barras cuadradas Elemento de metal de forma cuadrada utilizado para formar,,,
31241609,Cristales indicadores,,,
31241610,Blancos de material,,,
31241702,Espejos metálicos,,,
31241703,Espejos parabólicos,,,
31241704,Espejos sin,,,
31241705,Espejos para láser,,,
31241801,Filtros ópticos de,,,
31241802,"Filtros de gradiente Es un filtro óptico que tiene una transmisión de luz variable. Filtros de gradiente,Filtro de gradiente Filtros ópticos Óptica industrial Componentes y suministros",,,
31241803,Filtros infrarrojos,,,
31241804,Filtros de láser,,,
31241805,Filtros de banda,,,
31241806,Filtros de película de,,,
31241807,Filtros visuales,,,
31241901,Bóvedas de,,,
31241902,Bóvedas torneadas,,,
31241903,Bóvedas metálicas Construcción metálica en forma de arco que cubre el espacio,,,
31241904,Bóvedas de vidrio,,,
31241905,Bóvedas moldeadas,,,
31241906,Bóvedas,,,
31241907,Bóvedas formadas Elemento de la arquitectura que se asemeja a la mitad,,,
31241908,Bóvedas frangibles Elemento de la arquitectura que se asemeja a la mitad,,,
31242001,Ventana externa de,,,
31242002,Ventanas de lentes,,,
31242003,Ventana visual de,,,
31242101,Monturas ópticas,,,
31242103,Aberturas o ranuras,,,
31242104,Soportes o carriles,,,
31242105,Identificadores de,,,
31242106,Recubrimientos,,,
31242201,Divisores del haz,,,
31242202,Polarizadores,,,
31242203,Despolarizadores,,,
31242204,Difusores ópticos,,,
31242205,Retardadores ópticos Es un dispositivo óptico que altera el estado de polarización,,,
31242206,Vidrios ópticamente,,,
31242207,Montajes ópticos,,,
31242208,Picadores ópticos,,,
31251501,Activadores eléctricos,,,
31251502,Activadores,,,
31251503,Activadores,,,
31251504,Activadores,,,
31251505,Servoválvula Son accionadores de tipo neumático o hidráulico que,,,
31251506,Activadores por,,,
31251507,Activadores,,,
31251508,Activadores,,,
31251509,Activadores,,,
31251510,Solenoides,,,
31251511,Activadores lineales,,,
31251601,Efectores finales,,,
31261501,Cubiertas y carcasas,,,
31261502,Cubiertas y carcasas,,,
31261503,Cubiertas y carcasas,,,
31261504,Carcasas de cajas de,,,
31261505,Carcasas de,,,
31281502,Componentes de,,,
31281504,Componentes de,,,
31281509,Componentes de,,,
31281510,Componentes de,,,
31281511,Componentes de,,,
31281512,Componentes de,,,
31281514,Componentes de,,,
31281515,Componentes de,,,
31281516,Componentes de,,,
31281517,Componentes de,,,
31281521,Estampados,,,
31281701,Componentes de,,,
31281801,Componentes de,,,
31281803,Componentes de,,,
31281809,Componentes no,,,
31281810,Componentes de,,,
31281811,Componentes de,,,
31281813,Componentes de,,,
31281814,Componentes de,,,
31281815,Componentes de,,,
31281816,Componentes de,,,
31281817,Componentes de,,,
31281818,Componentes de,,,
31281819,Componentes de,,,
31282003,Componentes de,,,
31282006,Componentes de,,,
31282008,Componentes de,,,
31282016,Componentes de,,,
31282019,Componentes de,,,
31321101,Ensambles de barras,,,
31321104,Ensambles de barras,,,
31321106,Ensambles de barras,,,
31321110,Ensambles de barras,,,
31321112,Ensambles de barras,,,
31321113,Ensambles de barras,,,
31321312,Ensambles de barras,,,
31321313,Ensambles de barras,,,
31321712,Ensambles de barras,,,
31321713,Ensambles de barras,,,
31351312,Ensambles de tubos,,,
31351313,Ensambles de tubos,,,
31351401,Ensambles de tubos,,,
31351404,Ensambles de tubos,,,
31351406,Ensambles de tubos,,,
31351410,Ensambles de tubos,,,
31351412,Ensambles de tubos,,,
31351413,Ensambles de tubos,,,
31351512,Ensambles de tubos,,,
31351513,Ensambles de tubos,,,
31361101,Ensambles de placas,,,
31361104,Ensambles de placas,,,
31361106,Ensambles de placas,,,
31361110,Ensambles de placas,,,
31361112,Ensambles de placas,,,
31361113,Ensambles de placas,,,
31361212,Ensambles de placas,,,
31361213,Ensambles de placas,,,
31361712,Ensambles de placas,,,
31361713,Ensambles de placas,,,
31371001,Paneles aislantes,,,
31371002,Lana aislante,,,
31371003,Sábanas refractarias Elementos diseñados para resistir la acción del fuego sin,,,
31371101,Ladrillo de mulita,,,
31371102,Ladrillos de silimanita Es una pieza de construcción fabricada en alumino-silicato,,,
31371103,Ladrillos resistentes,,,
31371104,Ladrillos de sílice ladrillo hecho de cuarcita triturada unido con lechada de cal y,,,
31371105,Ladrillos de alta,,,
31371106,Ladrillos de silicato,,,
31371107,"Ladrillos con formas Cualquier ladrillo con un tamaño no estándar y / o forma. Ladrillos formados,Ladrillo formado Ladrillos refractarios Refractarios Componentes y suministros",,,
31371201,Moldeables densos,,,
31371202,Moldeables de,,,
31371203,Moldeables bajos en,,,
31371206,Moldeables sic Se refiere a la propiedad de ciertos materiales de resistir,,,
31371207,Moldeables de auto,,,
31371208,Moldeable tabular,,,
31371209,Moldeable resistente,,,
31371301,Bloques porosos,,,
31371302,Boquillas de zircón Se llama boquillas a todos los tubos adicionales de pequeña,,,
31371401,Tejas de sílice,,,
32101503,Conjuntos de,,,
32101506,Tarjetas de circuito,,,
32101508,Tarjetas de circuito,,,
32101509,Tarjetas de circuito,,,
32101510,Tablero de cables,,,
32101512,Demoduladores,,,
32101514,"Amplificadores Dispositivo que, mediante la utilización de energía, magnifica",,,
32101515,Atenuadores Dispositivo electrónico que reduce la potencia de una señal,,,
32101516,Circuladores,,,
32101517,Acopladores,,,
32101518,Líneas de retardo,,,
32101519,Detectores,,,
32101520,"Cargas simuladas Dispositivo utilizado para simular una carga eléctrica, por lo",,,
32101521,Filtros de,,,
32101522,Aisladores,,,
32101523,"Mezcladores Dispositivo para mezclar dos o más señales electrónicas. Mezcladores,Mezclador,mezclador de",,,
32101524,Variadores de fase Red de microondas que proporciona un desplazamiento de,,,
32101525,Multiplexores,,,
32101526,Amplificadores de,,,
32101527,Terminaciones,,,
32101528,Moduladores Accesorio que se utilizar para transportar información sobre,,,
32101601,Memoria de acceso,,,
32101602,Memoria ram,,,
32101603,Memoria ram,,,
32101604,Memoria rom,,,
32101608,Memoria de sólo,,,
32101611,Lógica de matriz,,,
32101612,Lógica de matriz de,,,
32101613,Lógica transistor-,,,
32101614,Lógica de emisor,,,
32101615,Tecnología mos,,,
32101616,Tecnología cmos,,,
32101617,Tarjetas inteligentes,,,
32101619,Circuitos integrados,,,
32101620,Circuitos integrados,,,
32101621,Memoria dram,,,
32101622,Memoria flash Permite la lectura y escritura de múltiples posiciones de,,,
32101623,Memoria rdram,,,
32101624,Memoria sgram,,,
32101626,Microprocesadores,,,
32101627,Osciladores de reloj,,,
32101628,Microcontroladores,,,
32101629,Amplificadores,,,
32101632,Circuitos integrados,,,
32101633,Puertas lógicas,,,
32101634,Circuitos basculantes,,,
32101635,Registros de,,,
32101636,Procesador de señal,,,
32101637,Procesadores de red Un chip de la CPU programable que está optimizado para las,,,
32111501,Diodos de,,,
32111502,Diodos zener Diodo de cromo1 que se ha construido para que funcione en,,,
32111503,Diodos emisores de,,,
32111504,Diodos schottky,,,
32111505,Diodos con efecto,,,
32111506,"Diodos fotosensibles Un semiconductor construido con una unión PN, sensible a la",,,
32111507,Diodos de,,,
32111508,Diodos solares,,,
32111509,Diodos de energía,,,
32111510,Diodos de,,,
32111511,Diodos de señal,,,
32111512,Diodo láser,,,
32111601,Transistores,,,
32111602,Transistor de efecto,,,
32111604,Chips de transistor Dispositivo electrónico semiconductor que cumple funciones,,,
32111608,Transistores,,,
32111701,"Células fotovoltaicas Dispositivos que convierten energía solar en electricidad Células fotovoltaicas,Célula fotovoltaica Aparatos",,,
32111702,Tiristores,,,
32111703,Diacs,,,
32111704,Triacs,,,
32111705,Aisladores acoplados,,,
32111706,Osciladores a cristal,,,
32121501,Capacitores fijos,,,
32121502,Capacitores o,,,
32121504,Redes de capacitores Una matriz de condensador es un grupo de condensadores,,,
32121602,Resistores fusibles,,,
32121603,Resistores o,,,
32121607,"Redes de resistores Una red eléctrica compuesta enteramente de resistencias. Redes de resistores,Red de resistores Resistores Componentes pasivos",,,
32121609,Resistores fijos,,,
32121701,Rectificadores Elemento o circuito que permite convertir la corriente alterna,,,
32121702,Inductores,,,
32121703,Ferritas,,,
32121704,Convertidores,,,
32121705,Inversores,,,
32131001,Piletas térmicas Es un instrumento que se utiliza para bajar la temperatura de,,,
32131002,Matrices de,,,
32131003,Pastillas de,,,
32131005,Paquetes de,,,
32131006,Soportes o zócalos,,,
32131008,Compuestos,,,
32131009,Aisladores para,,,
32131010,Tarjetas sencillas de,,,
32131011,Cubiertas de,,,
32131012,Objetivos de erosión,,,
32141001,Tubos de rayos,,,
32141002,Klistrones Es una válvula de vacío de electrones en la cual se produce,,,
32141003,Magnetrones Es un dispositivo que transforma la energía eléctrica en,,,
32141004,Tubos de ondas,,,
32141005,Tubos de disco,,,
32141006,Resnatrones,,,
32141007,Tiratrones,,,
32141008,Ignitrones,,,
32141009,Tubos fotoeléctricos,,,
32141010,Tubos,,,
32141011,Tubos receptores de,,,
32141012,Tubo de diodo Un tubo electrónico que tiene un cátodo y un ánodo. Tubo de diodo Tubos electrónicos,,,
32141013,Tubo de tríodo,,,
32141014,"Tubos de tetrodo Válvula termoiónica constituida por cuatro electrodos: cátodo,",,,
32141015,Tubos de pentodo,,,
32141016,"Tubos múltiples Son válvulas al vacío utilizado en los transistores. Tubos múltiples,Tubo múltiple Tubos electrónicos",,,
32141101,Cátodos o emisores,,,
32141102,Elementos de ánodo,,,
32141103,"Elementos de rejilla Es una abertura de lado a lado para aberturas en lámparas,",,,
32141104,Elementos,,,
32141105,Obturadores o,,,
32141106,"Bases de tubo Bases de lámparas fluorescentes compactas Bases de tubo,Base de tubo Piezas y accesorios de",,,
32141107,Zócalos de tubo,,,
32141108,"Clavijas de electrodo Es un dispositivo de seguridad. Clavijas de electrodo,Clavija de electrodo Piezas y accesorios de",,,
32141109,Portaelectrodos,,,
39101601,Lámparas halógenas,,,
39101602,Lámparas médicas,,,
39101603,Lámparas solares,,,
39101604,Lámparas de alcohol,,,
39101605,Lámparas,,,
39101606,Lámparas de arco,,,
39101609,Lámparas de,,,
39101610,Lámparas de,,,
39101612,Lámparas,,,
39101613,Lámparas infrarrojas,,,
39101614,Lámparas de haluro-,,,
39101615,Lámparas de vapor,,,
39101616,Lámparas de rayos,,,
39101617,Lámparas de sodio,,,
39101618,Lámparas de neón Es una lámpara de descarga de gas que contiene,,,
39101628,Lámpara Led,,,
39101701,Tubos fluorescentes,,,
39101801,Filamento de,,,
39111501,Artefactos,,,
39111503,Dispositivos de pared Todo aquel dispositivo de iluminación que va instalado en las,,,
39111505,Iluminación,,,
39111506,Arañas de luces,,,
39111507,Artefactos de,,,
39111508,Alumbrado de pista,,,
39111509,Lámparas de pie Es una luminaria que cuenta con una lámpara puede ser de,,,
39111510,Lámparas de mesa Es una luminaria que cuenta con una lámpara puede ser de,,,
39111512,Luces de banco de,,,
39111513,Iluminación solar,,,
39111514,Luces de árboles Es un elemneto de iluminación con forma de árbol que sirve,,,
39111516,Aparatos para,,,
39111517,Velas de Cera,,,
39111518,Luz de mano o de,,,
39111519,Portavelas Es un objeto que tiene como principal función dar soporte a,,,
39111520,Artefactos de,,,
39111521,Plafones Todo aquel dispositivo de iluminación que va instalado en,,,
39111603,Alumbrado de la vía,,,
39111605,Iluminación,,,
39111606,Alumbrado,,,
39111608,Alumbrado de zonas,,,
39111702,Lámparas portátiles Es un aparato portátil de iluminación que funciona mediante,,,
39111703,"Luces de tormenta Dispositivos de iluminación que se utiliza en tormentas. Luces de tormenta,Luz de tormenta Alumbrado de",,,
39111704,Luces proyectantes Dispositivos de iluminación que se utiliza para proyectar a,,,
39111705,Barras fluorescentes,,,
39111801,Balastos de lámparas,,,
39111802,Cubiertas de lámpara Cubierta protectora diseñada para contener o soportar un,,,
39111803,Enchufes de,,,
39111804,Casquillos de,,,
39111806,Cajas de iluminación,,,
39111808,"Parrillas Es una abertura de lado a lado para aberturas en lámparas,",,,
39111810,Interruptor de,,,
39111811,Líneas férreas,,,
39111812,Pantallas de,,,
39111813,"Brazos de lámparas Pieza alargada que sale del cuerpo central. Brazos de lámpara,Brazo de lámpara Accesorios de",,,
39112001,Torre de luz,,,
39112002,Carro de iluminación Dispositivo que contiene un equipo de iluminación y cuenta,,,
39112003,"Stand de iluminación Una pequeña mesa o soporte sobre el que se coloca una luz Stand de iluminación Proyectores móviles Iluminación,",,,
39121003,Transformadores de,,,
39121004,Unidades de,,,
39121007,Conversores de,,,
39121008,Conversores de,,,
39121010,Bobinas magnéticas,,,
39121012,Estrangulador Es un inductor diseñado para tener una reactancia muy,,,
39121013,Convertidores,,,
39121014,Bancos de,,,
39121015,Reactores,,,
39121016,Anillos colectores,,,
39121018,Barreras de,,,
39121020,Acondicionadores de,,,
39121101,Centros de carga,,,
39121102,Tomas o centros de,,,
39121103,Paneles,,,
39121104,Centros de control,,,
39121105,Sistemas de,,,
39121107,Sistemas de control,,,
39121109,Transformadores de,,,
39121201,Escalerillas,,,
39121202,Canalización eléctrica,,,
39121203,Conductos eléctricos,,,
39121204,"Cables aéreos un conducto para cables Cables aéreos,Cable aéreo",,,
39121205,"Canaletas para cables Un canal cerrado, por lo general por debajo de un suelo, que",,,
39121206,Cerramientos de,,,
39121207,Conductos para,,,
39121302,Placas o cubiertas de,,,
39121303,Cajas eléctricas,,,
39121304,Cubiertas de cajas,,,
39121305,Cajas a prueba de,,,
39121306,Cajas de,,,
39121307,Cajas de suelo,,,
39121308,Cajas de toma de,,,
39121309,Cajas eléctricas,,,
39121310,Cajas de uso general,,,
39121311,"Accesorios eléctricos Utensilios auxiliares eléctricos que se pueden necesitar. Accesorios eléctricos,Accesorio eléctrico",,,
39121312,Bujes eléctricos Dispositivo de aislamiento que permite el paso seguro de la,,,
39121313,Bridas de techo Accesorios utilizados parar sostener partes del sistema de,,,
39121402,Enchufes eléctricos,,,
39121403,Enchufe de bloqueo,,,
39121404,Manguitos eléctricos,,,
39121405,Terminales de cable,,,
39121406,Receptáculos,,,
39121407,Strips de conexiones,,,
39121408,Conexiones,,,
39121409,Conectores de cables,,,
39121410,Bloques de,,,
39121411,Cajas de Bornes para,,,
39121412,Conectores de,,,
39121413,"Conectores circulares Dispositivo circular para unir circuitos eléctricos. Conectadores circulares,Conectador circular",,,
39121414,"Conectores coaxiales Dispositivo coaxial para unir circuitos eléctricos. Conectores coaxiales,Conector coaxial",,,
39121415,"Conectores planos Dispositivo plano para unir circuitos eléctricos. Conectadores planos,Conectador plano",,,
39121416,Tapas de conectores,,,
39121419,Conexiones flexibles,,,
39121420,Conectores,,,
39121421,Ensambles de,,,
39121422,Acoplamientos,,,
39121423,Conectores de,,,
39121424,Tapas del bloque de,,,
39121425,Separador de tablero,,,
39121426,Puente de conexión Barra de puente para conectar los bloques de terminales,,,
39121427,"Bobinadoras de cable Permite bobinar, medir y cortar cable en rollos y bobinas de Ø",,,
39121428,Bobinadoras,,,
39121429,Conector de fibra,,,
39121430,Sujetafusibles Accesorio utilizado para sostener el fusible en su posición de,,,
39121431,Conectores estancos,,,
39121432,Terminales eléctricos,,,
39121433,Conectores de,,,
39121435,Hilos o cables de,,,
39121436,Electrodos,,,
39121437,Patines de toma de,,,
39121441,Cable de puente,,,
39121501,Interruptores de,,,
39121502,Conmutadores,,,
39121503,Conmutadores de,,,
39121504,Interruptores de,,,
39121505,Interruptores de,,,
39121507,Interruptores de,,,
39121508,Conmutadores de,,,
39121509,Interruptores de,,,
39121510,Interruptores de,,,
39121511,Interruptores,,,
39121512,Interruptores,,,
39121513,Conmutadores,,,
39121514,Relés de potencia,,,
39121515,Relés universales,,,
39121516,Relés de clavija,,,
39121517,Relés de voltaje,,,
39121518,Relés de mercurio Es una forma de relé de lengüeta de la cual los contactos se,,,
39121519,Relés de acción,,,
39121520,Relés de sobrecarga,,,
39121521,Controles de motor,,,
39121522,Contactos eléctricos,,,
39121523,"Temporizadores Dispositivo, con frecuencia programable, que permite medir",,,
39121524,Fotocontroles,,,
39121525,Interruptores,,,
39121527,Encodificadores,,,
39121528,Sensores,,,
39121529,Contactores,,,
39121531,Interruptores de,,,
39121532,Interruptores de,,,
39121533,Piezas de interruptor,,,
39121535,Relés de control,,,
39121536,Relés de interrupción,,,
39121537,Conmutadores de,,,
39121538,Conmutadores de,,,
39121539,Conmutadores de,,,
39121540,Interruptores de,,,
39121541,Conmutadores,,,
39121542,Relés de estado,,,
39121545,Paradas de,,,
39121547,Soportes o zócalos,,,
39121548,Conmutadores de,,,
39121549,Termostato Es el componente de un sistema de control simple que abre o,,,
39121550,Conmutadores de,,,
39121551,Piezas de reflector Repuestos de una es una superficie que refleja la luz o,,,
39121601,Breakers de circuito,,,
39121602,Breakers de circuito,,,
39121603,Micro disyuntores,,,
39121604,Fusibles de retardo,,,
39121605,Fusibles de tapón,,,
39121606,Fusibles de cartucho,,,
39121607,Fusibles de cuerpo,,,
39121608,Fusibles de clase,,,
39121609,Microfusibles,,,
39121610,Supresor de ondas,,,
39121611,Fusibles de cerámicas,,,
39121612,Fusibles de cuchilla,,,
39121614,Disyuntores de,,,
39121615,Breakers de circuito,,,
39121616,Breakers de circuito,,,
39121617,Piezas de fusible o,,,
39121618,Alambre para fusible,,,
39121619,Fusibles tipo botella Tienen un cuerpo de cerámica en forma de botella con,,,
39121701,Soportes eléctricos Elemnetos utilizados para suspender y mantener el conducto,,,
39121702,Clips para cables Elemento de sujeción generalmente empleado para sostener,,,
39121703,Enlaces de cables Elemento de sujeción generalmente empleado para unir,,,
39121704,Placas de pared,,,
39121705,Grapas para cables,,,
39121706,Bujes de,,,
39121707,Clavos de tabla de,,,
39121708,Riel din,,,
39121709,Atadura de mango Están destinadas a proporcionar una desconexión común. Atadura de mango Ferretería eléctrica y,,,
39121711,Entubación Pieza de un tubo Entubación Ferretería eléctrica y,,,
39121712,Finales Utilizado para sellar los extremos del cable y proporcionar,,,
39121713,Cubierta de la bobina,,,
39121714,Encintado de los,,,
39121716,Manga trenzada,,,
39121717,Montaje de fijador,,,
39121718,Kits de empalme de,,,
39121719,Protectores,,,
39121720,Asas de,,,
39121721,Aislantes eléctricos,,,
40101501,"Colectores de aire Sistemas de calentamiento solar, es un tipo de colector solar",,,
40101502,Extractores de aire,,,
40101503,Rejilla de ventilación,,,
40101504,Compuertas de,,,
40101505,Difusores de aire,,,
40101506,Tubos de ventilación,,,
40101601,"Secadores Uno que sopla, especialmente un dispositivo mecánico, tal",,,
40101602,Circuladores de aire,,,
40101603,"Impulsores Uno que impulsa, como un dispositivo de rotación se utiliza",,,
40101604,Ventiladores Un dispositivo para la creación de una corriente de aire o una,,,
40101701,Aires acondicionados,,,
40101702,Intercambiadores de,,,
40101703,Enfriadores de,,,
40101704,Unidades de,,,
40101705,Ensamblajes de,,,
40101706,Obturadores de aire,,,
40101801,Radiadores,,,
40101802,Intercambiadores de,,,
40101803,Chimeneas de leña Es una estructura arquitectónica diseñada para contener el,,,
40101805,"Calefacción Aparato utilizado para calentar Hornillos,Hornillo,Horno Equipo de calefacción y",,,
40101806,Bombas de calor Máquina térmica que permite transferir energía,,,
40101807,Unidades de,,,
40101808,Estufas de,,,
40101809,Calentadores de,,,
40101810,Calentadores de,,,
40101811,Calentadores de,,,
40101812,Intercambiadores,,,
40101813,Intercambiadores de,,,
40101814,Calentadores de,,,
40101815,Calentadores de,,,
40101816,Intercambiadores de,,,
40101817,Intercambiadores de,,,
40101819,Calentadores de,,,
40101820,Intercambiadores,,,
40101821,Calentadores de,,,
40101822,Calentadores,,,
40101823,Intercambiadores de,,,
40101824,Calentador de cuarzo,,,
40101826,Calentadores de,,,
40101827,Calentadores de,,,
40101828,Calentadores de,,,
40101829,Calentadores de tiro,,,
40101830,Elementos de,,,
40101831,Calentadores de,,,
40101834,Quemadores,,,
40101901,Vaporizadores,,,
40101902,"Deshumidificadores Aparato que reduce la humedad ambiental. Deshumidificadores,Deshumidificador Control de humedad",,,
40101903,Humidificadores Aparato electrodoméstico que aumenta la humedad en una,,,
40102001,Quemadores de,,,
40102002,Quemadores de,,,
40102003,Quemadores,,,
40141602,Válvulas de aguja Es un tipo de válvula que tiene un puerto pequeño y un,,,
40141603,Válvulas neumáticas,,,
40141604,Válvulas de seguridad,,,
40141605,Válvulas solenoides,,,
40141606,Válvulas de relevo,,,
40141607,Válvulas de bola,,,
40141608,Válvulas hidráulicas Una válvula para la regulación de la distribución de agua,,,
40141609,Válvulas de control,,,
40141610,Válvulas de flotación,,,
40141611,Válvulas de globo,,,
40141612,Válvulas de,,,
40141613,Válvulas de,,,
40141615,Válvulas de lengüeta Una válvula que se abre y se cierra sobre un lado con,,,
40141616,Partes o accesorios,,,
40141617,Válvulas esféricas de,,,
40141618,Válvulas de,,,
40141620,Válvulas de mariposa,,,
40141621,Válvulas de,,,
40141622,Válvulas de,,,
40141623,Válvulas tipo,,,
40141624,Válvulas con,,,
40141626,Válvulas con pistón,,,
40141627,Válvulas de orificio,,,
40141628,Válvulas piloto Es una pequeña válvula que controla la alimentación de un,,,
40141629,Válvulas de,,,
40141630,Válvulas de,,,
40141631,Válvulas de bombeo,,,
40141632,Válvulas de,,,
40141633,Válvulas deslizantes,,,
40141634,Válvulas de control,,,
40141635,Válvulas de turbina,,,
40141636,"Kits de válvulas Equipos de cualquier dispositivo que se apaga, se inicia,",,,
40141637,Válvulas de control,,,
40141638,Válvulas alternadoras,,,
40141701,Desagües,,,
40141702,"Grifos Es una válvula de control de la liberación de líquidos o gases. Grifos,Grifo,espita Material de ferretería y",,,
40141703,Boquillas de ducha,,,
40141704,"Espigas Un grifo de madera colocado en la boca de tonel de un barril. Espigas,Espiga,Grifo,Llave de agua,Válvula Material de ferretería y",,,
40141705,"Caños Tubo o labio a través del cual el líquido se vierte o descarga. Caños,Caño,Chorro Material de ferretería y",,,
40141716,Sifones en P,,,
40141719,Adaptadores para,,,
40141720,Conectores para,,,
40141725,Ganchos (soportes),,,
40141726,Hidrantes,,,
40141727,Plomería de,,,
40141731,Boquillas,,,
40141732,Centradores (arañas),,,
40141734,Conectores para,,,
40141735,Embudos,,,
40141736,Graseras (de,,,
40141737,"Diafragmas Una parte membranosa que divide o separa. Diafragmas,Diafragma Material de ferretería y",,,
40141738,Tapones de drenaje,,,
40141739,Tapas de desagüe Una cubierta de hierro al ras para una boca de inspección,,,
40141740,Llave de la gasolina Un grifo o la válvula por el cual el flujo de un líquido o de gas,,,
40141741,Orificios de ajuste Dispositivos que se utilizan para ajustar una pieza a otro,,,
40141742,Atomizadores,,,
40141743,Puntas o capas de,,,
40141744,Cuencos de drenaje,,,
40141745,Fusibles de alta,,,
40141746,Mirillas (indicadores,,,
40141901,Conductos flexibles,,,
40141902,Conductos rígidos,,,
40141905,Conductos o red de,,,
40141906,Conductos o red de,,,
40141907,Conductos o red de,,,
40141908,Conductos o red de,,,
40141909,Conductos o red de,,,
40141910,Conductos o red de,,,
40141911,Conductos o red de,,,
40141912,Conductos o red de,,,
40141914,Conductos o red de,,,
40141915,Conductos o red de,,,
40141916,Conductos o red de,,,
40141917,Conductos o red de,,,
40141922,Conductos o red de,,,
40142001,"Mangueras de ácido Conducto reforzado, flexible que se usa para mover el ácido",,,
40142002,"Mangueras de aire Conducto reforzado, flexible que se usa para mover el aire de",,,
40142003,Mangueras de,,,
40142004,Mangueras,,,
40142005,Mangueras para,,,
40142006,"Mangueras de aceite Un conducto flexible que consta de un tubo, refuerzo, y por lo",,,
40142007,Mangueras,,,
40142008,Mangueras de agua Una manguera de agua es un tubo hueco flexible diseñado,,,
40142101,Tubería de acero al,,,
40142102,Tubería de hierro,,,
40142103,Tubería de aleación,,,
40142104,Tubería de acero de,,,
40142105,Tubería de aleación,,,
40142106,Tubería de aluminio,,,
40142107,Tubería de latón,,,
40142108,Tubería de bronce,,,
40142109,Tubería de hormigón,,,
40142110,Tubería de cobre,,,
40142111,Tubería de hierro,,,
40142112,Tubería de plomo,,,
40142113,Tubería de magnesio,,,
40142114,Tubería de no ferroso,,,
40142115,Tubería de plástico Tubo formado a partir de un material que contiene una o más,,,
40142116,Tubería de goma,,,
40142117,Tubería de acero,,,
40142118,Tubería de hojalata,,,
40142119,Tubería de titanio,,,
40142120,Tubería de zinc,,,
40142121,Carretes de,,,
40142122,Tubo de vidrio,,,
40142201,Reguladores de gas,,,
40142202,Reguladores de fluido Una válvula para regular la presión del flujo de líquido para,,,
40142203,Kits de reparación de,,,
40142302,Salidas de ramal de,,,
40142303,Laterales de tubería,,,
40142304,Injertos de tubería,,,
40142305,Reductores de,,,
40142306,"Asientos de tubería Un conjunto para apoyar un tubo de la parte inferior. Asientos de tubería,Asiento de tubería Accesorios de tubería Distribución de",,,
40142307,Extremos cortos de,,,
40142308,Y o horquillas de,,,
40142309,Curva de tubería,,,
40142310,Tapa de tubería Un accesorio para cerrar el extremo de una tubería o tubo. Tapa de tubería Accesorios de tubería Distribución de,,,
40142311,Medio acoplamiento,,,
40142312,Conexión de,,,
40142313,Tapón de tubería,,,
40142314,Buje de tubería Un adaptador roscado para permitir la unión de,,,
40142315,Acoplamientos de,,,
40142316,Injerto doble de,,,
40142317,Codo de tubería,,,
40142318,Niples de tubería Una pequeña sección de tubo de longitud variable utiliza para,,,
40142319,Injertos de tubería,,,
40142320,Uniones de tubería,,,
40142321,Acoplamientos de,,,
40142322,Mordazas para,,,
40142323,Disco de ruptura,,,
40142324,Cajas de conexiones,,,
40142325,Deflectores de,,,
40142326,Separadores de,,,
40142327,Juntas de rótula de,,,
40142401,"Bridas de amoníaco Un nervio o reborde para la fuerza de amoníaco, para guiar, o",,,
40142402,Bridas de retención,,,
40142403,Bridas ciegas Es una tapa atornillada o fijada de otro modo a través de,,,
40142404,Bridas de junta de,,,
40142405,Bridas de casquillo,,,
40142406,Bridas de orificio,,,
40142407,Bridas de plato,,,
40142408,"Bridas de corrediza Una brida de la tubería sólida, circular, que se desliza sobre el",,,
40142409,Bridas de boquilla,,,
40142410,Bridas ciegas de,,,
40142411,Bridas roscadas Es una pieza de montaje con rosca interna en el extremo de,,,
40142412,Bridas de casquillo,,,
40142413,Bridas de remate,,,
40142414,Bridas reductoras Brida con un diámetro especificado que tiene un,,,
40142501,Filtros (coladores) de,,,
40142502,Trampas de líquido Planta instalada en un sistema de gasoductos para atrapar,,,
40142503,Trampas de vapor,,,
40142504,Filtros (coladores) de,,,
40142604,Codos de tubo Un accesorio de tubo de acero que une dos tubos en ángulo,,,
40142605,"Piezas en T de tubo Un accesorio de tubo de acero que une tres tubos. Piezas en T de tubo,Piezas de tubo en T,Pieza",,,
40142606,Conexiones de tubo,,,
40142607,Tapas de tubo Es un accesorio para cerrar el extremo de un tubo (tal como,,,
40142608,Boquillas,,,
40142609,Tapones de tubo Un tapón sólido insertado en el extremo de un tubo en una,,,
40142610,Acoplamientos de,,,
40142611,Pasantes de tubo,,,
40142612,Adaptadores de tubo Un accesorio de tubería que se extiende a correr por la unión,,,
40142613,Conectores de tubo Un conector del tubo es el ajuste estándar que va en un tubo,,,
40142614,Cruces de tubo,,,
40142615,"Reductores de tubo En plomería, es un acoplamiento disminuyendo el diámetro",,,
40151501,"Bombas de aire Aparato para empujar el aire Bombas de aire,Bomba de aire Bombas",,,
40151502,Bombas de vacío Una bomba de vacío extrae moléculas de gas de un volumen,,,
40151503,Bombas centrífugas,,,
40151504,Bombas de,,,
40151505,Bombas,,,
40151506,Bombas de mano,,,
40151507,Bombas de irrigación Bombas para la aplicación artificial de agua a la tierra o el,,,
40151508,Bombas de barro,,,
40151509,"Bombas recíprocas Una bomba alternativa es una bomba de émbolo positivo. Bombas alternativas,Bomba alternativa Bombas",,,
40151510,Bombas de agua Una bomba de agua es un aparato que mueve agua por,,,
40151511,Bombas para pozos Una bomba de pozo es un aparato que extrae agua de un,,,
40151512,Bombas para,,,
40151513,Bombas sumergibles,,,
40151514,Bombas de vapor,,,
40151515,Bombas solenoides,,,
40151516,Bombas de corte Es una bomba centrífuga modificado con una capacidad de,,,
40151517,Bombas de,,,
40151518,Bombas no selladas,,,
40151519,Bombas sanitarias,,,
40151520,Bombas de muestreo Son bombas de dimensiones pequeñas para obtener,,,
40151521,Bombas giratorias,,,
40151522,Bombas de osmosis,,,
40151524,Bombas de aceite,,,
40151525,Bombas de lodo,,,
40151526,Bombas de turbina,,,
40151527,Bombas de émbolo,,,
40151528,Bombas oscilantes,,,
40151529,Bombas de tambor,,,
40151530,Bombas de dragado,,,
40151531,Bombas para,,,
40151532,Bombas de,,,
40151533,Bombas hidráulicas,,,
40151534,Bombas criogénicas,,,
40151546,Bombas de partición,,,
40151547,Bombas de pozo,,,
40151548,Bombas de,,,
40151549,Bombas de doble,,,
40151550,"Bombas dúplex Es un sistema de dos bombas que trabajan alternativamente. Bombas duplex,Bomba duplex Bombas",,,
40151551,Bombas de engranaje A las bombas de engranaje que se utiliza como un engranajes,,,
40151553,Bombas de cavidad,,,
40151554,Bombas de pistón,,,
40151555,Bombas de resalte,,,
40151556,Bombas de leva,,,
40151557,Bombas de pistón,,,
40151558,Bombas de tuerca,,,
40151559,"Bombas simplex Una bomba que tiene un vapor y un acumulador de agua Bombas simplex,Bomba simplex Bombas",,,
40151560,Bombas de paleta,,,
40151561,"Bombas triplex Son de desplazamiento positivo, bombas alternativas que se",,,
40151562,Bombas de tornillo,,,
40151563,Sets de bombas,,,
40151564,Bombas químicas,,,
40151601,Compresores de aire,,,
40151602,Compresores de,,,
40151603,Compresores de,,,
40151604,Compresores de gas,,,
40151605,Compresores de,,,
40151606,Compresores,,,
40151607,Compresores,,,
40151608,Compresores,,,
40151609,Compresores de,,,
40151610,Piezas de compresor,,,
40151611,Compresores de,,,
40151612,Compresores,,,
40151613,Compresores de,,,
40151614,Compresores semi,,,
40151615,Turbo compresores,,,
40151616,Kits de compresores,,,
40151701,Carcasas para,,,
40151712,Empaques para,,,
40151713,Revestimientos para,,,
40151714,Barriles para bombas El cilindro o tubo de madera o de metal que forma el cuerpo,,,
40151715,Poleas para bombas,,,
40151716,Cabezas para,,,
40151717,Discos para bombas,,,
40151718,Partes de repuesto,,,
40151721,Partes de repuesto,,,
40151722,Partes de repuesto,,,
40151728,Kits de reparación de,,,
40161501,Filtros al vacío Dispositivo que se utilizan para la,,,
40161502,Filtros de agua Elimina las impurezas del agua por medio de una delgada,,,
40161503,Recolectores de,,,
40161504,Filtros de aceite,,,
40161505,Filtros de aire Es un dispositivo que elimina partículas sólidas como por,,,
40161506,Maquinaria de,,,
40161507,Membranas de,,,
40161508,Filtros de bolsa,,,
40161509,Filtros de absorción,,,
40161511,Filtros coalescentes Se utilizan para separar el agua líquida y el aceite del aire,,,
40161512,Filtros electrónicos,,,
40161513,Filtros de,,,
40161514,Filtros para tuberías,,,
40161515,Filtros hidráulicos Es el componente principal del sistema de filtración de,,,
40161516,Filtros en línea Son dispositivos utilizados para separar cuerpos y que se,,,
40161517,Filtros de luz,,,
40161518,Filtros de microfibra,,,
40161519,Filtros de panel Son controles en una página de panel que le ayudan a,,,
40161520,Filtros de aletas,,,
40161521,Bases para filtros Soporte diseñado para sujetar los filtros dentro de un,,,
40161522,Aletas para filtros Son los elementos dentro de un filtro que ayudan a la,,,
40161524,Filtros de pintura Un filtro utilizado para limpiar la pintura mientras se vierte en,,,
40161525,Contenedores para,,,
40161527,Kits de reparación de,,,
40161601,Neutralizador,,,
40161602,Limpiadores de aire,,,
40161701,Centrífugas,,,
40161702,Lavador húmedo Dispositivos que eliminan contaminantes de un gas de,,,
40161703,Eliminadores de,,,
40161704,Hidrociclones Equipos destinados principalmente a la separación de,,,
40161801,Medios de textiles,,,
40161802,"Fieltros prensados El fieltro es un paño no tejido que se produce por esteras,",,,
40161803,Papeles filtrantes,,,
40161804,Ayudas filtrantes Grupo de materiales inertes que se pueden usar en el,,,
40161805,Paño filtrante Una tela utilizada como medio de filtración Tela de filtro Medios de filtrado Filtrado y purificación,,,
40161806,Malla filtrante,,,
41101502,"Bolsas “stomachers” Son bombas diseñadas y fabricadas para uso médico. Bombas estomacales,Bomba",,,
41101503,Rociadores de,,,
41101504,Homogeneizadores,,,
41101505,Celdas de presión,,,
41101515,Latas medidoras de,,,
41101516,Homogeneizadores,,,
41101701,Molinos de,,,
41101702,Pilones y morteros,,,
41101703,Moledoras de tejidos Cualquier dispositivo para interrumpir el tejido mediante una,,,
41101706,Desintegradores de,,,
41101707,Prensas de,,,
41101801,Pistolas de electrones Es el elemento que sirve para generar y dirigir un haz de,,,
41101802,Generadores de,,,
41101803,Coulómetros,,,
41101804,Electroscopios El electroscopio es un instrumento que se utiliza para,,,
41101805,"Flujómetros Es un instrumento usado para medir lineal, no lineal, la masa",,,
41101806,Magnetómetros Dispositivos que sirven para cuantificar en fuerza o dirección,,,
41101809,Aparatos de,,,
41101810,Difractómetros,,,
41101901,Fuentes de iones Dispositivo electro-magnético que se utiliza para crear,,,
41101902,Aparatos de,,,
41102401,Quemadores de gas,,,
41102402,Quemadores de,,,
41102403,Incineradores de,,,
41102404,Calentadores de,,,
41102405,Revestimientos o,,,
41102406,Hornillas eléctricas,,,
41102407,Gabinetes,,,
41102410,Secadoras infrarrojas,,,
41102412,Secadores de aire,,,
41102422,Baños secos o,,,
41102423,Hornillas eléctricas,,,
41102424,Calentadores de,,,
41102425,Secadores de,,,
41102426,Equipos o accesorios,,,
41102503,Textiles o redes para,,,
41102506,Bandejas de,,,
41102508,Aspiradoras para,,,
41102509,Cucharones para,,,
41102510,Mono copas para,,,
41102511,Trampas pegajosas,,,
41102512,Kits de pruebas para,,,
41102602,Equipo de acuarios Aparatos necesarios para poder cuidar y preservar las,,,
41102604,Dispositivos para,,,
41102605,Sistemas de,,,
41102607,Agujas para,,,
41102608,Equipos para,,,
41102701,Modelos de,,,
41102702,Ensamblajes de,,,
41102703,Equipo de dispersión,,,
41102704,Equipo de difracción,,,
41102705,Cristalizadores,,,
41102706,Equipo de,,,
41102902,Moldes de,,,
41102903,Cápsulas de,,,
41102904,Compuestos de,,,
41102905,Aparatos de teñido,,,
41102909,Procesadores de,,,
41102910,Aparatos de cultivo,,,
41102914,Desintegradores,,,
41102916,Micrótomos,,,
41102917,Cuchillas para,,,
41102918,Forros deslizantes,,,
41102919,Recicladores de,,,
41102920,Casetes para tejidos,,,
41102921,Parafina para,,,
41103003,Criostatos,,,
41103008,Módulos enfriadores,,,
41103010,Refrigeradores para,,,
41103014,Refrigeradores de,,,
41103015,Congeladores para,,,
41103019,Congeladores para,,,
41103021,Congeladores planos,,,
41103022,Transporte o,,,
41103023,Enfriadores para,,,
41103024,Trampas frías,,,
41103201,Lavadoras de,,,
41103202,Máquinas lavadoras,,,
41103203,Lavadoras de pipetas Arandelas diseñados para la eliminación automática de la,,,
41103207,Lavadoras de micro,,,
41103208,Lavadoras de celdas,,,
41103209,Botellas de lavado de,,,
41103301,Contadores,,,
41103302,Hidrómetros ácidos,,,
41103303,Densitómetros,,,
41103305,Equipos de alto vacío,,,
41103306,Equipos de vacío,,,
41103307,Equipos de vacío o,,,
41103309,Equipos de análisis,,,
41103311,"Manómetros Es un instrumento que mide la presión. Manómetros,Manómetro Equipo de mecánica de",,,
41103312,Viscosímetros Es un instrumento empleado para medir la viscosidad y,,,
41103313,Indicadores de,,,
41103316,Picnómetros,,,
41103318,Densitómetro nuclear,,,
41103401,Pantallas de control,,,
41103406,Cajas de guantes de,,,
41103407,Cámara anaeróbica Elemento cerrado que se utiliza sin aire. Cámara anaeróbica,,,
41103415,Bancos limpios,,,
41103501,Ebullómetro Rs un aparato de medición que se diseña para evaluar el,,,
41103502,Caperuzas o cajones,,,
41103506,Cerramientos pcr,,,
41103507,Cerramientos hepa,,,
41103508,Cerramientos,,,
41103509,Estropajos para,,,
41103510,Secadores para,,,
41103512,Eliminadores de,,,
41103513,Cerramientos para,,,
41103701,Baños de circulación,,,
41103702,Baños termostáticos,,,
41103703,Baños múltiples,,,
41103704,Baños biológicos Recipiente que generalmente tiene forma de cono truncado,,,
41103705,Baños para órganos,,,
41103706,Baños de agua Recipiente que generalmente tiene forma de cono truncado,,,
41103707,Baños de aceite Recipiente que generalmente tiene forma de cono truncado,,,
41103708,"Baños de arena Un recipiente de arena caliente en un laboratorio, en la que",,,
41103709,Baños refrigerados,,,
41103710,Baños de agua de,,,
41103711,Baños de agua de,,,
41103712,Circuladores de,,,
41103713,Baños de viscosidad,,,
41103714,Baños de flotación,,,
41103801,Mezcladores de,,,
41103802,Mezcladores de,,,
41103803,Mesas para revolver Mesas utilizadas para la gitación de mezclas en los,,,
41103804,Equipo multi banco o,,,
41103805,Vibradores para,,,
41103806,Agitador magnético,,,
41103808,Mezcladores de,,,
41103810,Agitadores de techo,,,
41103811,Sacudidores orbitales,,,
41103812,Sacudidores,,,
41103813,Sacudidores de,,,
41103814,Mezcladores de,,,
41103815,"Rotadores de tubos Es un mezclador de muestras. Giradores de tubos,Girador de tubos,Girador",,,
41103901,Micro centrífugas,,,
41103902,Micro centrífugas,,,
41103903,Centrífugas de mesa,,,
41103904,Centrífugas de mesa,,,
41103905,Centrífugas de piso,,,
41103906,Centrífugas de piso,,,
41103907,Ultra centrífugas,,,
41103908,Centrífugas de vacío,,,
41103909,Rotores de,,,
41103910,Baldes centrífugos,,,
41103911,Adaptadores para,,,
41103912,Cepillos para,,,
41104001,Cambiadores de,,,
41104002,Oxidante de,,,
41104003,Línea de preparación,,,
41104005,Achicadores para,,,
41104007,Muestreadores de,,,
41104008,Muestreadores o,,,
41104012,Recogedores o,,,
41104014,Aplicadores de,,,
41104015,Equipo de análisis de,,,
41104016,Muestreadores de,,,
41104017,Contenedores para,,,
41104019,Colectores de,,,
41104020,Bandeja de flujo de,,,
41104102,Lancetas,,,
41104103,Calentadores de,,,
41104104,Torniquetes,,,
41104110,Botellas de cultivo de,,,
41104112,Contenedores de,,,
41104117,Porta especímenes Dispositivo de sujección de porta-muestras que llevan fijado,,,
41104120,Tubos de tasa de,,,
41104201,Reactivos de,,,
41104203,Equipos de,,,
41104204,Equipos de ósmosis,,,
41104206,Sistemas de agua,,,
41104207,Sistemas de análisis,,,
41104208,"Deshidratadores Se utilizan para secar las frutas, verduras y carnes para su",,,
41104209,Desoxidantes,,,
41104210,Disolventes,,,
41104211,Suavizantes Un suavizante textil es un producto que se utiliza,,,
41104212,Cartuchos de,,,
41104302,Aparatos de cultivo,,,
41104303,Jarros o accesorios,,,
41104304,Sistemas digestivos,,,
41104305,Condensadores,,,
41104306,Equipos para,,,
41104403,Incubadoras para,,,
41104405,Incubadoras de,,,
41104406,Incubadoras planas Es un dispositivo que sirve para mantener y hacer,,,
41104423,Incubadoras,,,
41104424,Accesorios para,,,
41104503,Hornos de,,,
41104504,Hornos de limpieza,,,
41104506,Hornos de seguridad,,,
41104507,Hornos microondas,,,
41104508,Secadoras de,,,
41104509,Hornos al vacío,,,
41104510,Hornos o gabinetes,,,
41104601,Hornos de caja para,,,
41104602,Hornos de caja,,,
41104603,Hornos de tubo,,,
41104604,Hornos de tubo,,,
41104605,Hornos de crisol,,,
41104606,Hornos de crisol,,,
41104607,Consola de control,,,
41104609,Hornos de seguridad,,,
41104610,Crisoles para hornos,,,
41104703,Secadores de,,,
41104801,Unidades de,,,
41104802,Unidades de bi,,,
41104803,Evaporadores para,,,
41104804,Evaporadores de,,,
41104805,Evaporadores de,,,
41104806,Equipo de extracción,,,
41104807,"Extractores de grasa Aparato que sirve para extraer grasa. Extractores de grasas,Extractor de grasa",,,
41104808,Extractores de fibra,,,
41104809,Unidad de análisis,,,
41104810,Aparatos de,,,
41104811,Fraccionadores de,,,
41104813,Componentes de,,,
41104817,Casquillos de,,,
41104901,Filtros de línea para,,,
41104902,Equipos de filtración,,,
41104903,Equipos de ultra,,,
41104904,Filtros de células,,,
41104905,Equipos de filtración,,,
41104906,Equipos de filtración,,,
41104907,Equipos de filtración,,,
41104912,Filtro de prensas de,,,
41104913,Filtros de bio,,,
41104914,Tazas o botellas de,,,
41104915,Filtros de cápsulas,,,
41104916,Filtros centrífugos,,,
41104917,Filtros ambientales,,,
41104918,Filtros de vidrio para,,,
41104919,Filtros hepa para,,,
41104920,Filtros de hibridación,,,
41104921,Filtros de membrana,,,
41104922,Filtros de jeringa,,,
41104923,Filtros de plato,,,
41104924,Filtros de,,,
41104926,Filtro de cama de,,,
41104927,Pantallas de soporte,,,
41104928,Receptor de botellas,,,
41104929,Papeles filtrantes,,,
41105001,Separadores para,,,
41105002,Equipo de tamizaje,,,
41105003,Cernidores de prueba,,,
41105101,Bombas de vacío,,,
41105102,Bombas peristálticas,,,
41105103,Bombas centrífugas,,,
41105104,Bombas de jeringa,,,
41105105,Bombas de medición,,,
41105106,Bombas de,,,
41105107,Bombas de tambor,,,
41105109,Bombas de aleta,,,
41105301,Cajas de gel,,,
41105302,Secadores de gel Aparato que calienta los geles desde abajo y el vacío elimina,,,
41105304,Transiluminadores,,,
41105307,Instrumental para,,,
41105308,Capilares o cartuchos,,,
41105309,Kits o reactivos para,,,
41105310,Accesorios para,,,
41105311,Aparatos para,,,
41105316,Entrecruzadores,,,
41105318,Geles de agarosa,,,
41105321,Tintura para geles,,,
41105322,Tintura para geles,,,
41105329,Agentes,,,
41105336,Marcadores de foco,,,
41105503,Sistemas de electro,,,
41105508,Co-precipitantes de,,,
41105509,Kits de cuantificación,,,
41105601,Kits o enzimas para,,,
41105802,Ribonucleotidos,,,
41105901,Tejidos animales o,,,
41105904,Muestrarios,,,
41105905,Kits de construcción,,,
41105908,Kits de empaques,,,
41106006,Radio nucleótidos o,,,
41106101,Kits citogenéticos Conjunto de instrumentos que se utiliza para el estudio de la,,,
41106104,Pruebas de,,,
41106201,Antimicóticos,,,
41106202,Celdas competentes,,,
41106207,Medio discoide,,,
41106208,Cubetas de,,,
41106213,Medio seco,,,
41106216,Medios ricos para,,,
41106217,Platos especiales,,,
41106220,Medio sintético para,,,
41106221,Células competentes,,,
41106305,Nucleótidos,,,
41106311,Ácidos ribonucleicos,,,
41106401,Adaptadores o,,,
41106402,"Bases misceláneas Secuencia de ácido nucleico. Iniciadores diversos,Iniciador diverso Iniciadores, enlaces y",,,
41106403,Bases de,,,
41106501,Kits de expresión,,,
41106503,Inductores o,,,
41106504,Células de insectos,,,
41106505,Kits de expresión de,,,
41106506,Medio para insectos Hábitat o ambiente que rodea a los insectos o cosa e influyen,,,
41106508,Kits de expresión,,,
41106509,Células mamíferas,,,
41106513,Reportero de ensayo,,,
41106514,Líneas celulares,,,
41106515,Kits de expresión de,,,
41106601,Vectores enfocados,,,
41106603,"Vectores de casete Equipos de laboratorios utilizado para vectores de cartucho. Vectores de cartucho,Vector de cartucho Vectores Equipo de laboratorio",,,
41106608,Vectores de fusión,,,
41106609,Vectores enfocados,,,
41106610,Vectores de,,,
41106611,Vectores o kits de,,,
41106612,Vectores de,,,
41106619,Vectores de,,,
41111501,Balanzas de carga,,,
41111502,Balanzas de,,,
41111503,Balanzas mecánicas,,,
41111504,Balanzas de resorte,,,
41111505,Pesas de calibración,,,
41111506,Básculas para pesar,,,
41111507,"Básculas de mesa Aparato para medir pesos, generalmente grandes, que se",,,
41111508,Básculas para medir,,,
41111509,Básculas de piso o,,,
41111510,Básculas postales,,,
41111511,Básculas de camión,,,
41111512,Balanzas de triple haz,,,
41111513,Balanzas de,,,
41111517,Balanzas analíticas,,,
41111601,Micrómetros,,,
41111602,Podómetros,,,
41111603,Telémetros o,,,
41111604,"Reglas Instrumento de medición Reglas,Regla",,,
41111605,Medidoras de tensión,,,
41111606,Telurómetros El telurómetro fue el primer equipo de microondas,,,
41111607,Medidores o,,,
41111613,Metros de distancia,,,
41111614,Medidores de altura,,,
41111615,Sistemas láser de,,,
41111616,Ruedas medidoras,,,
41111617,Medidor de,,,
41111618,Set de bloques de,,,
41111619,Calibrador go nogo,,,
41111620,Cuña de etalón Cuñas de antepie fabricadas en caucho goma dura. Cuña de talón,,,
41111621,Calibradores,,,
41111622,Calibradores,,,
41111623,Dispositivos de,,,
41111701,Microscopios iónicos,,,
41111702,Microscopios,,,
41111704,Iluminadores para,,,
41111705,Objetivos para,,,
41111707,Proyectores de perfil,,,
41111711,Microscopios de,,,
41111712,Microscopios,,,
41111713,Magnificadores Aparato para magnificar Aumentadores,,,
41111714,Lupas,,,
41111715,Telescopios,,,
41111717,Binoculares,,,
41111718,Microscopios,,,
41111719,Microscopios de,,,
41111722,Microscopios,,,
41111724,Microscopios de,,,
41111725,Microscopios de,,,
41111726,Microscopios,,,
41111727,Microscopios de,,,
41111728,Microscopios de,,,
41111729,Microscopios,,,
41111730,Condensadores de,,,
41111731,Colectores de,,,
41111733,Tubos de,,,
41111734,Microscopios de,,,
41111735,Microscopios de,,,
41111736,Cubiertas para,,,
41111737,Videoscopios Un videoscopio es un endoscopio (casi siempre flexible) con,,,
41111738,Fibroscopios,,,
41111801,Equipo de examen,,,
41111804,Equipo de examen,,,
41111805,Equipo de examen,,,
41111806,Equipo de examen,,,
41111807,Equipo de examen,,,
41111809,Equipo de prueba de,,,
41111901,Contadores,,,
41111902,Contadores,,,
41111903,Detectores de,,,
41111904,Columnas,,,
41111905,Sondas de medición,,,
41111906,Grabadoras de tablas,,,
41111907,Grabadoras de,,,
41111908,Grabadoras gráficas,,,
41111909,Grabadoras de,,,
41111910,Grabadoras,,,
41111911,Grabadoras oscilo,,,
41111912,Grabadoras,,,
41111913,Grabadoras de,,,
41111914,Servo grabadoras,,,
41111915,Sensores bi metálicos,,,
41111916,Sensores de no,,,
41111917,Probadores digitales,,,
41111918,Instruments,,,
41111921,Sensores de,,,
41111922,Sensores de fallas de,,,
41111923,Sensor de pistones,,,
41111924,Sensores de oxígeno,,,
41111926,Sensores de,,,
41111927,"Sensores de presión Un sensor de presión mide la presión, típicamente de gases o",,,
41111928,Sensores de corriente,,,
41111929,Detectores de,,,
41111930,Sensores de,,,
41111931,Sensores de flujo Un sensor de flujo es un dispositivo para detectar la tasa de,,,
41111932,Detectores de,,,
41111933,Sensores de carga,,,
41111934,Sensores de fuerza o,,,
41111935,Sensores de,,,
41111937,Sensores giratorios,,,
41111938,Sensores o,,,
41111939,"Sensores acústicos Miden emisiones acústicas inaudibles de alta frecuencia, que",,,
41111940,Sensores de color Un sensor de onda acústica es un dispositivo electrónico que,,,
41111941,"Sensores olfativos Es el sistema sensorial utilizado para detectar los olores. Sensores olfativos,Detectores olfaticos",,,
41111944,Sensores de,,,
41111945,Sensores de posición,,,
41111946,Sensores de,,,
41111947,Esferos de registro,,,
41112101,Cristales,,,
41112103,Sensores de fibra,,,
41112104,Transductores de,,,
41112105,Transmisores de,,,
41112106,Transmisores de,,,
41112107,Transductores,,,
41112108,Celdas de carga Una celda de carga es un transductor que es utilizado para,,,
41112201,Calorímetros,,,
41112202,Equipos de rastreo,,,
41112203,Grabadoras de,,,
41112204,Pirómetros,,,
41112205,Reguladores de,,,
41112206,Termo cúpulas,,,
41112207,Termógrafos,,,
41112209,Termostatos,,,
41112210,Termómetros de,,,
41112211,Termómetros de,,,
41112212,Termómetros de,,,
41112213,Termómetros de,,,
41112216,Termopozos,,,
41112217,Termo cabezas,,,
41112218,Termistores,,,
41112219,Sondas termopares,,,
41112301,Higrómetros Un higrómetro o hidrógrafo es un instrumento que se utiliza,,,
41112302,Sicrómetros,,,
41112304,Medidores de rocío Los medidores de humedad se utilizan para medir el,,,
41112401,Indicadores de,,,
41112402,Manostatos,,,
41112403,Indicadores de,,,
41112404,Reguladores de,,,
41112405,Grabadoras de,,,
41112406,Indicadores de vacío,,,
41112408,Intensificadores de,,,
41112409,Escáneres de presión,,,
41112410,Transmisores de,,,
41112411,Controladores de,,,
41112501,Flujómetros,,,
41112502,Reómetros,,,
41112503,Rotámetros El rotámetro es un indicador de flujo industrial usado para la,,,
41112504,Medidor de agua,,,
41112505,Repuestos para,,,
41112506,Venturis,,,
41112508,Indicadores de gas,,,
41112510,Indicadores visuales,,,
41112511,Ventanas para,,,
41112512,Computadores o,,,
41112513,Plato de orificio,,,
41112514,Indicadores de aceite,,,
41112516,"Transmisores de flujo Miden las presiones de los caudal másico o volumétrico Transmisores de cauda l,Emisores de señal",,,
41112601,Kits de prueba de,,,
41112602,Kits de prueba de,,,
41112701,Analizadores de,,,
41112702,Contadores de,,,
41112704,Analizadores de,,,
41112801,Velocímetros,,,
41112802,Tacómetros,,,
41112803,Discos para,,,
41112902,Instrumentos de,,,
41112903,Sextantes,,,
41112904,Dispositivos de,,,
41113001,Controladores de,,,
41113003,Analizadores de,,,
41113004,Analizadores de,,,
41113005,Analizadores de,,,
41113006,Analizadores de,,,
41113007,Analizadores de,,,
41113008,Analizadores de,,,
41113023,Equipo de partición,,,
41113024,Hidrómetros,,,
41113025,Monocromadores,,,
41113026,Nefelómetros,,,
41113027,Osmómetros,,,
41113029,Polarógrafos,,,
41113030,Escáner,,,
41113031,Sacarímetros Un sacarómetro es un aparato utilizado para medir la,,,
41113033,"Volúmetros Un volúmetro es un dispositivo usado para medir el volumen,",,,
41113034,Tiras o papeles para,,,
41113035,Tiras o papeles para,,,
41113036,Micro placas,,,
41113037,Lectores de micro,,,
41113102,Analizadores de,,,
41113104,Explosímetros,,,
41113107,Analizadores de gas,,,
41113108,Analizadores de,,,
41113109,Equipo orsat,,,
41113110,Analizadores de gas,,,
41113111,Analizadores de,,,
41113115,Detectores de radón,,,
41113116,Tubos detectores de,,,
41113117,Monitores simples,,,
41113118,Monitores múltiples,,,
41113301,Analizadores ácidos,,,
41113302,Albuminómetros,,,
41113304,Analizadores de,,,
41113305,Analizadores de,,,
41113306,Analizadores de,,,
41113308,Analizadores de,,,
41113309,Analizadores de,,,
41113310,Analizadores de,,,
41113311,Lámpara detectora,,,
41113312,Analizadores de,,,
41113315,Analizadores de,,,
41113316,Equipo de prueba de,,,
41113318,Analizadores de,,,
41113319,"Analizadores de agua Equipos usados para detectar nutrientes, halógenos, metales",,,
41113320,Kit de prueba de,,,
41113321,Probador de pintura Persona o cosa que prueba o se usa para probar pinturas Productos para ensayos de pinturas,,,
41113323,Analizadores de,,,
41113401,Contadores alfa,,,
41113402,Contadores alfa beta,,,
41113403,Contadores beta Instrumento para la detección de partículas beta y por lo,,,
41113404,Contadores beta,,,
41113405,Contadores gama,,,
41113406,Medidores kvp Proporcionan mediciones rápidas y precisas de diagnóstico,,,
41113407,Micro analizadores,,,
41113601,Amperímetros,,,
41113602,Medidores,de fase Un dispositivo para medir la diferencia de fase de dos,,
41113603,Puentes de,,,
41113604,Medidores de,,,
41113605,Derivatógrafos de,,,
41113607,Monitores de estrés,,,
41113611,Medidores de,,,
41113613,Grabadoras de valor,,,
41113614,Medidores de campo,,,
41113615,Electrómetros,,,
41113616,Cargas electrónicas,,,
41113618,Instrumentos de,,,
41113619,Galvanómetros,,,
41113620,Cable de detección,,,
41113621,Medidores de,,,
41113624,Medidores de,,,
41113625,Cámaras de,,,
41113626,Ionómetros Módulo de medición de pH/iones para su uso autónomo,,,
41113628,Megohmetros,,,
41113630,Multímetros,,,
41113631,Ohmetros,,,
41113632,Oscilógrafos,,,
41113633,Potenciómetros,,,
41113634,Medidores q Los medidores Q son una pieza de equipo utilizado para,,,
41113636,Generadores de nivel Todo dispositivo capaz de mantener una diferencia de,,,
41113637,Medidores de voltaje,,,
41113638,Osciloscopios,,,
41113639,Acelerómetros,,,
41113640,Medidores de vatios,,,
41113641,Probadores de,,,
41113642,Probador de circuitos,,,
41113644,Trazador de circuitos,,,
41113645,Dispositivos de,,,
41113648,Voltiamperímetro,,,
41113701,Probador de tubos,,,
41113702,Comparadores,,,
41113703,Acoplamiento,,,
41113704,Probadores de,,,
41113705,Probadores de,,,
41113706,Probadores de,,,
41113708,Medidores de energía,,,
41113709,Medidores de,,,
41113710,Medidor de nivel,,,
41113711,Analizadores de red Un analizador de red es un instrumento que mide los,,,
41113712,Probadores de cintas Es un dispositivo que pone a prueba la integridad de una,,,
41113713,Probadores de,,,
41113714,Diferenciador,,,
41113716,Localizadores de,,,
41113717,Fuentes de prueba,,,
41113718,Analizadores de,,,
41113801,Compases geológicos,,,
41113808,Gravímetros,,,
41113809,Vehículo acuático,,,
41113904,Penetrómetros,,,
41113907,Porosímetros,,,
41113908,Aparatos para,,,
41113910,Kits de probadores,,,
41114001,Clinómetros,,,
41114102,Simuladores de,,,
41114103,Módulos de alarma,,,
41114104,Amplificadores,,,
41114105,Aparatos sísmicos,,,
41114106,Sismógrafos o,,,
41114107,Sismómetros,,,
41114108,Vibrómetros,,,
41114201,Cintas medidoras,,,
41114202,Varillas medidoras,,,
41114203,Tablas medidoras Las tablas siguientes se ofrecen para la medición métrica e,,,
41114204,Teodolitos,,,
41114205,Estacas de,,,
41114206,Centro de,,,
41114207,Estación total,,,
41114401,Anemómetros,,,
41114402,Barómetros,,,
41114404,Aparatos de,,,
41114405,Grabadoras de lluvia,,,
41114410,Estaciones,,,
41114501,Dinamómetros,,,
41114502,Elastómetros,,,
41114503,Extensómetros,,,
41114505,Instrumentos de,,,
41114506,Esferómetros,,,
41114507,Maquinas de prueba,,,
41114508,Probadores de,,,
41114509,Tensiómetros,,,
41114510,Limitador de torsión,,,
41114601,Probadores de,,,
41114602,Probadores de,,,
41114604,Probadores de,,,
41114605,Detectores de grietas,,,
41114606,Probadores de fuga Sistema de prueba para ensayos de relajación de estrés o,,,
41114607,Máquinas para,,,
41114608,"Probadores de fatiga Verificador de síntomas: Cansancio, Irritabilidad, Hormigueo,",,,
41114609,Aparatos probadores,,,
41114610,Aparatos probadores,,,
41114611,Probadores de,,,
41114612,Probadores de,,,
41114613,"Marco de carga El sistema de carga, tiene la funcion de recargar la bateria, asi",,,
41114614,Instrumentos para,,,
41114616,Indicadores de,,,
41114617,Probadores de,,,
41114619,Probadores de,,,
41114620,Aparatos para,,,
41114621,Probadores de,,,
41114622,Probadores de,,,
41114624,Probadores de,,,
41114625,Probadores de,,,
41114626,Aparatos para,,,
41114701,Instrumentos de,,,
41114702,Probadores de,,,
41114703,Instrumentos para,,,
41114704,Instrumentos para,,,
41114705,Instrumentos para,,,
41114706,Instrumentos para,,,
41114801,Instrumentos para,,,
41114802,Instrumentos para,,,
41114803,Instrumentos para,,,
41115101,Instrumentos para,,,
41115301,Medidores de,,,
41115302,Cámaras anecóicas,,,
41115303,Analizadores de,,,
41115305,Medidores de,,,
41115306,Interferómetros,,,
41115307,Láseres,,,
41115308,Medidores de luz,,,
41115309,Luxómetros,,,
41115310,Set de calibración,,,
41115311,"Fotómetros En un amplio sentido, un fotómetro es cualquier instrumento",,,
41115314,Polarímetros,,,
41115315,Polariscopios,,,
41115316,Reflectómetros Un instrumento para la medición de la reflectancia de una,,,
41115317,Estroboscopios,,,
41115318,Colorímetros Un colorímetro es cualquier herramienta que identifica el,,,
41115319,Lectores de tubo o,,,
41115320,Generadores de,,,
41115321,Imágenes infrarrojas Equipo usado en la captura de imágenes infrarrojas invisibles,,,
41115322,Analizadores de,,,
41115401,Espectrofluorímetros,,,
41115402,Espectrógrafos,,,
41115403,Espectrómetros,,,
41115404,Espectrómetros de,,,
41115405,Espectrómetros de,,,
41115406,Espectrofotómetros,,,
41115407,Espectrómetros de,,,
41115408,Espectrómetros,,,
41115501,Sonares,,,
41115502,Sonómetros,,,
41115504,Analizadores de,,,
41115505,Cuartos para,,,
41115602,Equipo de análisis,,,
41115603,Medidores de ph,,,
41115604,Electrodos de ph,,,
41115605,Tiras para ensayos,,,
41115607,Tiras de prueba de,,,
41115608,Electrodos selectivos,,,
41115609,Medidores de,,,
41115610,Celdas de,,,
41115611,Medidores de,,,
41115612,Sondas de oxigeno,,,
41115613,Medidor de salinidad,,,
41115614,Transmisores de ph El transmisor de pH convierte la señal de tensión de los,,,
41115701,Detectores,,,
41115702,Escáneres,,,
41115703,Gases,,,
41115704,Iones,,,
41115705,Cromatógrafos,,,
41115706,Cromatógrafos de,,,
41115710,Columnas para,,,
41115714,Auto muestreadores,,,
41115715,Inyectores,,,
41115716,Accesorios para,,,
41115717,Accesorios para,,,
41115718,Inyector de paredes,,,
41115719,Revestimientos para,,,
41115720,Tubos para,,,
41115801,Analizadores de,,,
41115803,Analizadores de,,,
41115805,Analizadores de gas,,,
41115807,Analizadores,,,
41115809,Analizadores de,,,
41115813,Analizadores de,,,
41115815,Analizadores de,,,
41115817,Analizadores de,,,
41115819,Analizadores de,,,
41115821,Analizadores de,,,
41115823,Analizadores de,,,
41115825,Analizadores radio,,,
41115827,Analizadores de orina Analizador de partículas de orina. Analizadores de ionograma,,,
41115830,Analizadores de,,,
41116105,Reactivos o,,,
41116136,Kits o suministros,,,
41116138,Tiras para análisis de,,,
41116205,Kits de pruebas,,,
41116301,Probadores de,,,
41116401,Martillos de impacto,,,
41116501,Diales o kits de,,,
41121502,Diluidores de,,,
41121507,Pipeta de un solo,,,
41121508,Pipeta multicanales,,,
41121509,Pipetas pasteur o de,,,
41121510,Pipetas volumétricas,,,
41121511,"Pipetas serológicas Se utilizan para tomar muestras de suero para análisis. Pipetas serológicas,",,,
41121513,"Pipetas de caída Utensilio de laboratorio, que sirve para hacer mezclas y",,,
41121514,Bombas de pipetas,,,
41121515,Bombillos de pipetas,,,
41121516,Dispensadores de,,,
41121517,Insertos o accesorios,,,
41121601,Filtro de boquilla de,,,
41121602,Puntas de pipeta de,,,
41121603,Puntas de pipeta de,,,
41121604,Puntas de pipeta de,,,
41121605,Puntas de pipeta,,,
41121606,Puntas de pipeta de,,,
41121607,Puntas de pipeta,,,
41121608,Puntas de pipeta,,,
41121609,Puntas de pipeta de,,,
41121702,Tubos micro,,,
41121703,Tubos centrífugos,,,
41121704,Tubos criogénicos,,,
41121706,Tubos de cultivo,,,
41121707,Tubos de pruebas de,,,
41121708,Tubos de pruebas de,,,
41121709,Tubos capilares o,,,
41121710,Cierres o tapas para,,,
41121802,Varillas para revolver,,,
41121804,Redomas para,,,
41121805,Cilindros graduados,,,
41121806,Frascos para,,,
41121807,Ampollas para,,,
41121808,Buretas para,,,
41121809,Embudos para,,,
41121812,Platos para,,,
41121813,Cubetas,,,
41122001,Jeringas de,,,
41122002,Agujas para jeringas,,,
41122004,Jeringas para,,,
41122101,Platos o placas petri,,,
41122102,Platos multi pocillo,,,
41122103,Espátulas de células,,,
41122104,Frascos de cultivo de,,,
41122105,Botellas de cultivo,,,
41122106,Dispositivos de,,,
41122109,Almohadilla de petri,,,
41122110,Dispensador de,,,
41122201,Crisoles de vidrio,,,
41122202,Crisoles cerámicos,,,
41122203,Crisoles de metal,,,
41122403,Espátulas para,,,
41122404,Tenazas para,,,
41122405,Fórceps para,,,
41122406,Cuchillos para,,,
41122407,Escalpelos para,,,
41122408,Tijeras para,,,
41122409,Herramientas para,,,
41122410,Película sellante para,,,
41122412,Sellantes de tubos,,,
41122413,Pinzas para,,,
41122501,Corchos para,,,
41122502,Tapones para,,,
41122503,Porta corchos para,,,
41122601,Portaobjetos para,,,
41122602,Portaobjetos de,,,
41122603,Papel de lentes para,,,
41122604,Hemocitómetros Aparato para contar el número de células en,,,
41122605,Aceite de inmersión,,,
41122702,"Cintas etiquetadoras Etiqueta (o rótulo), identificativo de algún producto o",,,
41122703,Cintas de seguridad Cintas de Seguridad de adhesivas impresas con bandas,,,
41122704,Cintas contra,,,
41122801,Estantes o soportes,,,
41122804,Estantes para tubos,,,
41122805,Estantes para secado,,,
41122807,Bandejas para,,,
41122808,Bandejas para,,,
41122809,Estantes para placas,,,
41123001,Deshidratadores de,,,
41123002,Deshidratadores de,,,
41123003,Desecantes Sustancia que se usa para eliminar humedad del aire o de,,,
41123004,Deshidratadores de,,,
41123101,Tubos de diálisis Tubo de diálisis es un tipo de tubo de membrana semi-,,,
41123102,Pinzas de diálisis Abrazadera del tubo conectado al bolso lleno de líquido de,,,
41123401,Tazas dosificadoras vasos o recipientes para la regulación de la cantidad o,,,
41123402,Cucharas,,,
41123403,Goteros,,,
42121503,Probador pirogénico,,,
42121504,Equipo estereotóxico,,,
42121508,Sets de botellas para,,,
42121512,Espéculos para uso,,,
42121515,Limas o cortaúñas,,,
42121608,Productos dentales,,,
42121701,Tablas quirúrgicas,,,
42131501,"Petos para pacientes Un babero es una prenda usada colgando del cuello, en el",,,
42131502,Gorras para,,,
42131503,Capas de examen,,,
42131504,Batas para pacientes Prenda holgada abierta por detrás usadas por los pacientes,,,
42131505,Camisas o chalecos,,,
42131506,Chaquetas para,,,
42131507,Pantuflas para,,,
42131508,Pijamas para,,,
42131509,Batas de hospital,,,
42131510,Pantalones para,,,
42131601,Delantales o petos,,,
42131602,Cobertores de barba,,,
42131603,Blusas o blusones,,,
42131604,Gorro de quirófano,,,
42131605,Overoles para,,,
42131607,Chaquetas o batas,,,
42131608,Vestidos para cirugía,,,
42131609,Cubierta de zapatos,,,
42131611,Gorros o capuchas,,,
42131612,Batas de aislamiento,,,
42131701,Cortinas de cirugía,,,
42131702,Batas de cirugía,,,
42131703,Packs quirúrgicos,,,
42131704,Toallas de cirugía Toallas quirúrgicas de celulosa superabsorbentes para el,,,
42131705,Pantalones,,,
42131706,Vestidos enteros de,,,
42132102,Sábanas elásticas,,,
42132103,Cortinas de barrera,,,
42132105,Sábanas para,,,
42132107,Cobijas para hospital,,,
42132202,Protector de caucho,,,
42132205,Guantes de cirugía,,,
42132603,Blusas o blusones,,,
42141501,Bolas o fibra de,,,
42141502,Palitos (copitos) con,,,
42141503,Toallitas de,,,
42141602,Patos (bacinillas),,,
42141603,Recipientes para,,,
42141604,Bacinillas de cama,,,
42141701,Sistemas de presión,,,
42141702,Marcos o elevadores,,,
42141703,Cunas para,,,
42141704,Recubrimientos para,,,
42141805,Estimuladores o kits,,,
42141808,Electrodos de,,,
42141809,Sets de estimulador,,,
42141901,Baldes para enema Cubos enema que se adjuntan con los equipos de tratamiento,,,
42141902,Bolsas para enema,,,
42141903,Kits o accesorios,,,
42141904,Tubos o tapas o,,,
42141905,Jabones para enema Un enema de jabón es un jabón suave cuando se añade a un,,,
42142002,Cuchillo de bajo,,,
42142003,Manijas para cuchillo,,,
42142004,Corta uñas de bajo,,,
42142005,Sujeta agujas de bajo,,,
42142006,Retractores de bajo,,,
42142007,Tijeras de bajo grado Son una herramienta de corte usada en amplios ámbitos de la,,,
42142110,Botellas para terapia,,,
42142111,Bolsas o almohadas,,,
42142113,Máscaras para senos,,,
42142119,Aparatos de,,,
42142204,Asientos para baños,,,
42142301,Etiquetas médicas,,,
42142402,Cánula de succión,,,
42142406,Sets o kits de succión,,,
42142501,Agujas para,,,
42142502,Agujas para anestesia,,,
42142503,"Agujas arteriales Agujas para punción de vasos arteriales y venosos, de una",,,
42142504,Agujas para biopsia,,,
42142506,Agujas romas Agujas despuntadas que pueden reducir la frecuencia de,,,
42142507,Agujas mariposa,,,
42142509,Bandejas o,,,
42142510,Agujas de filtro,,,
42142512,Agujas de fístula,,,
42142514,Bandejas o agujas,,,
42142515,Agujas de tubo al,,,
42142516,Agujas de,,,
42142517,"Tubos de extensión Un tubo hueco, sin ningún tipo de elemento óptico, que se",,,
42142519,Guías para agujas Las guías de agujas están diseñados para proporcionar un,,,
42142520,Alfileres,,,
42142521,Agujas para,,,
42142523,Agujas hipodérmicas,,,
42142524,Agujas o sets para,,,
42142525,Agujas de irrigación Consiste en una cánula de acero inoxidable 304 y una pistola,,,
42142526,"Protectores de agujas Son protectores para proteger las puntas de tus agujas. ,agujas de inyección y aspiración y",,,
42142527,Alambres para,,,
42142528,Agujas o sets para,,,
42142529,Bandejas para,,,
42142602,Peras de caucho,,,
42142603,Jeringas de cartucho,,,
42142605,Jeringas para oídos,,,
42142607,Micro jeringas para,,,
42142608,Jeringas sin agujas,,,
42142609,Jeringas con agujas,,,
42142611,Jeringas de,,,
42142612,Sets de jeringas de,,,
42142613,Pistolas de inyección Son dispositivos inyectores médicos neumáticas diseñadas,,,
42142615,Accesorios para,,,
42142616,Jeringas de,,,
42142617,Jeringas de fuente,,,
42142701,Catéteres urinarios,,,
42142702,Catéteres urinarios,,,
42142704,Bolsas o medidores,,,
42142707,Tubos de irrigación,,,
42142709,Accesorios o sets,,,
42142710,Tubos o accesorios,,,
42142711,Sets de auscultación,,,
42142712,Sets o accesorios de,,,
42142713,Cubiertas o sets,,,
42142714,Percoladores,,,
42142716,Dispositivo pesario Es un aparato utilizado en medicina que se coloca en la vagina,,,
42142901,Anteojos,,,
42142902,"Lentes para anteojos Son objetos transparentes (normalmente de vidrio), limitados",,,
42142903,Monturas para,,,
42142904,Hardware para,,,
42142905,Anteojos de sol Son unas gafas a menudo coloreadas u oscurecidas para,,,
42142906,Estuches para,,,
42142907,Pañitos para limpiar,,,
42142908,Kits para limpiar,,,
42142909,Retenedores de,,,
42142910,Estuches para lentes,,,
42142912,Medidores de radio,,,
42142913,Lentes de contacto,,,
42143102,Dispositivos o,,,
42143104,Kits o accesorios,,,
42143106,Kits o accesorios de,,,
42143504,Moldes auditivos o,,,
42143505,Kits de reparación de,,,
42143507,Paquetes de,,,
42143508,Capuchas de viento,,,
42143510,Pantallas protectoras,,,
42143511,Ganchos de cera de,,,
42143512,Mechas para oídos,,,
42143513,Instrumentos o,,,
42151503,Coronas o formas de,,,
42151504,Laca dental,,,
42151505,Suministros de,,,
42151507,"Sombras dentales Guía de colores para selección de colores odontológicos. ,suministros y equipos de odontologia",,,
42151602,Bandas para matriz,,,
42151605,Removedores de,,,
42151606,Talladores de,,,
42151610,"Alicates dentales Una herramienta, tal como unos alicates o pinzas, que se",,,
42151611,Cepillos operativos,,,
42151612,Retractores dentales,,,
42151613,"Pulidores dentales Usados para frotar, compactar osuavizar opara contornear un",,,
42151614,Fresas dentales Instrumento quirúrgico utilizado para realizar trepanaciones u,,,
42151615,Unidades crio,,,
42151616,Medidores de,,,
42151617,Taladros o brocas,,,
42151618,Elevadores dentales Este instrumento es usado para luxar el diente del hueso,,,
42151619,Excavadoras dentales,,,
42151620,Limas o curetas,,,
42151623,Fórceps dentales,,,
42151625,Instrumentos de,,,
42151629,Organizadores,,,
42151631,Sondas dentales,,,
42151632,Escariadores,,,
42151634,Picos de punta de,,,
42151636,Raspadores dentales,,,
42151637,Escalas dentales,,,
42151638,Tijeras dentales,,,
42151639,Espátulas dentales,,,
42151640,Pinzas dentales,,,
42151642,Cuchillos de,,,
42151643,Cortadoras de,,,
42151648,Calibradores para,,,
42151654,Guías para uso,,,
42151656,Esparcidores para,,,
42151658,Enhebradores de,,,
42151659,Kit de extracción de,,,
42151663,Cuñas o sets para,,,
42151667,Matrices o sets para,,,
42151672,Expansores para uso,,,
42151673,Martillos para uso,,,
42151676,Cuchillos para uso,,,
42151680,Topes o accesorios,,,
42151702,Taburetes para uso,,,
42151703,Gabinetes para uso,,,
42151801,Portadores de,,,
42151813,Tubos de calzas para,,,
42151816,Portadores de,,,
42151904,Soluciones o tabletas,,,
42151905,Geles o enjuagues de,,,
42151906,Tabletas o gotas de,,,
42151908,Frascos o sets para,,,
42151909,Pastas o kits de,,,
42151912,Aerosoles,,,
42152001,Sujetadores de aleta,,,
42152102,Formadores para,,,
42152110,Dispositivos para,,,
42152201,Láminas dentales Láminas de diferentes metales que se utilizan para hacer,,,
42152205,Unidades de curado,,,
42152206,Tintes de laboratorio,,,
42152210,Chapas de oro de,,,
42152211,Tornos o accesorios,,,
42152213,Modelos de,,,
42152214,Trampas de yeso de,,,
42152220,Piedras dentales,,,
42152224,Cantimploras de,,,
42152301,Láseres de uso,,,
42152302,"Dentoscopios Instrumento de corte que se utiliza en operaciones dentales. ,laseres y equipo de iluminacion y fibra optica",,,
42152304,Luces intraorales Sistema de iluminación inalámbrico y recargable para el,,,
42152405,Plásticos para,,,
42152406,Pastas abrasivas de,,,
42152407,Polvos abrasivos de,,,
42152408,Puntos absorbentes,,,
42152415,Cerámicas de uso,,,
42152418,Productos de yeso,,,
42152421,Mercurio de uso,,,
42152422,Puntos obturadores,,,
42152425,Resinas de base para,,,
42152428,Resinas de relleno,,,
42152430,Materiales de relleno,,,
42152433,Película radiográfica,,,
42152434,Amalgamantes para,,,
42152436,Inversiones unidas,,,
42152437,Dientes de porcelana Dientes hechos de un producto cerámico tradicionalmente,,,
42152438,Materiales,,,
42152440,Inversiones de,,,
42152441,Dientes de,,,
42152444,Líquido de retracción,,,
42152447,Tintes o suministros,,,
42152454,Protectores de,,,
42152457,Kits de cementación,,,
42152459,Kits post endodoncia,,,
42152462,Kits de revestimiento,,,
42152463,Solventes de cera de,,,
42152464,Kits para implantes,,,
42152465,Lubricantes dentales,,,
42152502,Baberos de uso,,,
42152503,Suministros hembra,,,
42152504,Recubrimientos de,,,
42152506,Bolitas absorbentes,,,
42152507,Rollos de uso,,,
42152511,Platos de uso,,,
42152512,Pinzas de uso,,,
42152513,Tazas medidoras de,,,
42152520,Escupideras de uso,,,
42152605,Sets de sialografía de,,,
42152606,Tablillas o sets de,,,
42152704,Retenedores de uso,,,
42152705,Pinzas de aplicación,,,
42152706,"Frenillos ""brackets""",,,
42152707,Tubos bucales para,,,
42152708,Bobinas de resorte,,,
42152709,Elásticos para,,,
42152710,Elastómeros para,,,
42152712,Bandas molares para,,,
42152713,Alicates para,,,
42152716,Topes o bloqueos,,,
42152801,Cinceles para,,,
42152802,Limas para,,,
42152803,Separadores para,,,
42152806,Disectores de tejido,,,
42152807,Pastas protectoras,,,
42152808,Curetas para,,,
42152809,Cuchillos para,,,
42152810,Membranas para,,,
42161502,Calentadores de,,,
42161507,Soluciones para,,,
42161509,Unidades de diálisis,,,
42161510,Kits de lavado para,,,
42161604,Sillas para,,,
42161609,Tanques de dialisato,,,
42161610,Tubos de dialisato,,,
42161632,Unidades de,,,
42161701,Hemofiltro,,,
42161703,Puertos de infusión,,,
42161704,Puertos de muestreo,,,
42171603,Prendas anti choque,,,
42171604,Camillas canasta o,,,
42171605,Ojales de cable de,,,
42171612,Camillas o,,,
42171613,Tablas espinales,,,
42171702,Cobijas para,,,
42171805,Desplegadores de,,,
42171806,Palos para,,,
42181504,Sets de,,,
42181513,Kits de irrigación de,,,
42181514,Fotómetros de,,,
42181601,Unidades de presión,,,
42181605,Mangas o vejigas de,,,
42181607,Unidades de registro,,,
42181610,Kits de mangas de,,,
42181715,Soluciones o cremas,,,
42181801,Unidades para,,,
42181802,Cables para,,,
42181907,Aparatos para,,,
42181909,Papel de registro de,,,
42181910,Kits intrauterinos,,,
42181911,Electrodos para,,,
42182001,Espéculos para,,,
42182002,Anoscopios o,,,
42182004,Dermatoscopios,,,
42182013,Espéculos para,,,
42182015,Espéculos para,,,
42182016,Nasofaringoscopios,,,
42182017,Sets de espéculos,,,
42182018,Broncoscopios o,,,
42182019,"Kits de dilatación Instrumentos medicos quirurgicos para consulta,tratamiento,",,,
42182020,Angioscopios o,,,
42182102,Dopplers vasculares,,,
42182104,Estetoscopio de,,,
42182106,Fonocardiográfos,,,
42182107,Estetoscopios,,,
42182108,Termorreguladores,,,
42182209,Sondas para,,,
42182303,Tarjetas de examen,,,
42182306,Discriminadores,,,
42182307,Alfileres neurológicos El perno o espárrago es una pieza metálica larga de sección,,,
42182308,Electroencefalógrafo,,,
42182310,Electromiógrafos,,,
42182311,Sensores,,,
42182401,Audiómetros o,,,
42182406,Grabadoras gráficas,,,
42182407,Fenestrómetros de,,,
42182408,Electrococleógrafos,,,
42182412,Diapasones para uso,,,
42182413,Sets de diapasones,,,
42182414,Analizadores de,,,
42182415,Tubos de toynbee,,,
42182416,Timpanómetros o,,,
42182417,Cordones de,,,
42182418,Guías para,,,
42182419,Aparatos para,,,
42182420,Sondas aurales,,,
42182421,Calibradores de,,,
42182422,Bolsas inflables para,,,
42182501,Olfatómetros,,,
42182604,Linternas para,,,
42182701,Goniómetros,,,
42182702,Cintas de medición,,,
42182704,Evaluadores de,,,
42182801,"Básculas de pañales La báscula es un aparato que sirve para pesar; esto es, para",,,
42182802,Básculas de bebés,,,
42182804,Básculas de asiento,,,
42182805,Básculas de piso,,,
42182806,Básculas de eslinga,,,
42182903,Mesas para examen,,,
42183002,Topógrafos corneales Es una herramienta diagnóstica computerizada que crea un,,,
42183003,Exoftalmómetros Instrumento para determinar el grado de proyección de los,,,
42183004,Queratoscopios,,,
42183005,Colorímetros,,,
42183006,Distómetros,,,
42183007,Tambores oftálmicos,,,
42183008,Eutiscopios,,,
42183010,Lensómetros para,,,
42183011,Perímetros para uso,,,
42183012,Fotómetros para uso,,,
42183013,Prismas para uso,,,
42183014,Retinoscopios para,,,
42183016,Espectrofotómetros,,,
42183017,Espéculos para uso,,,
42183019,Transiluminadores,,,
42183022,Visiómetros para uso,,,
42183023,Oftalmómetros,,,
42183025,Lentes de vitrectomía Facilita la visualización posterior central del vítreo y fondo de,,,
42183026,Oftalmodinamómetr,,,
42183029,Unidades de forópter,,,
42183030,Oclusores de ojos,,,
42183032,Taquistoscopio,,,
42183033,Sets de ajuste de,,,
42183034,Estereoscopios para,,,
42183036,Placas base para,,,
42183037,Proyectores de,,,
42183038,Almohadillas de uso,,,
42183039,Sujetadores de,,,
42183043,Bombillos para,,,
42183044,Pantallas tangentes,,,
42183045,Sistemas de,,,
42183101,Gustómetros,,,
42191501,Sistema de tubo,,,
42191502,Bandejas o cubiertas,,,
42191604,Brazos de monitoreo,,,
42191610,Módulos de trabajo,,,
42191703,Salidas de gas para,,,
42191705,Alarmas de gas para,,,
42191706,Colector de gas para,,,
42191707,Sistemas de vacío,,,
42191806,Barras de trapecio,,,
42191902,Armarios para uso,,,
42192103,Asientos para,,,
42192104,Taburetes médicos y,,,
42192107,Asientos de examen,,,
42192202,Elevadores de,,,
42192203,Asientos geriátricos,,,
42192205,Accesorios para,,,
42192206,Carritos de pacientes Es un tipo de vehículo motorizado para personas,,,
42192208,Accesorios para,,,
42192209,Rampas para sillas,,,
42192210,Sillas de ruedas,,,
42192304,Montacargas de,,,
42192305,Eslingas para bebés,,,
42192404,Carritos o accesorios,,,
42192405,Puestos móviles de,,,
42192406,Carritos para,,,
42192501,Forros para equipos,,,
42192502,Bolsas para equipos,,,
42192601,Moldes de,,,
42201714,Tensiómetros,,,
42201716,Unidades de,,,
42201801,Películas de rayos x,,,
42201802,Equipos de rayos x,,,
42201803,Equipos de rayos x,,,
42201814,Tubos de rayos x,,,
42201817,Densitómetros de,,,
42201821,Sujeta casetes de,,,
42201824,Sets de artrografía,,,
42201829,Localizadores,,,
42201840,Dispositivos,,,
42201848,Sistema digital de,,,
42202003,Sondas para mapeo,,,
42202004,Colimadores para,,,
42202105,Unidades de,,,
42202602,Kits de pruebas para,,,
42202801,Litotriptores de,,,
42202802,Electrodos o sondas,,,
42203101,Micro dosímetros de,,,
42203303,Sistemas de biopsia,,,
42203401,Stents coronarios,,,
42203404,Alambre guía para,,,
42203405,Catéter inflable para,,,
42203408,Kits de fundas,,,
42203409,Valvulotomos,,,
42203410,Funda de catéter,,,
42203411,Carritos para,,,
42203412,Stents periféricos,,,
42203504,Grabadora cardíaca,,,
42211502,Muletas o accesorios,,,
42211503,Dispositivos de,,,
42211506,Caminadores o,,,
42211712,Estuches para,,,
42221501,Catéteres de línea,,,
42221503,Catéteres venosos,,,
42221506,Catéteres umbilicales,,,
42221513,Kits de cateterización,,,
42221616,Sets de extensión,,,
42221802,Tablas de brazo,,,
42222008,Kits o accesorios de,,,
42231507,Cepillos para limpiar,,,
42231509,Cámaras de pesaje,,,
42231603,Tubos para,,,
42231604,Botones de acceso,,,
42231701,Tubos nasogástricos,,,
42231702,Tubos nasoyeyunales Empleados para proveer acceso enteral por corto tiempo de,,,
42231705,Filtros nasogástricos,,,
42231807,Chupos de teteros,,,
42231901,Bombas de seno o,,,
42231902,Conchas o,,,
42231903,Kits de bombas de,,,
42232001,Pulverizadores de,,,
42232003,Cortadores de,,,
42241501,Zapatos de yeso El zapato reemplaza las funciones de los zapatos normales,,,
42241503,Protectores de yesos,,,
42241507,Sistemas de tablillas,,,
42241509,Componentes de,,,
42241511,Sets de tablillas de,,,
42241512,Materiales de unión,,,
42241515,Estuches para,,,
42241601,Carritos para yeso o,,,
42241602,Cortadores o sierras,,,
42241603,Sistemas de,,,
42241604,Vacíos de yeso,,,
42241606,Bandejas de,,,
42241607,Puestos de yeso Mueble donde se ordena y almacena las escayolas. equipo y piezas y accesorios de vaciado de,,,
42241707,Abrazaderas para,,,
42241708,Almohadas para,,,
42241810,Órtosis ortopédicas,,,
42241811,Faja para hernias,,,
42241901,Kits de tablillas,,,
42242004,Media o forro,,,
42242101,Suministros de,,,
42242104,Suministros de,,,
42242105,Carritos móviles de,,,
42242108,Hardware o pesas de,,,
42242301,Bombas de cicatriz,,,
42251503,Juegos terapéuticos,,,
42251505,Rompecabezas de,,,
42251506,Cajas de decoración,,,
42251610,Pelotas o accesorios,,,
42261501,Tijeras para,,,
42261503,Sondas de bala para,,,
42261504,Jaladores de hilo o,,,
42261505,Cuchillos o cuchillas,,,
42261507,"Hilo post mortem Hebra larga y delgada de una materia textil, especialmente",,,
42261508,Agujas post mortem,,,
42261509,Kits de disección,,,
42261510,Ganchos de incisión,,,
42261511,Directores de vena,,,
42261512,Sierras para,,,
42261601,Recolectores de,,,
42261602,Bolsa para cadáver,,,
42261603,Bolsas de transporte,,,
42261604,Apoya cabezas para,,,
42261605,Tablas de cuerpo,,,
42261606,Balanzas colgantes,,,
42261611,Termómetros,,,
42261703,Tablas o accesorios,,,
42261802,Transportadores de,,,
42261806,Congeladores para,,,
42261807,Carritos de autopsia,,,
42261808,Bandejas para,,,
42261902,Máscaras anti,,,
42262004,Tubos de inyección,,,
42262006,"Kits para embalsamar Herramientas para embalsamar cadaveres equipo y suministros de embalsamar,kits de",,,
42262007,Agujas inyectoras,,,
42262008,"Protectores de ojos Jeringa se le inyecta al cuerpo los preservativos locales, con",,,
42262101,Trajes mortuorios Prenda o conjunto de prendas exteriores con que se cubre el,,,
42262102,"Paquetes mortuorios Accesorios que se le ponen en las funerarios. equipo y suministros funerarios,packs",,,
42262103,Lienzos mortuorios Sábana o pieza de tela en la que se envuelve un cadáver para,,,
42262104,Aspiradoras,,,
42271501,Monitores de apnea,,,
42271502,Monitores de gas,,,
42271504,Estetoscopios,,,
42271601,Pletismógrafos de,,,
42271604,Flujómetros de pico,,,
42271605,Calculadoras de,,,
42271606,Dispositivos de,,,
42271608,Productos de prueba,,,
42271611,Monitores de,,,
42271613,Monitores de,,,
42271615,Neumotacos,,,
42271616,Filtros de monitoreo,,,
42271617,Percusores de pecho,,,
42271702,Concentradores de,,,
42271703,Mezcladores de aire,,,
42271704,Temporizadores de,,,
42271706,Compresores para,,,
42271709,Cánulas nasales para,,,
42271712,Carpas de aerosol,,,
42271714,Incubadoras para,,,
42271716,Estuches para,,,
42271717,Inhaladores o sets,,,
42271720,Convertidores de,,,
42271802,Nebulizadores o,,,
42271901,Vías aéreas faríngeas Un tubo insertado a través de la boca y la faringe para que la,,,
42271902,Tubos esofágicos,,,
42271903,Tubos,,,
42271904,Tubos de,,,
42271905,Tubos,,,
42271908,Sujetadores de vías,,,
42271909,Accesorios de vías,,,
42271910,Sets endotraqueales,,,
42271911,Kits de manómetros,,,
42271912,Tubos nasofaríngeos,,,
42271913,Vías aéreas faríngeas,,,
42271914,Mordazas de presión,,,
42271915,Accesorios de,,,
42272001,Laringoscopios o,,,
42272002,Aerosoles laríngeos Es un procedimiento médico que se utiliza para obtener una,,,
42272003,Bloques de mordida,,,
42272004,Estiletes de,,,
42272005,Fórceps de,,,
42272006,"Introductores Un instrumento o estilete usado para insertar un catéter, un",,,
42272007,Herramientas de,,,
42272008,Sondas o guías de,,,
42272010,Bombas de succión,,,
42272011,Catéteres de succión,,,
42272012,Tubos o tuberías de,,,
42272013,Forros o cajitas,,,
42272015,"Kits de succión Conjunto de elementos destinados para realizar succión. suministros de intubacion,kits de",,,
42272016,Quillas laríngeas o,,,
42272101,Pulmón de hierro,,,
42272102,Productos de coraza,,,
42272203,Máquinas de doble,,,
42272204,Ventiladores de,,,
42272207,Ventiladores de alta,,,
42272208,Ventiladores de,,,
42272210,Bolsas de circuito de,,,
42272211,Productos de,,,
42272216,Termómetros de,,,
42272217,Trampas de agua,,,
42272220,Accesorios para,,,
42272224,Kits de circuitos para,,,
42272301,Resucitadores,,,
42272302,Resucitadores,,,
42272305,Conectores de,,,
42272306,Kits de resucitación,,,
42272401,Agujas de,,,
42272402,Bandejas o juegos de,,,
42272501,Aparatos de gas de,,,
42272504,Sets o kits de,,,
42272508,Bomba intratecal Es un pequeño dispositivo médico programabe que funciona,,,
42281501,Esterilizadores,,,
42281503,Esterilizadores de,,,
42281504,Esterilizadores de,,,
42281507,Esterilizadores de,,,
42281511,Lámparas de,,,
42281512,Tapas de,,,
42281515,Gabinetes de,,,
42281516,Filtros de,,,
42281518,Barras para cánulas,,,
42281519,Esterilizadores de,,,
42281521,Sets de esterilización Set básico de esterilizador . equipo y accesorios de esterilizadores y de,,,
42281523,Mangas de filtro de,,,
42281601,Soluciones de,,,
42281602,Soluciones de,,,
42281606,Fumigadores de gas,,,
42281702,Baldes de remojo,,,
42281703,Kits de cuidado de,,,
42281706,Lubricantes o leche,,,
42281709,Cepillos de limpieza,,,
42281710,Desodorantes de,,,
42281711,Desincrustadores de,,,
42281712,Equipo de limpieza,,,
42281713,Baldes de escurrido,,,
42281801,Tiras de prueba de,,,
42281802,Etiquetas de,,,
42281803,Kits biológicos de,,,
42281804,Controles de,,,
42281806,Tiras indicadoras de,,,
42281807,Cintas indicadoras,,,
42281808,Papeles u hojas de,,,
42281904,Bolsas de,,,
42281912,Toallas de,,,
42281913,Tunos de,,,
42281915,Rollos de,,,
42281916,Talegos de,,,
42291605,Brocas para uso,,,
42291607,Curetas o lanzaderas,,,
42291609,Pinzas para uso,,,
42291610,Planos para uso,,,
42291611,Raspadores para uso,,,
42291612,Tenazas para uso,,,
42291613,Escalpelos o bisturí,,,
42291614,Tijeras para uso,,,
42291615,Tijeras para uso,,,
42291617,Espitas para uso,,,
42291621,Removedores de,,,
42291622,Adenotomos Instrumentos medicos quirurgicos de corte y disección para,,,
42291623,Periosteotomos Instrumentos medicos quirurgicos de corte y disección para,,,
42291624,Meniscotomos Instrumentos medicos quirurgicos de corte y disección para,,,
42291703,Perforadoras para,,,
42291706,Fresas quirúrgicas o,,,
42291707,Kits de craneotomía,,,
42291708,Brocas o accesorios,,,
42292102,Extractores para uso,,,
42292103,Porta tubos o llaves,,,
42292201,Aproximadores para,,,
42292202,Compresores para,,,
42292203,Depresores para uso,,,
42292302,Engarzadores para,,,
42292303,Alicates para uso,,,
42292304,Tensores para uso,,,
42292305,Agarres para uso,,,
42292307,Llaves para uso,,,
42292401,Roscas para uso,,,
42292403,Mangos de hachas,,,
42292501,Tapones para uso,,,
42292504,Prensas para uso,,,
42292602,Muescas para uso,,,
42292603,Sondas o directores,,,
42292701,Disectores para uso,,,
42292703,Elevadores para uso,,,
42292704,Picas para uso,,,
42292801,Instrumentos de,,,
42292907,Sistemas para estirar,,,
42293001,Calibradores o reglas,,,
42293006,Cintas de medición,,,
42293101,Retractores láser,,,
42293106,Sets de retractores,,,
42293108,Estabilizadores para,,,
42293110,Retractores,,,
42293111,Retractores,,,
42293112,Retractores torácicos,,,
42293113,Retractores de vena,,,
42293114,Retractores bucales,,,
42293115,Retractores,,,
42293116,Retractores rectales,,,
42293117,Retractores,,,
42293118,Retractores uterinos,,,
42293119,Retractores,,,
42293120,Retractores de,,,
42293121,Retractores de,,,
42293122,Retractores de oído,,,
42293123,Retractores para,,,
42293124,Retractores de,,,
42293125,Retractores de,,,
42293126,Retractores para,,,
42293127,Retractores de tejidos Un instrumento quirúrgico diseñado para retraer grandes,,,
42293128,Retractores de piel,,,
42293129,Retractores para,,,
42293130,Retractores de,,,
42293131,Retractores de,,,
42293132,Retractores de dedos,,,
42293133,Anillos de retracción,,,
42293134,Retractores cervicales,,,
42293135,Retractores de labios,,,
42293136,Adaptadores de,,,
42293137,Cuchillas retractoras,,,
42293139,Accesorios para,,,
42293302,Separadores para,,,
42293303,Espéculos para uso,,,
42293304,Extensores para uso,,,
42293401,Guías para uso,,,
42293404,Empujadores para,,,
42293407,Filiforme para dilatar,,,
42293506,Bulbos de succión,,,
42293601,Bujías para uso,,,
42293602,Obturadores para,,,
42293603,Sondas para uso,,,
42293701,Trituradores para,,,
42293702,Excavadoras para,,,
42293703,Molinos de hueso,,,
42293801,Pasadores para uso,,,
42293802,Buscadores para uso,,,
42293803,Removedores para,,,
42294001,Cucharas hondas,,,
42294002,Espátulas para uso,,,
42294003,Cucharas para uso,,,
42294103,Collares de tracción,,,
42294203,Sets de instrumentos,,,
42294206,Sets de instrumentos,,,
42294212,Sets de instrumentos,,,
42294306,Aguja de localización,,,
42294401,Sistemas de cosecha,,,
42294502,Pesas de párpados,,,
42294503,Anillos de fijación,,,
42294505,Placas de párpado,,,
42294506,Rotadores de núcleo,,,
42294509,Agujas para cirugía,,,
42294510,Esponjas para,,,
42294512,Protectores de ojos,,,
42294513,Kits de vitrectomía,,,
42294514,Sondas de borrado,,,
42294515,Pulidores de lentes,,,
42294516,Sujetadores de ojos,,,
42294517,Insertos ópticos Pieza o aparato dispuesto para enganchar. instrumentos de especialidad oftalmica y,,,
42294518,Sets de ajuste de,,,
42294519,Cucharas o curetas,,,
42294521,Componentes de,,,
42294524,Magnetos de ojos,,,
42294525,Sets de instrumentos,,,
42294526,Dilatadores o sets de,,,
42294603,Unidades de,,,
42294604,Filtros de,,,
42294606,Sets o kits de tubos,,,
42294607,Válvulas de,,,
42294702,Bombas y accesorios,,,
42294706,Trampas de burbujas,,,
42294707,Sets de cardioplegia,,,
42294714,Cabezas de bombas,,,
42294716,Reservorios venosos,,,
42294717,Dispositivos de,,,
42294718,Bombas de perfusión Bombas usadas para suministrar o la administración de,,,
42294719,Reservorios,,,
42294720,Agujas de monitoreo,,,
42294721,Punzones aórticos,,,
42294722,Sets de drenaje,,,
42294803,Cistouretroscopios Un endoscopio para examinar la uretra posterior y la vejiga. endoscopios y accesorios y productos,,,
42294804,Resectoscopios,,,
42294806,Cistoscopios Un instrumento tubular equipado con una luz y se usa,,,
42294807,Esfinterómetros,,,
42294808,Esofagoscopios o,,,
42294910,Electrodos o cables,,,
42294911,Kits de fijación,,,
42294914,Sets de instrumentos,,,
42294916,Filtros de insuflación,,,
42294917,Agujas de insuflación,,,
42294918,Tubos de insuflación,,,
42294922,Ligantes,,,
42294923,Manipuladores,,,
42294925,Agujas o punzones,,,
42294926,Sobre tubos para,,,
42294928,Sondas para,,,
42294929,Retractores para,,,
42294932,Tubos o estiradores,,,
42294938,Tapas sellantes para,,,
42294939,Válvulas o accesorios,,,
42294940,Convertidores para,,,
42294941,Sets de drenaje biliar,,,
42294943,Unidades de válvulas,,,
42294944,Kits de accesorios,,,
42294945,Esponjas para,,,
42294946,Mordazas para,,,
42294947,Diafragmas para,,,
42294948,Piezas bucales para,,,
42294950,Brocas o taladros,,,
42294952,Recuperadores o,,,
42294953,Extractores para,,,
42295005,Sets de equipos,,,
42295015,Lentes endoscópicos,,,
42295102,Equipos o accesorios,,,
42295127,Equipos o accesorios,,,
42295204,Escariadores para,,,
42295206,Unidades de cirugía,,,
42295302,Cánulas de perfusión,,,
42295308,Sets de perfusión,,,
42295402,Esferos para marcar,,,
42295404,Estiradores,,,
42295409,Aplicadores de uso,,,
42295413,Cepillos de canal de,,,
42295415,Fundas para equipos,,,
42295416,Evacuadores de uso,,,
42295418,Esterillas magnéticas,,,
42295432,Estiradores,,,
42295434,Espirales vaginales o,,,
42295435,Protectores o,,,
42295436,Anillos de,,,
42295439,Alisadores de hueso,,,
42295441,Sets de recuperación,,,
42295446,Retenedores de,,,
42295454,Protectores de mano,,,
42295455,Kits de resina para,,,
42295456,Fieltros para uso,,,
42295463,Catéteres uretrales,,,
42295501,Implantes,,,
42295519,Kit de preparación,,,
42295520,Kit de,,,
42295521,Implante,,,
42295522,Estimulador de,,,
42295523,Implante o eslinga,,,
42295502,Implantes de tejido,,,
42295504,Implantes,,,
42295505,Implantes oftálmicos,,,
42295508,Implantes para,,,
42295514,Láminas de silicona El uso de silastic como un implante orbital para la,,,
42295515,Implantes de tejidos,,,
42295516,Implantes urológicos,,,
42295517,Extensores,,,
42295518,Protectores de,,,
42295524,Lente intraocular iol,,,
42301506,Estetoscopios de,,,
42311501,Clips para vendajes o,,,
42311503,Enrolladores de,,,
42311507,Esponjas de vendaje,,,
42311508,Bandejas para,,,
42311509,Vendaje de lainilla,,,
42311510,Vendajes de espuma,,,
42311511,Vendajes de gasa,,,
42311512,Esponjas de gasa,,,
42311513,Compresas de gel,,,
42311514,Vendajes germicidas Material terapéutico o de protección aplicado a una herida,,,
42311515,Vendajes,,,
42311516,Vendajes,,,
42311519,Tiras no adhesivas,,,
42311520,Cintas no adhesivas,,,
42311521,Compresas de,,,
42311522,Compresas oclusivas,,,
42311523,Vendajes de pasta,,,
42311524,Compresas de,,,
42311525,Vendas de presión Tira o rollo de gasa u otro material para envolver o unirse a,,,
42311526,Vendajes de,,,
42311527,Compresas de,,,
42311528,Sistemas de,,,
42311531,Cubiertas para,,,
42311532,Apósitos secos Productos sanitarios empleados para cubrir y proteger una,,,
42311537,Tijeras para vendajes,,,
42311538,Kits de,,,
42311539,Aplicadores de,,,
42311601,Esponjas de gelatina,,,
42311602,Cera para huesos,,,
42311603,"Celulosa oxidada Producto de oxidación de la celulosa absorbible, que se utiliza",,,
42311702,Cintas umbilicales,,,
42311707,Cintas de tejido para,,,
42311903,Drenajes de incisión,,,
42312001,Cierres de mariposa,,,
42312002,Clips para cierre de,,,
42312003,Tiras de cierre para,,,
42312007,Clips de uso interno,,,
42312009,Cosedoras para uso,,,
42312010,Cosedoras para,,,
42312011,Ganchos para uso,,,
42312012,Ganchos para cierre,,,
42312101,Adhesivos para,,,
42312102,Aplicaciones para,,,
42312106,Insertos para,,,
42312107,Obleas para ostomía Anillo de acoplamiento de plástico permite que la bolsa y la,,,
42312108,Bolsas de drenaje,,,
42312109,Anillos de bolsa para,,,
42312110,Kits de inicio para,,,
42312111,Fundas de bolsa,,,
42312113,Tapones de bolsa,,,
42312114,Kits de,,,
42312115,Mangas de irrigación,,,
42312201,Suturas,,,
42312205,Carritos o estantes,,,
42312206,Agujas para sutura,,,
42312208,Removedores de,,,
42312301,Absorbentes para,,,
42312302,Esponjas de,,,
42312309,Sistemas de,,,
42312310,Botellas limpiadoras,,,
42312311,Kits de desinfectantes,,,
42312313,Soluciones de,,,
42312402,Férulas o stents,,,
42312403,Tiras de relleno para,,,
42312501,Ligaduras de soporte,,,
42312502,Ligaduras,,,
42312503,Soportes para,,,
43191501,Teléfonos móviles,,,
43191502,Busca personas Dispositivo de telecomunicaciones muy simple que recibe,,,
43191503,"Teléfonos de pago Teléfono que funciona introduciendo monedas, tarjetas",,,
43191504,Teléfonos fijos,,,
43191505,Máquinas,,,
43191507,Teléfonos para,,,
43191508,Teléfonos digitales,,,
43191509,Teléfonos análogos Dispositivo de telecomunicación diseñado para trasmitir,,,
43191510,Radios de dos vías,,,
43191601,Placas frontales de,,,
43191602,Marcadores de,,,
43191603,Cables de extensión,,,
43191604,Placas frontales de,,,
43191606,Auriculares de,,,
43191609,Teléfonos de,,,
43191611,Protectores de líneas,,,
43191612,Descansa teléfonos Accesorios ergonomicos utilizados para poder sostener el,,,
43191614,Convertidores de voz,,,
43191615,Set telefónico manos,,,
43191616,Consola central para,,,
43191621,Adaptadores de,,,
43191623,Teléfono de pago,,,
43191626,Tolvas para,,,
43201402,Tarjetas de módulos,,,
43201403,Tarjetas de módem Es un periférico que permite conectar una computadora a,,,
43201404,Tarjetas de interface,,,
43201405,Tarjetas receptoras,,,
43201407,Tarjetas periféricas,,,
43201408,Tarjetas de puerto,,,
43201409,Tarjetas de interface,,,
43201410,Tarjetas o puertos de,,,
43201502,Tarjetas de,,,
43201507,Placas secundarias,,,
43201513,Placa central de,,,
43201522,Tarjetas de puertos,,,
43201531,Tarjetas de captura,,,
43201535,Puertos seriales,,,
43201537,Servidores de,,,
43201540,Convertidor de,,,
43201542,Unidad de control,,,
43201545,Tarjetas de fax,,,
43201546,Tarjetas de audio,,,
43201547,Tarjetas de voz,,,
43201549,Interruptores de,,,
43201552,Adaptadores para,,,
43201601,Carcasas de,,,
43201602,Carcasas de equipos,,,
43201605,Expansores,,,
43201608,Marcos de drive,,,
43201612,Placas frontales para,,,
43201614,Extensores de,,,
43201615,Kits de cubiertas,,,
43201801,Unidades de disco,,,
43201802,Series de disco duro,,,
43201803,Unidades de disco,,,
43201806,Series de cintas Es un dispositivo destinado a almacenar datos en cintas,,,
43201807,"Unidades de cintas Dispositivo destinado a almacenar datos en cintas magnéticas. Unidades de cinta magnética,Unidades de",,,
43201808,Disco compacto cd,,,
43201809,Disco compacto cd,,,
43201810,Disco versátil digital,,,
43201812,Unidades de,,,
43201902,Cambiadores de,,,
43201903,Bibliotecas de,,,
43202001,Discos compactos cd Soporte digital óptico utilizado para almacenar cualquier tipo,,,
43202002,"Cintas en blanco Cintas de almacenamiento que no se han utilizado. Cintas vírgenes,Cintas nuevas,",,,
43202003,Discos versátiles,,,
43202004,Discos flexibles,,,
43202101,Estuches para discos,,,
43202102,Estuches para discos,,,
43202105,Gabinetes para,,,
43202201,Partes de piezas de,,,
43202202,Generadores de,,,
43202204,Timbres externos o,,,
43202205,"Teclas o teclados La parte superior reemplazable del teclado. Capuchones del teclado o teclas,Cubrertor del",,,
43202207,Brazos y ensamblaje,,,
43202208,Ensamblajes de,,,
43202210,Tope de protección,,,
43202211,Platos o discos,,,
43202213,Unidades de disco,,,
43202214,Ensamblajes de,,,
43211501,Servidores de,,,
43211503,Laptop (notebook).,,,
43211505,Terminal de punto,,,
43211506,Computadores de,,,
43211507,Computadores de,,,
43211508,Computadores,,,
43211509,Computadores de,,,
43211512,Computadores,,,
43211602,Estaciones de,,,
43211603,Replicadores de,,,
43211606,Kits de multimedia,,,
43211607,Parlantes de,,,
43211608,Equipo codificador y,,,
43211701,Equipo de lectura de,,,
43211705,Almohadillas o joy,,,
43211706,Teclados,,,
43211707,Lápiz (stylus) para,,,
43211709,Lápiz (stylus) de,,,
43211711,Escáneres,,,
43211712,Tabletas de gráficos,,,
43211713,Almohadillas (pads),,,
43211719,Micrófonos de voz,,,
43211720,Terminales de pago,,,
43211721,Lectores de tarjetas,,,
43211802,Almohadillas (pads),,,
43211804,Cajones o estantes,,,
43211903,Pantalla Digital,,,
43211904,Paneles de pantalla,,,
43211905,Pantallas emisoras,,,
43212002,Brazos o soportes,,,
43212101,Impresoras de banda,,,
43212102,Impresoras de,,,
43212104,Impresoras de,,,
43212105,"Impresoras láser Tipo de impresora que permite imprimir texto o gráficos,",,,
43212106,Impresoras de,,,
43212107,Impresoras de plotter Impresora de ordenador para gráficos vectoriales de,,,
43212108,Impresoras de cinta,,,
43212109,Impresoras de,,,
43212110,Impresora,,,
43212114,Impresoras de,,,
43221501,Sistemas de atención,,,
43221503,Alto parlantes para,,,
43221504,Central telefónica,,,
43221506,Consola de,,,
43221507,Auto marcadores,,,
43221508,Campos de lámpara,,,
43221513,Secuenciadores de,,,
43221516,Monitores de estado,,,
43221519,Sistemas de correo,,,
43221522,Equipos de,,,
43221524,Adaptador de,,,
43221525,Sistemas de,,,
43221526,Sistemas de entrada,,,
43221701,Equipo central de,,,
43221702,Equipo de acceso de,,,
43221703,Antenas de televisión Dispositivo (conductor metálico) diseñado con el objetivo de,,,
43221704,Equipo central de,,,
43221705,Equipo de radio,,,
43221706,Antenas de radio Dispositivo (conductor metálico) diseñado con el objetivo de,,,
43221707,Equipo central de,,,
43221708,Equipo de acceso de,,,
43221709,Antenas de,,,
43221710,Equipo central de,,,
43221711,Equipo de acceso de,,,
43221712,Antenas de satélite,,,
43221713,Equipo central de,,,
43221714,Equipo de acceso de,,,
43221715,Antenas de onda,,,
43221716,Equipo central de,,,
43221717,Equipo de acceso de,,,
43221718,Antenas de radar,,,
43221719,Antenas de,,,
43221720,Antenas de,,,
43221801,Amplificadores,,,
43221803,"Adaptadores ópticos Conectores utilizados para las redes de láser óptica. Adaptadores ópticos,Dispositivos ópticos,fibra",,,
43221804,Láseres de red óptica,,,
43222502,Equipo de seguridad,,,
43222602,Equipo de centro,,,
43222604,Equipo de red de,,,
43222605,Puerta de acceso de,,,
43222607,Equipo de motor de,,,
43222608,Repetidores de red,,,
43222609,Enrutadores,,,
43222612,Interruptores de red,,,
43222619,Equipo de video de,,,
43222620,Interruptor multi,,,
43222621,Interruptor de,,,
43222623,Equipos de conexión,,,
43222624,Equipos de conexión,,,
43222625,Servidores de acceso Punto de entrada que permite a los usuarios o clientes,,,
43222626,Módems de cable Tipo especial de módem diseñado para modular la señal de,,,
43222628,Módems Dispositivo que sirve para enviar una señal llamada,,,
43222629,Bancos de módems Es un conjunto de dispositivos que sirve para enviar una señal,,,
43222630,Unidades de acceso,,,
43222632,Agregadores de,,,
43222640,Punto de acceso,,,
43222701,Teclas de telégrafo Dispositivo de conmutación que se utiliza principalmente para,,,
43222702,Electro magnetos de,,,
43222703,Receptor acústico de,,,
43222802,Equipo de circuito de,,,
43222803,Cargador de circuito,,,
43222806,Bloques de,,,
43222817,Repetidores de,,,
43222819,Paneles de conexión,,,
43222821,Panel de conexiones,,,
43222824,Enrolladores de,,,
43222825,Kits de modificación,,,
43222901,Acondicionadores de,,,
43223001,Dispositivos de,,,
43223109,Equipo de,,,
43223110,Equipo básico móvil,,,
43223113,Antenas lan umt gsm,,,
43223201,Portal de mensajes,,,
43223202,Centro de servicio de,,,
43223203,Centros de servicio,,,
43223204,Plataforma de,,,
43223206,Puerta de enlace de,,,
43223207,Sistema de flujo de,,,
43223208,Plataforma de juegos,,,
43223211,Controladores de,,,
43223212,Terminales de,,,
43231503,Software de,,,
43231505,Software de recursos,,,
43231507,Software de manejo,,,
43231508,Software de manejo,,,
43231509,Software de barras,,,
43231510,Software para hacer,,,
43231511,Software de sistemas,,,
43231512,Software de manejo,,,
43231513,Software para,,,
43231601,Software de,,,
43231604,Software de análisis,,,
43232001,"Juegos de acción Es un videojuego en el que el jugador debe usar su velocidad,",,,
43232002,Juegos de aventuras,,,
43232003,Juegos de deportes Videojuego de consola o de computadora que simula el,,,
43232004,Software familiar,,,
43232005,Software de edición,,,
43232101,Software de diseño,,,
43232103,Software de creación,,,
43232105,"Software de gráficas Software utilizado para producir gráficos Software para tabulación,Programas para",,,
43232106,Software de,,,
43232110,Software de hoja de,,,
43232112,Software de,,,
43232201,Software de flujo de,,,
43232202,Software de manejo,,,
43232203,Software de,,,
43232305,Software de reportes,,,
43232307,Software de,,,
43232310,Software de manejo,,,
43232312,Software de servidor,,,
43232313,Software de servidor,,,
43232401,Software de manejo,,,
43232402,Software de entorno,,,
43232406,Software de pruebas,,,
43232503,Correctores de,,,
43232504,Software de,,,
43232601,Software de soporte,,,
43232602,Software de pruebas,,,
43232603,Software de manejo,,,
43232605,Software analítico o,,,
43232607,Software de control,,,
43232608,Software de control,,,
43232609,Software de,,,
43232610,Software médico Programas informáticos que son utilizados para fines,,,
43232611,Software de puntos,,,
43232701,Software de servidor,,,
43232801,Software de,,,
43232803,Software de manejo,,,
43232804,Software de,,,
43232901,Software de acceso Conjunto de aplicaciones de escritorio orientadas a la gestión,,,
43232902,Software de servidor,,,
43232903,Software de centro,,,
43232904,"Software de fax Programas informáticos que son utilizados para los faxes. Software de fax ,Programas de fax, Software para trabajo",,,
43232905,Software de lan,,,
43232906,Software de,,,
43232909,Software y firmware,,,
43232910,Software inalámbrico Programa informático utilizado para la administración de,,,
43232912,Software de puerta,,,
43232913,Software de puente,,,
43232914,Software de módem Programa informático que permite administrar el uso del,,,
43233001,Software de sistema,,,
43233002,Software de sistema,,,
43233004,Software de sistema,,,
43233201,Software de servidor,,,
43233415,Software de respaldo,,,
43233501,Software de correo,,,
43233502,Software de video,,,
43233503,Software de,,,
43233506,Software de creación,,,
44101501,Fotocopiadoras Es una máquina que hace copias en papel de documentos y,,,
44101502,Aparatos de fax,,,
44101503,Máquinas,,,
44101504,Escáner,,,
44101505,Duplicadores,,,
44101506,Máquinas de,,,
44101601,Máquinas cortadoras,,,
44101604,Tablas de protección,,,
44101605,Máquinas para,,,
44101606,Máquinas para,,,
44101701,Opciones de color o,,,
44101704,Terminales de,,,
44101707,Unidades de,,,
44101708,"Filtros de ozono Dispositivo que elimina los elementos contaminantes, tóxicos,",,,
44101709,Ensamblajes de,,,
44101711,Compresor de,,,
44101712,Apiladores de buzón,,,
44101713,"Contadores de copias Contadores de copias Contadores de copias,",,,
44101715,Cubiertas de platinas Artículo que cubre el documento original y cristal de,,,
44101718,Adaptadores,,,
44101719,Accesorios de,,,
44101720,Fuentes de lenguaje La configuración de fuentes e idiomas que permite leer en,,,
44101721,Husos de medios,,,
44101723,Buzones de correo,,,
44101724,Actualizaciones de,,,
44101725,Gabinetes de,,,
44101727,Puestos para,,,
44101728,Alimentadores de,,,
44101729,"Apiladores de salida Dispositivo de salida de una impresora, con la finalidad de",,,
44101801,Calculadoras o,,,
44101802,"Máquinas sumadoras Tipo de calculadora, generalmente especializada para los",,,
44101803,Máquinas,,,
44101804,Cajas registradoras,,,
44101805,Cintas para,,,
44101806,Cintas para cajas,,,
44101901,Máquinas de endoso,,,
44101902,Máquinas para,,,
44102001,Película de,,,
44102002,Bolsas de,,,
44102003,Láminas de,,,
44102004,Láminas creativas  Los papel metalico adecuados para cada tipo de trabajo o,,,
44102102,Máquinas para abrir,,,
44102103,Máquinas para sellar,,,
44102104,Máquinas para,,,
44102105,Máquinas para,,,
44102106,"Dobladores de cartas Maquina para doblar cartas Dobladores de cartas, Máquinas de correo",,,
44102107,Colocadores de,,,
44102108,Accesorios para,,,
44102201,Endosador Una persona que suscribe; trasladar el valor de un,,,
44102301,Máquinas de,,,
44102302,Máquinas para,,,
44102303,Prensas de,,,
44102304,Máquinas selladoras Maquinaria destinada para cerrar o sellar,"latas o envases. Máquinas de cerrar,Maquinas de cierre, Empaquetadoras",,
44102306,Máquinas para,,,
44102307,Intercaladores,,,
44102402,Máquinas para,,,
44102403,Máquinas de prensa,,,
44102404,Máquinas para,,,
44102405,Máquinas para hacer,,,
44102406,Equipos para,,,
44102407,Grabadora de relieve,,,
44102411,Dispensadores de,,,
44102412,Cartuchos de,,,
44102501,Máquinas,,,
44102502,Sorteadoras Equipos utilizados dentro de un proceso para la clasificación,,,
44102503,Máquinas para,,,
44102602,Máquinas de escribir,,,
44102603,Ruedas de margarita,,,
44102604,Máquinas de,,,
44102605,Máquinas para,,,
44102606,Cinta de máquinas,,,
44102607,Procesadores de,,,
44102610,Kits de inicio para,,,
44102801,Laminadoras Equipo electronico que utiliza el calor y una bolsa de,,,
44102901,Kits de viaje para,,,
44102903,Limpiadoras de cinta,,,
44102904,Aerosol de aire,,,
44102910,Laminadora Elemento donde se colocan los elementos necesarios para,,,
44102913,Destructor de discos,,,
44103002,Aceite de fusores,,,
44103003,Limpiador de fusores,,,
44103004,Fusores La parte de una impresora láser que funde el tóner sobre el,,,
44103103,Tóner para,,,
44103104,Rollos de,,,
44103105,Cartuchos de tinta,,,
44103106,Barras de tinta,,,
44103110,Cabezales de,,,
44103111,Rollos de tinta Es un material en forma cilíndrica con tinta para ser utilizada,,,
44103112,Cinta de impresora,,,
44103116,Kit para impresora Conjunto de elementos utilizados o necesarios para una,,,
44103117,Cintas de fax Carretes de una cinta de tinta para ser utilizados en los,,,
44103118,Película de,,,
44103120,Recolectores de tóner Componente de la impresora encargada de recoger el toner,,,
44103122,Bandas de impresión Componentes de la impresora que sirve para delimitar las,,,
44103201,Máquina de tarjetas,,,
44103204,Estantes para,,,
44103205,Tarjetas u hojas de,,,
44103502,Tapas de,,,
44103503,Lomos o cierres de,,,
44103504,Alambres o espirales,,,
44103505,Peinillas o tiras de,,,
44103506,Cinta de,,,
44103507,Kits de,,,
44103601,Trituradores de,,,
44111502,Organizadores de,,,
44111507,"Sujeta libros Son elementos utilizados en oficina, bibliotecas o libreros",,,
44111509,Sujetadores de,,,
44111510,Organizadores o,,,
44111512,"Estante de literatura Dispositivo utilizado para organizar folletos. Organizador de folletos,Archivo de folletos, Agendas y accesorios Accesorios de oficina",,,
44111513,Soportes para,,,
44111516,Organizadores,,,
44111517,Puestos de estudio,,,
44111521,Sujetadores de,,,
44111601,Bolsas para billetes o,,,
44111603,Sorteadores de,,,
44111605,Cajas para efectivo o,,,
44111606,Bandejas de cajas de,,,
44111607,"Archivos de cheques Organizador comunmente en forma de acordeon, para",,,
44111608,Bancos de monedas Recipiente destinado a la acumulación y el almacenaje de,,,
44111610,Bandejas de,,,
44111611,Clips para billetes,,,
44111612,Sellos para bolsas de,,,
44111613,Sujetadores de,,,
44111614,Estantes de correas,,,
44111615,Bolsas de depósito,,,
44111616,Separadores de,,,
44111801,Ayudas para,,,
44111802,"Película de dibujo Es una película de papel con una superficie mate para dibujar. Láminas de dibujo,Papel de dibujo, Suministros de dibujo Accesorios de oficina",,,
44111803,"Compases Instrumento que sirve para trazar circunferencias. Compases,compás,compas Suministros de dibujo Accesorios de oficina",,,
44111804,Papeles de dibujo,,,
44111805,"Curvas Plantillas que sirven para trazar curvas, estando estas",,,
44111806,"Transportadores Es un instrumento de medición de ángulos en grados . Transportadores,transportador, transportador",,,
44111807,Escalas,,,
44111808,Reglas t,,,
44111809,"Plantillas Se usan para dibujar formas estándares cuadrados,",,,
44111810,Triángulos Plantilla con forma de triángulo rectángulo isósceles que se,,,
44111812,"Kits o sets de dibujo Conjunto de instrumentos utilizados para dibujar Kits o conjuntos para dibujo,Juego de",,,
44111813,Puntos o cintas de,,,
44111815,Forros para mesas,,,
44111903,Caballetes o,,,
44111904,Tableros de cartas o,,,
44111905,Tableros de borrado,,,
44111906,Pizarra de tiza o,,,
44111907,Tablero de anuncios,,,
44111908,Tableros magnéticos,,,
44111910,Rieles o sujetadores,,,
44112002,Calendarios,,,
44112004,Planeadores de,,,
44112005,Libretas de citas o,,,
44112006,Diarios o repuestos,,,
44112007,"Cajas de sugerencias Es un dispositivo para obtener comentarios adicionales,",,,
44112008,Planeadores de,,,
44121501,Tubos de sobres,,,
44121503,Sobres,,,
44121504,Sobres de ventana,,,
44121505,Sobres especiales,,,
44121506,Sobres estándar,,,
44121507,Sobres de catálogos,,,
44121508,Repositorios para,,,
44121509,Bolsas para correo Elementos de almacenamiento utilizados para el transporte,,,
44121510,"Sellos para correo Elementos utilizados para cerrar las fundas, sobres o",,,
44121511,Cajas para correo,,,
44121512,Tapas de tubos para,,,
44121604,Estampillas,,,
44121605,Dispensadores de,,,
44121611,Punzones para papel,,,
44121612,Cortadoras de papel,,,
44121614,Campanas de,,,
44121615,"Grapadoras Es un utensilio que se emplea para unir hojas de papel,",,,
44121617,Abridor manual de,,,
44121618,Tijeras,,,
44121619,Sacapuntas,,,
44121620,Protector de plástico,,,
44121622,"Humidificadores Tinta utilizada para los sellos que se utilizan en las oficinas. Humedecedores, Suministros de",,,
44121623,Abridor de cartas,,,
44121624,Herramientas de,,,
44121625,Pisa papeles,,,
44121626,Removedor de,,,
44121627,Marcadores de libros,,,
44121630,"Kit de cosedora Es un utensilio que se emplea para unir hojas de papel,",,,
44121631,Dispensadores de,,,
44121632,Afilador de tijeras,,,
44121633,Dispensadores de,,,
44121634,Rollos adhesivos,,,
44121635,Husos para cinta,,,
44121701,Bolígrafos,,,
44121702,Sets de esferos o,,,
44121703,Estilógrafos,,,
44121704,Esferos de punta,,,
44121705,Lápices mecánicos,,,
44121706,Lápices de madera,,,
44121707,Lápices de colores,,,
44121708,Marcadores,,,
44121709,Crayolas,,,
44121710,Tiza para escribir o,,,
44121711,Rotuladores,,,
44121712,Repuestos de,,,
44121713,Plumas de,,,
44121714,Asideras para lápices,,,
44121715,Combinaciones de,,,
44121716,Resaltadores Es un tipo de marcador de tinta fluorescente que se utiliza,,,
44121717,Combinación de,,,
44121718,Sets de esferos,,,
44121801,Película o cinta de,,,
44121802,Corrector líquido,,,
44121804,Borradores,,,
44121805,Esferos de corrección,,,
44121806,Repuestos para,,,
44121807,Repuestos para,,,
44121808,Borradores eléctricos,,,
44121902,Repuestos de minas Es una tinta de invención china usada principalmente en,,,
44121904,Repuestos de tinta Repuesto de tinta utilizado para rellenar los dispositivos de,,,
44121905,Almohadillas de tinta,,,
44122001,Archivos para,,,
44122002,Protectores de hojas,,,
44122003,Carpetas,,,
44122005,Cubiertas para,,,
44122008,Índices de fichas,,,
44122010,Separadores,,,
44122011,Folders Es un objeto que se utiliza para agrupar y proteger los,,,
44122012,Portapapeles,,,
44122013,Cubiertas para,,,
44122014,Levantadores de,,,
44122015,Respaldos para,,,
44122016,Sujetador de,,,
44122017,Folders de colgar o,,,
44122018,Insertos o pestañas,,,
44122019,Bolsillos para,,,
44122020,Bolsillos para tarjetas Elementos que se utilizan para almacenar y organizar las,,,
44122021,Álbumes de,,,
44122022,Accesorios de,,,
44122023,Tabletas gráficas,,,
44122024,Manijas de carpetas,,,
44122025,Bolsillos de carpetas,,,
44122026,Garras para papel,,,
44122027,Folders de archivo,,,
44122028,Canales para montar,,,
44122032,Folders de,,,
44122101,"Cauchos Es una banda de caucho elástica. Gomas elásticas,Ligas,gomilla Suministros de sujeción Suministros de oficina Equipos de oficina,",,,
44122103,"Sujetadores de cierre Elementos que se utilizan para cerrar algo. Corchetes,cierres Suministros de sujeción Suministros de oficina Equipos de oficina,",,,
44122104,Clips para papel,,,
44122105,Clips para carpetas o,,,
44122106,"Alfileres o taches Es un elemento de fijación, generalmente metálico, con un",,,
44122107,Grapas,,,
44122109,Sujetador de aro y,,,
44122110,Monturas adhesivas Elementos de sujeción que cuenta con una parte posterior,,,
44122111,Refuerzos para,,,
44122112,Sujetadores de,,,
44122113,Sujetadores de,,,
44122114,"Postes roscados Tormillos que sirven para unir álbumes de fotos, libros de",,,
44122115,Esquinas adhesivas,,,
44122116,"Clips de bolsas Es un dispositivo utilizado para sujetar fundas y cerrarla. Pinzas para bolsas,pinzas para funda Suministros de sujeción Suministros de oficina Equipos de oficina,",,,
44122117,Anillos para libros Son elementos circulares para mantener cosas unidades,,,
44122118,Sujetadores de pinza Instrumento utilizado para sujetar las hojas en un folder o,,,
44122119,Sujetadores auto,,,
44122120,"Postes de carpetas Elemento que sirven para unir álbumes de fotos, libros de",,,
44122121,Clips de pared o,,,
45101501,Impresoras,,,
45101502,Prensas de,,,
45101503,Equipos de,,,
45101504,Equipos litográficos Equipos utilizados para la obtención y duplicación de obras,,,
45101506,Máquinas de,,,
45101507,Prensas impresoras,,,
45101508,Máquinas,,,
45101509,Impresora rotativa,,,
45101510,Impresora flexo,,,
45101514,Impresora de,,,
45101515,Impresora básica,,,
45101602,Equipos de cuarto,,,
45101603,Consumibles de,,,
45101606,Procesadores de,,,
45101607,Lámparas de arco de,,,
45101608,Pantallas de,,,
45101611,Escobillas de,,,
45101701,Ensambladoras de,,,
45101702,Guillotinas de,,,
45101704,Cortadoras de,,,
45101705,Bordeadoras de,,,
45101706,Punzones de,,,
45101707,Platinas de impresión,,,
45101708,Leznas de impresión,,,
45101801,Máquinas para,,,
45101802,Máquinas cortadoras,,,
45101804,Máquinas cosedoras,,,
45101806,Máquinas,,,
45101807,Máquinas,,,
45101901,Máquinas de,,,
45101902,Clisadores,,,
45101903,Máquinas de,,,
45101904,Alargadores,,,
45101905,Tableros de dibujo o,,,
45102003,Materiales de,,,
45111501,Atriles autónomos,,,
45111502,Atriles de mesa,,,
45111503,Mazos o bloques de,,,
45111601,Señaladores,,,
45111602,Lámparas de,,,
45111604,Proyectores de,,,
45111607,Proyectores de techo,,,
45111608,Proyectores de,,,
45111609,Proyectores,,,
45111610,Epidiascopios Son dispositivos ópticos diseñado para proyectar láminas,,,
45111612,Controles de,,,
45111613,Proyectores de tubo,,,
45111615,Lentes de proyección,,,
45111616,Proyectores de video,,,
45111617,Proyector de techo o,,,
45111618,Cajas de luces de,,,
45111620,Copiadora de,,,
45111701,Dispositivos de,,,
45111702,Cajas de conectores,,,
45111703,Centros de escucha Son equipos utilizados para reproducir un sonido para un,,,
45111704,Consolas de,,,
45111705,Sistemas de,,,
45111801,Sistemas de control,,,
45111802,Soportes para,,,
45111803,Convertidores de,,,
45111804,Duplicadores de línea,,,
45111805,Editores de video,,,
45111807,Interfaces Dispositivo a través de la cual los diferentes tipos de datos se,,,
45111808,Controles de,,,
45111810,Presentadores,,,
45111828,Teleprónter,,,
45111830,Sistema de video wall,,,
45111901,Sistemas de audio,,,
45111902,Sistemas de video,,,
45112002,Impresoras lectoras,,,
45121501,"Cámaras fijas Es un tipo de cámara utilizada para tomar fotografías. Cámaras fijas, camara fija,camara,cámara Cámaras Equipo de vídeo,",,,
45121503,Cámaras desechables,,,
45121504,Cámaras digitales,,,
45121505,Cámaras,,,
45121506,Cámaras de video,,,
45121510,Cámaras aéreas,,,
45121511,Cámaras de alta,,,
45121512,Cámaras para,,,
45121513,Cámaras de offset Dispositivo que captura imágenes convirtiéndolas en señales,,,
45121514,Cámara,,,
45121517,Cámaras para,,,
45121518,Kits de cámaras Conjunto de accesorios que se le puede adquirir a una,,,
45121519,Cámaras de baja luz,,,
45121520,Cámaras de web,,,
45121602,Trípodes para,,,
45121603,Lentes para cámaras,,,
45121604,Oclusores para,,,
45121605,Marcos de pantalla,,,
45121606,Arneses para,,,
45121608,Ensamblajes para,,,
45121609,Abrazaderas para,,,
45121610,Cables para cámaras Conductor o conjunto de ellos utilizado para camaras. Cables de la cámara Accesorios para,,,
45121611,Cubiertas para lentes,,,
45121612,Mesas para cámaras,,,
45121613,Contenedores o,,,
45121614,Kits de,,,
45121615,Anillos para cámaras,,,
45121616,Cabezales,,,
45121617,Bolsas para cámaras Elemento que proporciona la protección contra rasguños y,,,
45121618,Adaptadores de,,,
45121619,Billeteras para,,,
45121621,Adaptadores para,,,
45121622,Limpiadores para,,,
45121623,Controladores de,,,
45121701,Secadores de película,,,
45121702,Lavadores de película,,,
45121703,Cortadores de,,,
45121704,Editores de película,,,
45121705,Alargadores,,,
45121801,Cámaras de micro,,,
45121802,Duplicadores de,,,
45121803,Filtros de cubierta de,,,
45121804,Procesadores de,,,
45131501,Película de color,,,
45131502,Película de blanco y,,,
45131503,Película de fotografía,,,
45131505,Película de rayos x,,,
45131604,Cintas de video en,,,
45141501,"Solución reveladora Es una mezcla de dos o más componentes, perfectamente",,,
45141502,Fijadores,,,
45141601,Bandejas de revelado Bandejas para revelar de tamaño apropiado a las,,,
45141602,Tanques de revelado,,,
45141603,"Pinzas de revelado Especiales que sirven para secar los negativos. Pinzas de revelado,tenazas de revelado Suministros de cuarto",,,
46101501,Ametralladoras,,,
46101502,Escopetas para la,,,
46101503,Rifles militares,,,
46101504,Pistolas,,,
46101505,Rifles de aire o,,,
46101506,Partes de revólveres,,,
46101801,Estuches para,,,
46151501,Barricadas,,,
46151502,Cascos anti motines,,,
46151503,Escudos anti motines,,,
46151504,Armadura para el,,,
46151505,Barreras Dispositivo que se utilizar para demarcación de un límite o a,,,
46151506,Bastones anti,,,
46151507,Sistema de control,,,
46151601,Esposas Dispositivo de seguridad diseñado para mantener juntas las,,,
46151602,Cachiporras,,,
46151604,Analizadores de,,,
46151606,Kits de pruebas de,,,
46151607,Cabos de amarre de,,,
46151703,Tinta de huellas,,,
46151707,Levantadores de,,,
46151708,Magnificadores para,,,
46151709,Esferos de marcado,,,
46151710,Polvos de huellas,,,
46151711,Levantadores de,,,
46151714,Gabinetes de secado,,,
46151715,Equipo de huellas,,,
46161503,Sistemas de,,,
46161504,Señales de tráfico,,,
46161505,Medidores de,,,
46161506,Máquinas para,,,
46161507,Cintas o cadenas de,,,
46161509,Paradas de velocidad Aparatos que sirven para desacelerar o detener el flujo de,,,
46161510,Sistemas de barrera,,,
46161533,Pilona automática de,,,
46161534,Espejos convexos de,,,
46161601,Líneas de flotadores,,,
46161602,Salvavidas,,,
46161603,Alarmas de piscina Las alarmas detectan la caída de un niño o un cuerpo en la,,,
46171501,Candados,,,
46171502,Candados de cable,,,
46171503,Sets de candados,,,
46171504,Candados de botón,,,
46171505,Llaves,,,
46171506,Cajas fuertes,,,
46171507,Barras de seguridad,,,
46171508,Candados de,,,
46171510,Candados de tiempo,,,
46171511,Dispositivos de,,,
46171512,Candados de,,,
46171513,Levas de bloqueo,,,
46171515,Cadenas de llaves o,,,
46171516,"Guardas para puertas Elemento que proteje una puerta Protectores de puertas ,revestimiento de",,,
46171517,Señales de chapa,,,
46171518,Organizadores de,,,
46171602,Alarmas de seguridad,,,
46171603,Temporizadores de,,,
46171604,Sistemas de alarma,,,
46171605,Timbres de puerta,,,
46171606,Sirenas Dispositivos acústicos utilizados para proporcionar alerta,,,
46171607,Timbres de zumbido,,,
46171608,Detectores de,,,
46171609,Espejos convexos de,,,
46171610,Cámaras de,,,
46171612,Monitores de video,,,
46171613,Detectores de gas,,,
46171616,Detectores de radar,,,
46171617,Ojos (mirillas) para,,,
46171618,Campanas para,,,
46171620,Cortinas de luz de,,,
46171621,Grabadoras de video,,,
46181501,Delantales,,,
46181502,Chalecos anti balas,,,
46181503,Overoles de,,,
46181504,Guantes de,,,
46181505,Rodilleras de,,,
46181506,Ponchos de,,,
46181507,Chalecos de,,,
46181508,Ropa para demorar,,,
46181512,Ropa para cuartos,,,
46181514,Protectores de codos,,,
46181516,"Mangas de seguridad Es una prenda de vestir que cubre el brazo. Mangas de protección,mangas de seguridad Ropa de seguridad Seguridad y",,,
46181518,Ropa resistente al,,,
46181520,Protectores de,,,
46181522,Capuchas de,,,
46181526,Camisas protectoras Es la prenda de vestir diseñada para cubrir toda la parte,,,
46181527,Pantalones,,,
46181528,Vestido protector Es la prenda de vestir diseñada para proteger todo el cuerpo,,,
46181529,Ropa aislante para,,,
46181530,Forros protectores,,,
46181531,Ropa reflectora o,,,
46181532,Batas de laboratorio,,,
46181533,Batas protectoras Es una pieza de ropa amplia que se utiliza para proteger a la,,,
46181534,Muñequeras,,,
46181535,Medias o medias,,,
46181601,Calzado para,,,
46181603,Calzado para cuartos,,,
46181604,Botas de seguridad,,,
46181605,Zapatos de seguridad,,,
46181606,Forros para calzado Es un elemento de cubrición. Elemento que cubre el zapato,,,
46181701,Cascos,,,
46181702,Escudos faciales,,,
46181703,Máscaras de,,,
46181704,Cascos de seguridad,,,
46181705,Cascos para,,,
46181706,Partes de cascos o,,,
46181707,Partes de escudos,,,
46181801,Sujetadores o,,,
46181802,Anteojos de,,,
46181803,Protectores de ojos Es un elemento que se pone encima de los ojos a especie de,,,
46181804,Gafas protectoras Tipo de anteojos protectores que normalmente son usados,,,
46181805,Filtros de despliegue,,,
46181806,Limpiadores de,,,
46181809,Ligas para,,,
46181811,Lentes protectores,,,
46181901,Tapones de oídos,,,
46181902,Tapa oídos,,,
46182001,Máscaras o,,,
46182002,Respiradores,,,
46182003,Máscaras de gas,,,
46182006,"Películas protectoras Una fina piel o membrana que sirve para proteger Películas de protección,películas de seguridad Protección de la",,,
46182101,Muñequeras,,,
46182102,Correas de conexión,,,
46182103,Hardware de,,,
46182104,Esterillas de piso,,,
46182105,Esterillas de mesa de,,,
46182106,Cinturones,,,
46182201,Cinturones de,,,
46182202,"Soportes para codos Un descanso o apoyo para los codos. Apoyacodos,protector de codos Equipo de apoyo",,,
46182204,Férulas para la,,,
46182205,Descansos para los,,,
46182206,Descansos para las,,,
46182207,Soportes para las,,,
46182208,Plantillas para,,,
46182209,Soportes para las,,,
46182301,Salvavidas o equipo,,,
46182303,Rebobinadores de,,,
46182304,Conector de anclaje,,,
46182305,Acollador de auto,,,
46182306,Arneses o cinturones,,,
46182401,Ducha de,,,
46182402,Unidades de lavado,,,
46182501,Repelentes para,,,
46182508,Pistola de,,,
46191501,Detectores de humo,,,
46191502,Detectores de calor,,,
46191504,Detectores de llama Conjunto de sensores que son capaces de detectar las,,,
46191505,Sistemas de alarma,,,
46191601,Extintores,,,
46191602,Sistemas de rociado,,,
46191604,Cobijas para,,,
46191609,Equipos de escape,,,
47101501,Equipo de carbón,,,
47101502,Equipo de remoción,,,
47101503,Equipo de filtración,,,
47101504,Equipo de remoción,,,
47101505,Equipo de manejo de,,,
47101506,Equipo de control de,,,
47101507,Cámaras de sílice,,,
47101508,Equipos de,,,
47101509,Equipos de,,,
47101510,Equipos de remoción,,,
47101511,Equipos de,,,
47101512,Mezcladores o,,,
47101513,Generadores de,,,
47101514,Equipos de,,,
47101516,Medidores de,,,
47101518,Acondicionadores de,,,
47101519,Accesorios para,,,
47101521,Equipos de ultra,,,
47101523,Tanques de,,,
47101525,Equipo de desagüe,,,
47101526,Máquinas de,,,
47101527,Trituradores de lodo Equipos mecánicos utilizados para mejorar la reducción de,,,
47101528,Secadores para,,,
47101529,Incineradores,,,
47101530,Equipo de control de,,,
47101531,Tanques sépticos,,,
47101532,Tanques de,,,
47101533,Estaciones de,,,
47101534,Distribuidores de,,,
47101535,Equipo de,,,
47101536,Recolectores de lodo,,,
47101601,Alguicidas Es un biocida utilizado para matar y prevenir el crecimiento,,,
47101602,Anti incrustante,,,
47101603,Limpiadores anti,,,
47101605,Químicos de,,,
47101606,Químicos de control,,,
47101607,Químicos de control,,,
47101608,Floculantes,,,
47101609,Microbicidas Biocida que se utiliza como un fungicida dentro del proceso,,,
47101610,Compuestos para,,,
47101611,Demulsificantes,,,
47101612,Polielectrolitos,,,
47101613,Soluciones de,,,
47111502,Máquinas lavadoras,,,
47111503,Secadoras de ropa,,,
47111601,Máquinas para,,,
47111602,Máquinas para,,,
47111603,Máquinas de vapor,,,
47111701,Máquinas de lavado,,,
47121501,Carritos de portero,,,
47121502,Accesorios de carrito,,,
47121602,Aspiradoras,,,
47121603,Brilladoras de pisos Dispositivo que se utiliza para abrillantar o pulir los diferentes,,,
47121605,Depuradores para,,,
47121606,Barredoras de,,,
47121608,Almohadillas de,,,
47121609,Equipo de limpieza,,,
47121610,Máquina para lavar,,,
47121611,Raspadores de pisos Herramienta utilizada para frotar ligeramente el suelo,,,
47121612,Barredoras para,,,
47121613,Accesorios para,,,
47121701,Bolsas de basura Es una bolsa de plástico destinada a introducir en ella los,,,
47121705,Bolsas de arena para,,,
47121706,Ceniceros Es un recipiente destinado a recoger la ceniza de los,,,
47121707,Bolsas para mareo,,,
47121708,Bolsas higiénicas Es una pequeña bolsa suministrada para eliminar artículos,,,
47121801,Plumeros para,,,
47121802,Removedores de,,,
47121803,Esponjas o,,,
47121804,Baldes para limpieza,,,
47121805,Limpiadores de,,,
47121806,Escurridor de trapero,,,
47121807,Émbolo del,,,
47121808,Equipo de limpieza,,,
47121809,Sartenes,,,
47121810,Dispensador de,,,
47121811,Máquinas para,,,
47121812,Raspadores de,,,
47131501,Trapos Utensilio textil de forma cuadrangular que se utiliza en,,,
47131502,Pañitos o toallas,,,
47131503,Gamuzas o cueros,,,
47131602,Almohadillas para,,,
47131603,Esponjas,,,
47131604,"Escobas Es un cepillo largo para barrer o limpiar el suelo. Escobas,cepillo,escobilla,barredera,escobajo,es",,,
47131605,Cepillos de limpieza,,,
47131608,Cepillos de baño,,,
47131609,Manijas de escobas,,,
47131610,Aplicador de,,,
47131611,Recogedor de basura Utensilio de madera o de aluminio con do so tres dedos,,,
47131612,Cauchos de repuesto Accesorios de repuesto para el buen funcionamiento de la,,,
47131613,Sujetador de,,,
47131614,Pinzas para equipos,,,
47131615,"Cabezas de escoba Es una base, sobre la cual se fijan filamentos flexibles",,,
47131616,Sujetadores de,,,
47131617,Traperos para polvo,,,
47131618,Traperos húmedos,,,
47131619,Cabezas de traperos,,,
47131701,Dispensadores de,,,
47131702,Dispensadores de,,,
47131703,Receptáculos para,,,
47131705,Accesorios para,,,
47131706,Dispensadores de,,,
47131707,Secadores de manos,,,
47131709,Dispensadores de,,,
47131710,Dispensadores de,,,
47131711,Dispensadores de,,,
47131801,Limpiadores de pisos Productos químicos utilizados exclusivamente para limpiar,,,
47131802,Terminados o ceras,,,
47131803,Desinfectantes para,,,
47131804,Limpiadores de,,,
47131805,Limpiadores de,,,
47131806,Pulidores o ceras,,,
47131807,Blanqueadores,,,
47131808,Germicida seco,,,
47131810,Productos para el,,,
47131811,Productos de,,,
47131812,Refrescador de aire,,,
47131813,Limpiador de,,,
47131814,Limpiadores o,,,
47131815,Limpiador de,,,
47131816,Desodorantes Productos químicos que eliminan de una corriente gaseosa,,,
47131818,Antiséptico de aire Es un desinfectante que actúa sobre los organismos o,,,
47131819,Limpiadores,,,
47131821,Compuestos,,,
47131822,Compuestos para,,,
47131823,Descongelantes o,,,
47131824,Limpiadores de,,,
47131828,Limpiadores de,,,
47131829,Limpiadores de,,,
47131830,Limpiadores de,,,
47131831,Ácido muriático,,,
47131832,Productos anti polvo Productos químicos utilizados para evitar la acumulación de,,,
47131833,Antisépticos para,,,
47131834,Soluciones para,,,
47131901,Almohadillas,,,
47131902,Absorbentes,,,
47131903,Compuesto,,,
47131904,Medias absorbentes,,,
47131905,Kits para derrames Dispositivos o elementos destinados para ser usado al,,,
47131906,Bandejas,,,
47131907,Escobas absorbentes,,,
47131908,Almohadas,,,
47131909,Almohadillas o rollos,,,
47132101,Kits de limpieza,,,
47132102,Kits de limpieza para,,,
48101501,Baños maría para,,,
48101502,Hornos de barbecue,,,
48101503,Asadores de uso,,,
48101504,Parrillas de carbón,,,
48101506,Calentadoras de café,,,
48101508,Tostadoras sinfín,,,
48101509,Freidoras para uso,,,
48101511,Planchas para uso,,,
48101512,Parrillas metálicas,,,
48101513,Lámparas de calor,,,
48101516,Hornos microondas,,,
48101517,Hornos para uso,,,
48101519,Hornos de pizza para,,,
48101521,Planchas de estufa,,,
48101522,Asadores para uso,,,
48101524,Ollas de vapor para,,,
48101525,Tostadoras para uso,,,
48101526,Hierros para waffles,,,
48101527,Barbecues Aparato para asar alimentos con el humo caliente produccido,,,
48101528,Máquinas de crepes,,,
48101529,Ollas de presión o,,,
48101530,Ollas arroceras para,,,
48101601,Mezcladores para,,,
48101602,Abrelatas eléctricos,,,
48101604,Moledoras de café,,,
48101606,Rallos para uso,,,
48101607,Exprimidores de jugo,,,
48101608,Licuadoras para uso,,,
48101609,Máquinas de pasta,,,
48101610,Peladores para uso,,,
48101611,Escalas para uso,,,
48101613,Máquinas de amasar,,,
48101615,Lavadoras de platos,,,
48101617,Espátulas plásticas,,,
48101703,Dispensadores de,,,
48101704,Bombas de melaza,,,
48101705,Máquinas de,,,
48101706,Máquinas de leche,,,
48101707,Máquinas de,,,
48101708,Máquinas de,,,
48101709,Dispensadores de,,,
48101712,Dispensadores de,,,
48101713,Mezcladores de,,,
48101714,Dispensadores de,,,
48101715,Máquina ralladora,,,
48101801,Cubiertos para uso,,,
48101802,Moldes para uso,,,
48101803,Cucharones para uso,,,
48101804,Tazas medidoras,,,
48101807,Latas de pizza para,,,
48101811,Rodillos de amasar,,,
48101812,Coladeras para uso,,,
48101813,Batidoras manuales,,,
48101814,Woks para uso,,,
48101815,Cucharas de servir,,,
48101816,Bolsa para cubiertos,,,
48101901,Vajilla fina para,,,
48101902,Cubertería para,,,
48101903,Vasos para servicio,,,
48101904,Copas para servicio,,,
48101907,Jarras para servicio,,,
48101908,Ollas para servicio,,,
48101910,Vasijas de barro para,,,
48101915,Bandejas para,,,
48101920,Dispensadores de,,,
48102001,Sillas para,,,
48102002,Cabinas para,,,
48102003,Barras de ensalada,,,
48102004,"Superficies de mesa Decoraciones que se colocan al centro de una mesa,",,,
48102005,Taburetes de bar,,,
48102006,Bares permanentes,,,
48102007,Bares portátiles Es un estructura portatil donde se sirven bebidas alcohólicas,,,
48102101,Mostradores,,,
48102103,Mostradores,,,
48102104,Mostradores para,,,
48102105,Equipos para enfriar,,,
48102106,Contenedores fríos,,,
48111105,Máquinas de,,,
48111107,Máquinas de,,,
48111108,Dispensadores de,,,
48111303,Máquinas de,,,
48111401,Máquinas de cajero,,,
48131502,Ataúdes,,,
48131503,Lápidas,,,
49101601,Antigüedades Son objetos que han alcanzado una edad que le hace testigo,,,
49101602,Recuerdos,,,
49101603,Colecciones de,,,
49101604,Colecciones de,,,
49101605,Alfombras antiguas,,,
49101606,Artículos excavados,,,
49101607,Colecciones de,,,
49101608,Instrumentos,,,
49101609,Ornamentos o,,,
49101611,"Amuletos Un artículo de joyeria utilizado para decorar. Encantos,atracción,brazaletes Coleccionables Coleccionables y",,,
49101612,Hologramas,,,
49101613,"Cristales de vidrio Son adornos de un vidrio, especialmente de alta calidad. Objetos de cristal,pieza de cristal Coleccionables Coleccionables y",,,
49101701,Medallas,,,
49101702,Trofeos,,,
49101704,Placas,,,
49101705,Certificados Tipo de texto administrativo empleado para constatar un,,,
49101706,"Premios de fotografía Remuneración que se da por algún mérito en fotografía. Premios de fotografía ,recompensa de",,,
49101707,Certificado de logro Tipo de texto administrativo empleado para constatar un,,,
49101708,Coronas,,,
49121502,Almohadas para,,,
49121503,Carpas,,,
49121504,Sleeping bags,,,
49121505,Cajas de hielo,,,
49121506,Kit de reparación de,,,
49121507,Colchones,,,
49121508,Mosquiteros,,,
49121510,Enfriadores de,,,
49121601,Asientos o taburetes,,,
49121602,Mesas para acampar,,,
49121603,Catres para acampar,,,
49131501,Cañas de pescar,,,
49131502,Hilo de pesca Material utilizado para enrrollar en el carrete y ser utilizado,,,
49131503,Carreteles de pesca,,,
49131504,"Cebos para pesca Objetos que hacen la función de una presa, con la finalidad de",,,
49131505,Carnadas,,,
49131506,Pesas para pesca,,,
49131601,Llamadas de,,,
49131602,Señuelos para,,,
49131603,Trampas para,,,
49131604,Escopetas para,,,
49131605,Rifles para deportes,,,
49131606,Munición para,,,
49131607,Cañones de,,,
49141501,Compensadores de,,,
49141502,Tanques de buceo,,,
49141503,Reguladores para,,,
49141504,Instrumentos de,,,
49141505,Máscaras o aletas o,,,
49141506,Trajes isotérmicos Es un dispositivo de atuendo para aislamiento térmico usado,,,
49141507,Trajes secos,,,
49141603,Esquís acuáticos o,,,
49141604,Equipos de,,,
49141605,Tablas de surf,,,
49141606,Anteojos de natación,,,
49141607,Equipo de,,,
49161501,Toboganes de,,,
49161502,Guantes de beisbol,,,
49161503,Pelotas de beisbol,,,
49161504,Balones de futbol Elemento de cuero o similar con forma ovalada que se utiliza,,,
49161505,Balones de soccer,,,
49161506,Bates de beisbol,,,
49161507,Bases de beisbol,,,
49161508,Máquinas para,,,
49161509,"Balones de softbol . Pelotas blandas de béisbol,pelotas sueve de",,,
49161510,Muñecos para,,,
49161511,Palos de lacrosse,,,
49161512,"Pelotas de lacrosse Es la pelota de caucho sólido que se utiliza, en combinación",,,
49161513,Palos de hockey de,,,
49161514,Bolas de hockey de,,,
49161515,Pelotas de equipos,,,
49161517,Equipo protector,,,
49161518,Ayudas para batear,,,
49161519,Defensas traseras o,,,
49161520,Bates de softbol,,,
49161521,Guantes de softbol,,,
49161522,Tees de patada para,,,
49161523,Equipo de futbol de,,,
49161525,Equipo protector,,,
49161601,Raquetas de,,,
49161602,Raquetas de,,,
49161603,Pelotas de,,,
49161604,Pelotas de tenis,,,
49161605,Pelotas de racquet,,,
49161606,Pelotas de squash,,,
49161607,Raquetas de tenis,,,
49161608,"Balones de voleibol Es una bola esférica y flexible, con una circunferencia de entre",,,
49161609,Gallitos de,,,
49161610,Raquetas de squash,,,
49161612,Equipo de cancha de,,,
49161616,Equipo protector,,,
49161617,Postes para red,,,
49161618,Espiros Es una pelota de voleibol que se sujeta a un poste a través de,,,
49161619,Cuerdas para,,,
49161620,Agarres (“grips”) para,,,
49161701,"Jabalinas Es una lanza diseñada para ser arrojada. Jabalinas,lancha,garrocha,lanza Equipos para deportes",,,
49161702,Barras para saltar Barra transversal situada a gran altura que se utiliza para,,,
49161703,Discos,,,
49161704,Balas de lanzamiento,,,
49161705,Garrochas Es una barra cuya longitud suele estar entre 4 y 5 metros y,,,
49161706,Obstáculos Barreras de madera y metal (o plástico y metal) utilizadas en,,,
49161707,Bastones,,,
49171501,Barras o postes,,,
49171503,Equipo de garrocha,,,
49171504,Trampolines para,,,
49171505,Equipo de equilibrio Elementos uitlizados para adquirir equilibrio durante la,,,
49171601,Rings para boxeo Es un lugar donde se practica boxeo o lucha libre. Está,,,
49171602,Sacos de boxeo,,,
49171603,Guantes de boxeo,,,
49181501,Mesas de billar,,,
49181502,Tacos de pool,,,
49181503,Juegos de tejo,,,
49181504,Juegos de pinball,,,
49181505,Bolas de billar,,,
49181506,Mesas para hockey,,,
49181507,Mesas de tenis (ping,,,
49181508,Raquetas de ping,,,
49181509,Bolas de ping pong,,,
49181510,Mesas de foosball,,,
49181511,Bolas de foosball Son las pelotas que se usan en el juego de mesa conocido,,,
49181513,Puntas de tacos de,,,
49181514,Tiza de billar,,,
49181515,"Estantes de billar Es un marco de plástico, madera o metal que se utiliza para",,,
49181601,Objetivos para tiro,,,
49181602,Arcos,,,
49181603,Flechas,,,
49181604,Dardos,,,
49181605,Tableros de dardos Objetivo circularenciass estacionarias a diferentes distancias,,,
49181606,Equipo de tiro al,,,
49181607,Objetivos para lanzar Elemento que se utilizan como objetivos para ser destruidos,,,
49181608,"Cuerdas para arcos Son un conjunto de cuerdas trenzadas utilizadas en el arco. Cuerdas de arco de tiro con arco,cordaje de",,,
49181609,Guantes para tiro,,,
49181611,Puestos de objetivos,,,
49181612,Defensas traseras,,,
49201501,Trotadoras Máquina de ejercicios que permite a una persona correr o,,,
49201502,Escaladores de,,,
49201503,Bicicletas estáticas Es un aparato de gimnasio que simula el ejercicio de una,,,
49201504,"Máquinas de remos Máquina para realizar una simulación de la acción de remar,",,,
49201512,Lazos para saltar Elemento constituido por un entrelazado de hilos con mangos,,,
49201513,Trampolines para,,,
49201514,Pelotas para,,,
49201516,Bicicletas elípticas,,,
49201601,Pesas,,,
49201602,Pesas de 280 libras,,,
49201604,Bancos o estantes,,,
49201606,Pesas de estado,,,
49201607,Máquinas de pilates Equipo utilizado en el sistema de entrenamiento físico y,,,
49201608,Máquina para dar,,,
49201609,"Bandas de resistencia Equipo de hacer ejercicios sin utilizar pesas, solamente la",,,
49201610,"Tubos de resistencia Equipo de hacer ejercicios sin utilizar pesas, solamente la",,,
49201611,"Multi gimnasios Equipo constituido de poleas, bancos y pesas para hacer",,,
49211601,Talegas de golf,,,
49211602,Bolas de golf,,,
49211603,Tacos de golf,,,
49211604,Tees de golf Elemento de aproximadamente 2.2125 pulgadas que se utiliza,,,
49211606,Guantes de golf,,,
49211607,Divot fijador herramienta de metal y plástico de dos puntas o con,,,
49211608,Golfscopios Pequeña herramienta de mano utilizada para determinar,,,
49211609,Compañero de,,,
49211701,Equipo de bolos,,,
49211702,Suministros de bolos,,,
49211703,Accesorios de bolos Todos los elementos que no son indispensables tener para,,,
49211801,Equipo de,,,
49211802,Aros de hula o,,,
49211803,Equipos de,,,
49211805,Cuerdas,,,
49221502,Porterías,,,
49221505,Mallas o redes para,,,
49221507,Tableros de,,,
49221508,Aros de basquetbol,,,
49221509,Patines o cuchillas,,,
49221510,Gorras deportivas,,,
49221511,Bolsas para equipos,,,
49241501,Columpios para,,,
49241502,Aparatos de trepar,,,
49241503,Carruseles para,,,
49241504,Rodaderos para,,,
49241505,Balanzas para patios,,,
49241506,Túneles para patios,,,
49241507,Cajas de arena para,,,
49241508,Graderías para,,,
49241509,Equipo para escalar,,,
49241510,Equipos para escalar,,,
49241601,Sets de croquet,,,
49241602,Equipos de bolos de,,,
49241604,Dardos de jardín,,,
49241701,Trampolines,,,
49241702,Rodaderos de piscina,,,
49241703,Soplador de spa,,,
49241704,Kit o soluciones de,,,
49241706,Cobija solar,,,
49241707,Caldera para,,,
49241708,Generador de ozono,,,
49241709,Rieles para cortinas,,,
50101538,Verduras frescas Son hortalizas cuyo color predominante es el verde.,,,
50101539,Verduras congeladas,,,
50101540,Verduras estables,,,
50101541,Setas u hongos,,,
50101542,Harina vegetal Es el polvo fino que se obtiene del cereal molido y de otros,,,
50101543,Judías secas,,,
50101544,Judías en conserva o,,,
50101545,Verduras,,,
50101634,Fruta fresca,,,
50101635,Fruta congelada,,,
50101636,Fruta estable sin,,,
50101716,Nueces y semillas,,,
50101717,Nueces y semillas sin,,,
50111510,Carne de ave o carne,,,
50111511,Carne de ave o carne,,,
50111512,Carne de ave o carne,,,
50112001,Carnes procesadas y,,,
50121537,Pescado congelado,,,
50121538,Pescado almacenado,,,
50121539,Pescado fresco Se aplica a los peces que han sido extraídos de su medio,,,
50121611,Mariscos frescos Son animales marinos invertebrados comestibles.,,,
50121612,Mariscos congelados,,,
50121705,Invertebrados,,,
50121706,Invertebrados,,,
50121802,Plantas acuáticas,,,
50121803,Plantas acuáticas,,,
50131606,Huevos frescos,,,
50131607,Sustitutos de huevo,,,
50131608,Claras y yemas de,,,
50131609,Huevos preparados Denominación para las diferentes formas en que se pueden,,,
50131610,Huevos congelados,,,
50131611,"Huevos batidos Son claras de huevo con colorante amarillo. huevos y sustitutos,merengue,huevos batidos Huevos y sustitutos Productos lácteos y",,,
50131701,Productos de leche o,,,
50131801,Queso natural,,,
50131802,Queso procesado,,,
50131803,Imitación de queso Queso de imitación es cualquier queso que contiene en algun,,,
50151604,Aceites animal,,,
50151605,Grasa saturada,,,
50161510,Endulzantes,,,
50161511,Chocolate o sustituto,,,
50161512,"Almíbar Es una disolución sobresaturada de agua y azúcar, cocida",,,
50161813,Chocolate o sustituto,,,
50161814,Azúcar o sustituto de,,,
50161815,Goma de mascar,,,
50171548,Hierbas frescas,,,
50171549,Hierbas secas Hierbas preservadas por medio de exponer las hojas a aire,,,
50171550,"Especies o extractos Es el nombre dado a ciertosaromas de origen vegetal, que se",,,
50171551,Sal de mesa,,,
50171552,Mezcla para adobar,,,
50171707,Vinagres,,,
50171708,Vinos para cocinar,,,
50171831,Salsas para cocinar,,,
50171832,Salsas para,,,
50171833,Cremas de untar,,,
50171901,Encurtidos,,,
50171902,Condimento,,,
50171903,Aceitunas Fruto del olivo. Se conoce también como oliva. salmuera y salsa y,,,
50171904,Conserva,,,
50181708,Mezclas para hornear,,,
50181709,Suministros para,,,
50181901,Pan fresco,,,
50181902,Pan congelado,,,
50181903,Galletas sencillas de,,,
50181905,"Galletas de dulce Es un producto alimenticio horneado, habitualmente a base",,,
50181906,Pan de repisa Panes que son capaces de ser almacenados a temperatura,,,
50181907,Maza congelada para,,,
50181908,Maza congelada para,,,
50181909,Galletas de soda,,,
50182001,Ponqués pasteles o,,,
50182003,Maza para pastelería,,,
50182004,Maza para galletas,,,
50191505,Sopas o sudados,,,
50191507,Sopas o sudados,,,
50192109,Papas fritas de,,,
50192110,Nueces o fruta,,,
50192111,Carne seca o,,,
50192112,Maíz pira Aperitivo elaborado a base de algunas variedades especiales,,,
50192301,"Postres preparados Preparación dulce, bien sean cremas, tartas, pasteles,",,,
50192302,Complementos de,,,
50192304,Conos o copas de,,,
50192402,Mantequilla de,,,
50192403,Miel,,,
50192404,Cristales de gelatina,,,
50192501,Emparedados frescos,,,
50192502,Emparedados,,,
50192503,Rellenos frescos,,,
50192504,Rellenos congelados,,,
50192701,Comidas,,,
50192801,Pasteles de sal,,,
50192802,Pasteles de sal,,,
50192803,Pasteles de sal de,,,
50192901,Pasta sencilla o,,,
50192902,Pasta o fideos de,,,
50193001,Comida para infante,,,
50193002,"Bebidas para infantes Cualquiera de varios líquidos para que beban los infantes, por",,,
50193101,Pasa bocas mezcla,,,
50193102,Mezcla,"de postres Una mezcla, en especial de ingredientes empaquetado y",,
50193103,Mezcla de salsa,,,
50193104,Base para sopas,,,
50193105,Mezcla para rebosar,,,
50193201,Ensalada fresca,,,
50193202,Ensalada preparada,,,
50193203,Ensalada fresca de,,,
50201706,Café,,,
50201707,"Sustituto de café Los sustitutos de café son productos que no contienen café,",,,
50201708,Bebida de café Son bebidas que se elaboran mediante la enfusión de la,,,
50201709,Café instantáneo,,,
50201710,Té de hoja El té es una infusión de las hojas y brotes de la planta del té,,,
50201711,Té instantáneo Té instantáneo es una forma de té que se deriva de té,,,
50201712,Bebidas de té,,,
50201713,Bolsas de té,,,
50201714,Cremas no lácteas,,,
50202201,Cerveza,,,
50202202,Cidra,,,
50202203,Vino Bebida obtenida de la uva (especie Vitis vinifera) mediante,,,
50202204,Vino fortificado,,,
50202205,Vino espumoso,,,
50202206,Licor destilado,,,
50202207,Cocteles de alcohol o,,,
50202301,Agua,,,
50202302,Hielo,,,
50202303,Jugos congelados Zumos de jugos que han sido concentrados y congelados,,,
50202304,Jugos de repisa,,,
50202305,Jugo fresco,,,
50202306,Refrescos,,,
50202307,Bebida de chocolate,,,
50202309,Bebidas deportivas o,,,
50202310,Agua mineral,,,
50202311,Bebida mixta de,,,
50211502,Cigarrillos o cigarros,,,
50211503,Tabaco para pipa o,,,
50211504,Tabaco para mascar,,,
50211505,Cigarrillos herbales,,,
50211506,Rapé,,,
50211607,Papel para cigarrillos,,,
50211608,Encendedores o,,,
50211609,Pipas para fumar,,,
50211610,Limpiadores de,,,
50211611,"Juego de fumador Herramientas, accesorios y productos para fumadores. productos, suministros y accesorios para",,,
50211612,Encendedores para,,,
50221001,Granos,,,
50221002,Harina Es un producto molido de legumbres estándar intensamente,,,
50221101,Grano de cereal,,,
50221102,"Grano de harina Es un polvo que se hace moliendo granos de cereales, u otras",,,
50221201,Listo para comer o,,,
50221202,Barras de desayuno,,,
51101503,Cloranfenicol,,,
51101504,Clindamicina,,,
51101507,Penicilina,,,
51101508,Sulfonamidas,,,
51101509,Tetraciclina,,,
51101510,Oxitetraciclina,,,
51101511,Amoxicilina,,,
51101512,Cloxacilina,,,
51101513,Neomicina,,,
51101514,"Sulfato framicetina Es un antibiótico, perteneciente al grupo de aminoglucósidos,",,,
51101515,Clorhidrato de,,,
51101516,Gramicidina,,,
51101518,Ofloxacina,,,
51101519,Tiamfenicol,,,
51101521,Pristinamicina,,,
51101522,Claritromicina,,,
51101523,Clorquinaldol Es un agente antimicrobiano,,,
51101524,Bacitracina zinc,,,
51101525,Peróxido de benzoilo,,,
51101526,Polimixinas,,,
51101527,Colistina,,,
51101528,Tirotricina,,,
51101530,Trimetoprima,,,
51101531,Estreptograminas,,,
51101532,Teicoplanina,,,
51101533,Rifamicina,,,
51101534,Ceftibuten,,,
51101535,Cefradina,,,
51101536,Moxifloxacina,,,
51101537,Lomefloxacina,,,
51101538,Levofloxacina,,,
51101539,Grepafloxacina,,,
51101540,Gatifloxacina,,,
51101541,Enoxacina,,,
51101542,Ciprofloxacina,,,
51101543,Cefapirina,,,
51101544,Loracarbef,,,
51101545,Ceftizoxima,,,
51101546,Norfloxacina,,,
51101547,Cefprozil,,,
51101548,Fosfomicina,,,
51101549,Linezolida,,,
51101550,Cefalexina,,,
51101551,Ceftriaxona,,,
51101552,Ceftazidima,,,
51101553,Alatrofloxacina,,,
51101554,Dicloxacilina sódica Es una sustancia antibiótica semisintética que resiste la,,,
51101555,Aztreonam,,,
51101556,Minociclina,,,
51101557,Doxiciclina,,,
51101558,"Demeclociclina Es una tetraciclina, se deriva de una cepa de Streptomyces",,,
51101559,Clortetraciclina Es una tetraciclina y es la primera tetraciclina en ser,,,
51101560,Ticarcilina,,,
51101561,Piperacilina,,,
51101562,Oxacilina sódica,,,
51101563,Mesilato de,,,
51101564,Mezlocilina Es un antibiótico de la familia de las ureidopenicilinas. Su,,,
51101565,Cefpodoxima proxetil,,,
51101566,Carbenicilina,,,
51101567,Ampicilina Antibiótico betalactámico que ha sido extensamente utilizado,,,
51101568,Troleandomicina,,,
51101569,Roxitromicina,,,
51101570,Eritromicina,,,
51101571,Diritromicina,,,
51101572,Azitromicina,,,
51101573,Cefuroxima,,,
51101574,Furazolidona,,,
51101575,Nafcilina sódica,,,
51101576,Cefalotina,,,
51101577,Cefdinir,,,
51101578,Cefazolina,,,
51101579,Cefamandol,,,
51101580,Cefadroxilo,,,
51101581,Cefaclor,,,
51101582,Tobramicina,,,
51101583,Cefditoren,,,
51101584,Gentamicina,,,
51101585,Netilmicina,,,
51101586,Amikacina,,,
51101587,Kanamicina,,,
51101588,Sparfloxacina,,,
51101590,Quinupristina,,,
51101591,Vancomicina,,,
51101592,Cefoxitina,,,
51101593,Cefotaxima,,,
51101594,Cefepima,,,
51101595,Cefotetan,,,
51101596,Cefoperazona,,,
51101597,Mupirocina,,,
51101598,Cefonicida,,,
51101599,Cefixima,,,
51101601,Atovacuona,,,
51101602,Clorhidrato de,,,
51101603,Metronidazol,,,
51101604,Antimoniato de,,,
51101606,Rifapentina Es un antibiótico utilizado en el tratamiento de la tuberculosis.,,,
51101607,Óxido de calcio,,,
51101610,Clorocresol,,,
51101611,Meropenem,,,
51101612,Polynoxylin,,,
51101613,Isetionato de,,,
51101614,Furoato de,,,
51101616,Melarsoprol,,,
51101617,Tinidazol,,,
51101618,Taurolidina,,,
51101619,"Secnidazol Es un antiamebiano, antigiardiasico y tricomonicida eficaz",,,
51101620,Iodoquinol Se usa para tratar una infección intestinal llamada amebiasis.,,,
51101624,Clorhidrato de,,,
51101625,Sulfato de,,,
51101629,Glucuronato de,,,
51101630,Isetionato de,,,
51101701,Albendazol,,,
51101702,Mebendazol,,,
51101703,Oxamniquina,,,
51101704,Citrato de piperazina,,,
51101705,Praziquantel,,,
51101706,Pamoato de pirantel,,,
51101707,Tiabendazol Es un compuesto químico con propiedades fungicidas.2 En la,,,
51101708,Sulfanilamida,,,
51101709,Niclosamida,,,
51101710,Piperazina,,,
51101711,Citrato de,,,
51101712,Tiocianoacetato de,,,
51101713,Antiparasitario,,,
51101714,Metilparabeno,,,
51101715,Antiparasitario,,,
51101716,Tetracloroetileno,,,
51101717,Ivermectina,,,
51101718,Benzoato de bencilo Es un medicamento usado para tratar la pediculosis y la,,,
51101719,Butóxido de,,,
51101720,Lindano Es un plaguicida prohibido en todas sus formulaciones y usos,,,
51101801,Anfotericina b,,,
51101802,Clorhidrato de,,,
51101803,Nitrato de,,,
51101804,Ciclopiroxolamina Es un medicamento antimicótico. Se utiliza para tratar ciertos,,,
51101805,Clotrimazol,,,
51101806,Nitrato de econazol,,,
51101807,Fluconazol,,,
51101808,Flucitosina,,,
51101809,Griseofulvina,,,
51101810,Itraconazol,,,
51101811,Ketoconazol,,,
51101812,Miconazol,,,
51101813,Clorhidrato de,,,
51101814,Natamicina,,,
51101815,Nistatina,,,
51101816,Nitrato de oxiconazol Es un medicamento antimicótico. Se utiliza para tratar ciertos,,,
51101817,Nitrato de sulconazol Fármaco antifúngico derivado del imidazol diseñado para su,,,
51101818,Clorhidrato de,,,
51101819,Nitrato de terconazol Se usa para tratar las infecciones micóticas y fúngicas de la,,,
51101820,Tioconazol El tioconazol es un antifúngico sintético del grupo,,,
51101821,Tolnaftato,,,
51101824,Ácido undecilénico,,,
51101825,Ciclopirox,,,
51101826,Sulfato de,,,
51101827,Isoconazol,,,
51101828,"Terconazol Es un derivado de imidazol de tipo triazólico, indicado en el",,,
51101829,Undecilenato de,,,
51101830,Ácido octanoico,,,
51101831,Triacetina,,,
51101832,Voriconazol,,,
51101834,Nitrato de miconazol Es un medicamento antimicótico. Se utiliza para tratar ciertos,,,
51101835,Acetato de,,,
51101836,Propionato de sodio Es la sal sódica del ácido propanoico con la fórmula,,,
51101901,"Aminoquinolinas Aminoquinolina son derivados de quinolina, más notable por",,,
51101902,Clorhidrato de,,,
51101903,Fosfato de,,,
51101904,Sulfato de quinina,,,
51101905,Cloroquina Es un fármaco del grupo de las 4-aminoquinolinas usado en el,,,
51101906,Proguanil,,,
51101907,Pirimetamina,,,
51101908,Artemeter,,,
51101909,Clorhidrato de,,,
51101910,Fosfato de cloroquina,,,
51101911,Clorhidrato de,,,
51101912,Sulfato de,,,
51102001,Cicloserina,,,
51102002,Clorhidrato de,,,
51102003,Isoniazida,,,
51102004,Rifubutina,,,
51102005,Rifampicina,,,
51102006,Guayacol,,,
51102007,Tiacetazona,,,
51102008,Pirazinamida,,,
51102009,Sulfato de,,,
51102101,Clofazimina,,,
51102102,Dapsona,,,
51102201,Cinoxacina,,,
51102202,Clorhidrato de,,,
51102203,Hipurato de,,,
51102204,Mandelato de,,,
51102205,Ácido nalidíxico,,,
51102206,Nitrofurantoina,,,
51102207,Cloruro de,,,
51102208,Pentosano,,,
51102209,Clorhidrato de,,,
51102211,Alfuzosina,,,
51102212,Ácido,,,
51102213,Sulfato,de cefpiroma,,
51102301,Aciclovir,,,
51102302,Clorhidrato de,,,
51102304,Didanosina,,,
51102305,Famciclovir,,,
51102306,Foscarnet sódico,,,
51102307,Ganciclovir sódico,,,
51102308,Idoxuridina,,,
51102309,Sulfato de indinavir,,,
51102310,Lamivudina,,,
51102311,Nevirapina,,,
51102312,Ribavirina,,,
51102313,Clorhidrato de,,,
51102314,Ritonavir,,,
51102315,Mesilato de,,,
51102316,Estavidina,,,
51102317,Trifluradina,,,
51102318,Clorhidrato de,,,
51102319,Vidarabina Es una droga antiviral que actúa contra el virus del herpes,,,
51102320,Zalcitabina Es un inhibidor nucleósido de la transcriptasa inversa (ITIAN),,,
51102321,Zidovudina,,,
51102322,Sulfato de abacavir,,,
51102323,Cidofovir,,,
51102324,Mesilato de,,,
51102325,Docosanol,,,
51102326,Efavirenz,,,
51102327,Amprenavir Es un inhibidor de la proteasa para tratar la infección por VIH.,,,
51102328,Fomivirsen sódico,,,
51102329,Mesilato de nelfinavir,,,
51102330,Penciclovir,,,
51102331,Saquinavir,,,
51102332,Fumarato de,,,
51102333,Hidrocloruro de,,,
51102334,Zanamivir,,,
51102335,Sodio de aciclovir,,,
51102336,Moroxidina,,,
51102402,Hipromelosa,,,
51102501,Naftenato de cobre,,,
51102502,Toltrazuril,,,
51102503,Flumetrina,,,
51102505,Triclorfon,,,
51102506,Oxfendazol Es un antihelmíntico benzimidazolo,,,
51102507,Clorhidrato de,,,
51102601,Enrofloxacina,,,
51102701,Clofoctol,,,
51102702,Agua estéril para,,,
51102705,Cetrimida,,,
51102706,Ácido acético,,,
51102707,Gluconato de,,,
51102708,Formaldehído,,,
51102710,Antisépticos basados,,,
51102711,Oxiquinolina,,,
51102712,Antisépticos fenólicos,,,
51102713,Povidona yodada,,,
51102714,Solución de cloruro,,,
51102715,Clioquinol,,,
51102717,Nitrofurazona,,,
51102718,Nitrato de plata Sal inorgánica. Este compuesto es muy utilizado para detectar,,,
51102719,Yodoformo,,,
51102720,Cloroxilenol,,,
51102721,Ictamol Agente antiinfeccioso tópico utilizado para tratar,,,
51102722,Geles o soluciones,,,
51102723,Merbromina,,,
51102724,Cloruro de,,,
51102725,Hexilresorcinol,,,
51102726,Peróxido de,,,
51102727,Yoduro de timol,,,
51102728,Perborato sódico,,,
51102729,Cloruro de,,,
51102730,Isetionato de,,,
51111501,Amifostina,,,
51111502,Busulfán,,,
51111503,Carboplatino,,,
51111504,Carmustina,,,
51111505,Clorambucil,,,
51111506,Cisplatino,,,
51111507,Ciclofosfamida,,,
51111508,Dacarbazina,,,
51111509,Ifosfamida,,,
51111510,Lomustina,,,
51111511,Clorhidrato de,,,
51111512,Melfalán,,,
51111513,Mesna,,,
51111514,Pipobroman Fármaco anti-cáncer que probablemente actúa como un,,,
51111515,Estreptozocina,,,
51111516,Tiotepa,,,
51111517,Mostaza de uracilo,,,
51111518,Clorhidrato de,,,
51111519,Temozolomida,,,
51111520,Clorhidrato de,,,
51111521,Altretamina,,,
51111601,Cladribina,,,
51111602,Citarabina,,,
51111603,Floxuridina,,,
51111604,Fosfato de,,,
51111605,Fluorouracilo,,,
51111606,Hidroxiurea,,,
51111609,Mercaptopurina,,,
51111610,"Metotrexato Fármaco usado en el tratamiento del cáncer, enfermedades",,,
51111611,Tenipósido,,,
51111612,Tioguanina,,,
51111613,Lenograstim,,,
51111614,"Etopósido Agente citotóxico (medicamento contra el cáncer), que",,,
51111615,Glutatión,,,
51111616,Capecitabina,,,
51111617,Clorhidrato de,,,
51111618,Metotrexato de sodio,,,
51111701,Sulfato de bleomicina,,,
51111702,Dactinomicina,,,
51111703,Daunorubicinas,,,
51111704,Mitomicina,,,
51111705,Mitotano,,,
51111706,Clorhidrato de,,,
51111707,Pentostatina,,,
51111708,Plicamicina Antibiótico antineoplásico producido por Streptomyces,,,
51111709,Sulfato de vincristina,,,
51111710,Epirubicina,,,
51111711,Clorhidrato de,,,
51111712,Pirarubicina,,,
51111713,Alemtuzumab,,,
51111715,Epirubicina,,,
51111716,Rituximab,,,
51111717,Trastuzumab,,,
51111718,Valrubicina,,,
51111719,Clorhidrato de,,,
51111801,Anastrozol,,,
51111802,Bicalutamida,,,
51111803,Fosfato sódico de,,,
51111804,Flutamida,,,
51111805,Acetato de goserelina,,,
51111806,Clorhidrato de,,,
51111807,Acetato de leuprolide,,,
51111808,Nilutamida,,,
51111809,Tamoxifeno,,,
51111810,Testolactona,,,
51111811,Clorhidrato de,,,
51111812,Sulfato de vinblastina,,,
51111813,Sulfato de vincristina,,,
51111814,Tartrato de,,,
51111815,Triptorelina,,,
51111816,Buserelina,,,
51111817,Citrato de toremifeno,,,
51111818,Pamoato de,,,
51111819,Fulvestrant,,,
51111820,Letrozol,,,
51111821,Citrato de tamoxifeno,,,
51111901,Asparaginasa,,,
51111902,Docetaxel,,,
51111904,Paclitaxel,,,
51111905,Porfímero sódico,,,
51111906,Pegaspargasa,,,
51111907,Fenilbutirato de,,,
51121501,Adenosina,,,
51121502,"Digoxina Glucósido cardiotónico, usado como agente antiarrítmico en",,,
51121503,Gluconato de,,,
51121504,Flecainida,,,
51121506,Clorhidrato de sotalol,,,
51121507,Clorhidrato de,,,
51121509,Propafenona,,,
51121510,Disopiramida,,,
51121511,Clorhidrato de,,,
51121512,Tosilato de bretilio,,,
51121513,Fosfato de,,,
51121514,Dofetilida,,,
51121515,Acetato de flecainida,,,
51121516,Ibutilida fumarato,,,
51121517,Clorhidrato de,,,
51121518,Clorhidrato de,,,
51121519,Clorhidrato de,,,
51121520,Clorhidrato de,,,
51121521,Quinidina,,,
51121522,Clorhidrato de,,,
51121523,Sulfato de quinidina,,,
51121601,Nitrato de amilo,,,
51121602,Dinitrato de,,,
51121603,Nitroglicerina,,,
51121604,Tetranitrato de,,,
51121607,Nicorandi Fármaco vasodilatador usado para tratar la angina de pecho.,,,
51121608,Clorhidrato de,,,
51121609,Molsidomina,,,
51121610,Pralidoxima,,,
51121611,"Trimetazidina Fármaco para la angina de pecho, a veces llamados por el",,,
51121614,Mononitrato de,,,
51121615,Clorhidrato de,,,
51121616,Clorhidrato de,,,
51121701,Diazóxido,,,
51121702,Terazosina,,,
51121703,Captopril,,,
51121704,Lisinopril,,,
51121705,Felodipino,,,
51121706,Isradipina,,,
51121707,Verapamilo,,,
51121708,Metildopa,,,
51121709,Carvedilol,,,
51121710,Losartán potásico,,,
51121711,Minoxidil Medicamento que con acción vasodilatadora periférica,,,
51121713,Clorhidrato de,,,
51121714,Vincamina,,,
51121715,Enalapril,,,
51121716,Piretanida,,,
51121717,Mesilato de,,,
51121718,Clorhidrato de,,,
51121721,Tartrato de,,,
51121722,Reserpina,,,
51121724,Naftidrofurilo oxalato,,,
51121725,Bisoprolol fumarato,,,
51121726,Indapamida,,,
51121727,Penbutolol,,,
51121728,Prazosina,,,
51121729,Celiprolol,,,
51121730,Ramipril,,,
51121731,Trandolapril,,,
51121733,Valsartán,,,
51121734,Nicotinato de,,,
51121735,Candesartán,,,
51121737,Clorhidrato de,,,
51121738,Deserpidina Fármaco antihipertensivo en relación con reserpina que se,,,
51121739,Clorhidrato de,,,
51121740,Nisoldipino,,,
51121741,Diclorhidrato de,,,
51121742,Diltiazem malato,,,
51121743,Besilato de,,,
51121744,Maleato de enalpril,,,
51121745,Dihidrato de,,,
51121746,Mesilato de,,,
51121747,Fosinopril sódico,,,
51121748,Acetato de,,,
51121749,Sulfato de guanadrel,,,
51121750,Sulfato de,,,
51121751,Clorhidrato de,,,
51121752,Hidralazina,,,
51121753,Irbesartán,,,
51121754,Clorhidrato de,,,
51121755,Clorhidrato de,,,
51121756,Metirosina,,,
51121757,Clorhidrato de,,,
51121758,Nitroprusiato de,,,
51121759,Olmesartán,,,
51121760,"Perindopril erbumina Se utiliza para tratar la presión arterial alta , la insuficiencia",,,
51121761,Clorhidrato de,,,
51121762,Rauwolfia serpentina,,,
51121763,Telmisartán,,,
51121764,Quinapril,,,
51121765,Metoprolol,,,
51121801,Fluvastatina sódica,,,
51121802,Lovastatina,,,
51121803,Simvastatina,,,
51121804,Clofibrato,,,
51121805,Gemfibrozilo,,,
51121806,Pravastatina de sodio,,,
51121807,Polidocanol,,,
51121808,Probucol,,,
51121809,Fenofibrato,,,
51121810,Atorvastatina de,,,
51121811,Cerivastatina sódica,,,
51121812,Colina,,,
51121813,Bitartrato de colina,,,
51121814,Inositol,,,
51121815,Racemetionina,,,
51121816,Fosfatidilcolina,,,
51121817,"Colestiramina La colestiramina es una resina de intercambio aniónico,",,,
51121818,Atorvastatina,,,
51121819,Ezetimiba,,,
51121820,Sulfato de,,,
51121901,Lactato de,,,
51121902,Lactato de milrinona,,,
51121903,Digitoxina La digitoxina es un glucósido digitálico de acción sistémica.,,,
51121904,Nifedipina,,,
51121905,Enoximona,,,
51121906,Betaína,,,
51121907,Nesiritida,,,
51121908,Hoja de digital en,,,
51122101,Mesilato de,,,
51122102,Clorhidrato de,,,
51122103,Clorhidrato de,,,
51122104,Papaverina,,,
51122105,Pentifilina,,,
51122107,Tartrato de ifenprodil,,,
51122108,Mesilatos ergoloides,,,
51122109,Clorhidrato de,,,
51122110,Nimodipina,,,
51122111,Nitrito de amilo,,,
51122112,Alprostadil,,,
51122201,"Ornipresina Ornipressin es un vasoconstrictor, agente hemostático y renal.",,,
51122301,Solución de,,,
51131501,Fumarato ferroso,,,
51131502,Gluconato ferroso Para el transporte de oxígeno (Hb) así como para la,,,
51131503,Sulfato ferroso,,,
51131504,Pidolato de magnesio,,,
51131505,Oximetolona,,,
51131506,Eritropoyetina,,,
51131507,Darbepoetina alfa,,,
51131508,Epoetina alfa,,,
51131509,Citrato de amonio,,,
51131510,Polipéptido de hierro,,,
51131511,Hierro polisacárido,,,
51131512,Pirofosfato férrico,,,
51131513,Cacodilato ferroso El Cacodilato de Sodio estimula el metabolismo y promueve la,,,
51131514,Carbonilo de hierro,,,
51131515,Hemina o hematina,,,
51131516,Hierro sacarosa,,,
51131601,Aprotinina El Aprotinina es un agente hemostático que inhibe las,,,
51131602,Heparina de calcio Heparina cálcica: Medicamento que se emplea en,,,
51131603,Heparina sódica Inhibe la coagulación potenciando el efecto inhibitorio de la,,,
51131604,Warfarina sódica,,,
51131605,Citrato de sodio,,,
51131606,Apolato de sodio,,,
51131607,Enoxaparina sódica,,,
51131608,Lepirudina,,,
51131609,Desirudina,,,
51131610,Ardeparina de sodio,,,
51131611,"Dalteparina sódica Dalteparina sódica, un anticoagulante, para impedir la",,,
51131612,Danaparoide sódico,,,
51131613,Dicumarol,,,
51131614,Anisindiona,,,
51131615,Fondaparinux sódico,,,
51131616,Tinzaparina sódica,,,
51131701,Abciximab,,,
51131702,Alteplasa,,,
51131703,Estreptoquinasa,,,
51131704,Uroquinasa,,,
51131705,Dipiridamol,,,
51131706,Argatroban Argatroban es un anticoagulante que es una molécula,,,
51131707,Bivalirudina,,,
51131708,Cilostazol,,,
51131709,Bisulfato de,,,
51131710,Eptifibatida,,,
51131711,Tenecteplasa,,,
51131712,Clorhidrato de,,,
51131714,Anistreplasa,,,
51131715,Clorhidrato de,,,
51131716,Reteplasa,,,
51131801,Fibrinógeno,,,
51131803,Trombina,,,
51131804,Oprelvekina,,,
51131805,Etamsilato,,,
51131806,Subsulfato férrico,,,
51131807,Morruato de sodio,,,
51131808,Ácido aminocaproico,,,
51131809,Dobesilato de calcio,,,
51131901,Poligelina,,,
51131903,Gelatina,,,
51131904,Plasma sanguíneo,,,
51131905,Dextrano,,,
51131906,"Pentastarch Pentastarch es un subgrupo de almidón de hidroxietilo, con",,,
51131907,Fracción de proteína,,,
51131908,Hetastarch,,,
51131909,Albúmina humana,,,
51131910,Polividona o,,,
51132001,Pentoxifilina,,,
51141501,Acetazolamida,,,
51141502,Clonazepam,,,
51141503,Felbamato,,,
51141504,Lamotrigina,,,
51141505,Fenobarbital,,,
51141506,Fenobarbital sódico,,,
51141507,Fenitoína,,,
51141508,Etosuximida,,,
51141509,Vigabatrina,,,
51141510,Barbexaclona Barbexaclona (Maliasin) es un compuesto de sal de,,,
51141511,Urbanyl,,,
51141512,Clobazam,,,
51141513,Carbamazepina,,,
51141514,Zonisamida Zonisamida es una sulfonamida anticonvulsivante aprobada,,,
51141515,Etotoína Hidantoina anticonvulsivante. Este medicamento se usa para,,,
51141516,Fosfenitoína sódica,,,
51141517,Gabapentina,,,
51141518,Levetiracetam,,,
51141519,Mefenitoina,,,
51141520,Mefobarbital El MEFOBARBITAL es un barbitúrico. Se utiliza para ayudarle a,,,
51141521,Metsuximida,,,
51141522,Oxcarbazepina,,,
51141523,Parametadiona Anticonvulsivante prescrito para la prevención de las crisis de,,,
51141524,Fenacemida,,,
51141525,Fenitoína sódica,,,
51141526,Primidona,,,
51141527,Clorhidrato de,,,
51141528,Topiramato,,,
51141529,Trimetadiona,,,
51141530,Valproato de sodio,,,
51141531,Ácido valproico,,,
51141532,Acetazolamida sódica,,,
51141533,Divalproex sódico,,,
51141601,Amitriptilina,,,
51141602,Clorhidrato de,,,
51141603,Pamoato de,,,
51141604,Mirtazapina,,,
51141605,Hidrocloruro de,,,
51141606,Clorhidrato de,,,
51141607,Maleato de,,,
51141608,Amitriptilinoxida,,,
51141609,Sulfato de,,,
51141610,Clorhidrato de,,,
51141611,Trimipramina,,,
51141612,Sibutramina,,,
51141613,Clorhidrato de,,,
51141614,Clomipramina,,,
51141615,Trimipramina,,,
51141616,Clorhidrato de,,,
51141617,Bromhidrato de,,,
51141618,Clorhidrato de,,,
51141619,Hidrocloruro de,,,
51141620,Mosto de st'john,,,
51141621,Clorhidrato de,,,
51141622,Isocarboxazida,,,
51141623,Clorhidrato de,,,
51141624,Clorhidrato de,,,
51141625,Clorhidrato de,,,
51141626,Clorhidrato de,,,
51141627,Maleato de,,,
51141628,Nortriptilina,,,
51141629,Amoxapina,,,
51141630,Tiroides,,,
51141631,Hidrocloruro de,,,
51141632,Sulfato de fenelzina,,,
51141633,Oxalato de,,,
51141701,Fenotiazinas,,,
51141702,Haloperidol,,,
51141703,Olanzapina,,,
51141704,Risperidona,,,
51141705,Nicergolina,,,
51141706,Citicolina,,,
51141707,Clorhidrato de,,,
51141708,Clordiazepóxido El clordiazepóxido se usa para aliviar la ansiedad y para,,,
51141709,Flufenazina,,,
51141710,Periciazina,,,
51141711,Levomepromazina,,,
51141712,Zotepina,,,
51141713,Palmitato de,,,
51141714,Piracetam,,,
51141715,Clozapina,,,
51141716,Decanoato de,,,
51141717,Lactato de,,,
51141718,Clorhidrato de,,,
51141719,Succinato de loxapina,,,
51141720,Clorhidrato de,,,
51141721,Pimozida,,,
51141722,Fumarato de,,,
51141723,Tiotixeno,,,
51141724,Clorhidrato de,,,
51141725,Clorhidrato de,,,
51141726,Clorhidrato de,,,
51141727,Mesilato de,,,
51141728,Droperidol,,,
51141729,Clorhidrato de,,,
51141801,Pentobarbital,,,
51141802,Secobarbital sódico,,,
51141803,Hidrato de cloral,,,
51141804,Estazolam,,,
51141805,Triazolam,,,
51141806,Butobarbital,,,
51141807,Flunitrazepam,,,
51141808,Tartrato de zolpidem,,,
51141809,Loprazolam mesilato,,,
51141810,Zoplicona,,,
51141811,Amobarbital sódico,,,
51141812,Didrocloruro de,,,
51141813,Etclorvinol,,,
51141814,Clorhidrato de,,,
51141815,Glutetimida,,,
51141816,Paraldehído,,,
51141817,Quazepam,,,
51141818,Triptófano,,,
51141819,Zaleplon,,,
51141820,Pentobarbital sódico,,,
51141821,Doxilamina succinato,,,
51141822,Butabarbital,,,
51141903,Carbonato de litio,,,
51141904,Citrato de litio,,,
51141907,Sulpirida,,,
51141908,"Tiaprida Neuroléptico atípico que muestra, in vitro, selectividad por los",,,
51141910,Bromazepam,,,
51141911,Tofisopam,,,
51141912,Hidrocloruro de,,,
51141913,Clormezanone,,,
51141914,Clorazapato,,,
51141915,Halazepam El halazepam es un derivado de la benzodiazepina que ya no,,,
51141916,Lorazepam El lorazepam se usa para aliviar la ansiedad.,,,
51141917,Oxazepam,,,
51141918,Meprobamato,,,
51141919,Alprazolam,,,
51141920,Diazepam,,,
51141921,Clorhidrato de,,,
51141922,Temazepam,,,
51142001,Acetaminofén,,,
51142002,Ácido acetilsalicílico,,,
51142003,Mesalamina,,,
51142004,Meprobromato,,,
51142005,Butetisalicilato de,,,
51142006,Oxaceprol Oxaceprol es un fármaco anti-inflamatorio usado en el,,,
51142009,Metamizol sódico,,,
51142010,Acetanilida,,,
51142011,Salicilato de,,,
51142012,Ácido mefenámico,,,
51142013,Salicilamida,,,
51142014,Tiosalicilato de sodio,,,
51142015,Salicilato de,,,
51142017,Salsalato o ácido,,,
51142018,Inyección de alcohol,,,
51142101,Auranofin,,,
51142102,Carpofen antiinflamatorio analgésico,,,
51142103,Diclofenaco potásico,,,
51142104,Diclofenaco sódico,,,
51142105,Flurbiprofeno,,,
51142106,Ibuprofeno,,,
51142107,Indometacina,,,
51142108,Ketoprofeno,,,
51142109,Naproxeno,,,
51142110,Naproxeno sódico El naproxeno sódico es un antinflamatorio no esteroide (AINE),,,
51142111,Oxaprozin,,,
51142112,Sulindaco,,,
51142113,Suprofeno,,,
51142114,Clorhidrato de,,,
51142116,Salicilato de,,,
51142117,Dietilamina,,,
51142118,Nimesulida,,,
51142119,Benorilato,,,
51142120,Serrapeptasa,,,
51142121,Diclofenaco,,,
51142122,Auriotomalato de,,,
51142123,Ketorolaco,,,
51142124,Etodolac,,,
51142125,Etofenamato,,,
51142126,Floctafenina Analgésico derivado del ácido antranílico.,,,
51142127,Emorfazona Es un fármaco antiinflamatorio no esteroideo.,,,
51142128,Piroxicam,,,
51142129,Ácido tiaprofénico,,,
51142130,Leflunomida,,,
51142131,Celecoxib,,,
51142132,Aurotioglucosa,,,
51142133,Bromfenac sódico,,,
51142134,Salicilato de colina,,,
51142135,Fenoprofen cálcico El fenoprofeno cálcico es un tipo de medicamento llamado,,,
51142136,Flurbiprofen sódico,,,
51142137,Indometacina,,,
51142138,Ketorolac,,,
51142139,Meclofenamato,,,
51142140,Meloxicam,,,
51142141,Nabumetona,,,
51142142,Rofecoxib Rofecoxib es un fármaco antiinflamatorio no esteroideo,,,
51142143,Tolmetin sódico,,,
51142144,Valdecoxib,,,
51142145,Adalimumab,,,
51142146,Diflunisal,,,
51142147,Anakinra Anakinra (Kineret) es un fármaco utilizado para tratar,,,
51142148,Hialuronato de sodio,,,
51142149,Glucosamina,,,
51142201,Butorfanol tartrato,,,
51142202,Fosfato codeina,,,
51142203,Sulfato codeina La CODEÍNA es un analgésico. Se utiliza para tratar dolores,,,
51142205,Clorhidrato,,,
51142206,Sulfato de morfina,,,
51142207,Oxicodona,,,
51142208,Citrato sufentanilo,,,
51142209,Clorhidrato nefopam,,,
51142210,Clorhidrato,,,
51142211,Hidrocodona,,,
51142212,Dihidrocodeina,,,
51142213,Napsilato de,,,
51142214,Clorhidrato de,,,
51142215,Hidrocloruro de,,,
51142216,Dezocina Dezocina (DalganTM WY16225) es un analgésico opiáceo.,,,
51142217,Dihidrocodéina,,,
51142218,Dihidrocodéina,,,
51142219,Fentanilo,,,
51142220,Citrato de fentanilo,,,
51142221,Bitartrato de,,,
51142222,Hidrocloruro de,,,
51142223,Polistirex de,,,
51142225,Tartrato de levorfanol,,,
51142226,Clorhidrato de,,,
51142227,Clorhidrato de,,,
51142228,Clorhidrato de,,,
51142229,Clorhidrato de,,,
51142230,Lactato de,,,
51142231,Clorhidrato de,,,
51142232,Clorhidrato de,,,
51142233,Codeína,,,
51142234,Bitartrato de,,,
51142235,Clorhidrato de,,,
51142236,Opio,,,
51142237,Dextropropoxifeno,,,
51142301,Clorhidrato de,,,
51142302,Hidrocloruro de,,,
51142303,Naltrexona,,,
51142304,Clorhidrato de,,,
51142305,Roxatidina,,,
51142401,Maleato de,,,
51142402,Succinato de,,,
51142403,Tartrato de,,,
51142404,Dihidroergotamina La dihidroergotamina es un alcaloide semisintético del,,,
51142406,Almotriptán malato,,,
51142407,Mesilato de,,,
51142408,Succinato de,,,
51142409,Isometepteno Fármaco con efecto constrictor de los vasos sanguíneos que,,,
51142410,Naratriptán,,,
51142411,Benzoato de,,,
51142412,Bromhidrato de,,,
51142413,Zolmitriptán,,,
51142414,Sumatriptán,,,
51142501,Mesilato de,,,
51142502,Carbidopa,,,
51142503,Levodopa,,,
51142504,Clorhidrato de,,,
51142505,Biperideno,,,
51142506,Clorhidrato de,,,
51142507,Mesilato de pergolida,,,
51142508,Dihidrocloruro de,,,
51142509,Clorhidrato de,,,
51142510,Tolcapone,,,
51142601,Sulfato de,,,
51142602,Fenfluramina,,,
51142603,Mazindol,,,
51142604,Pemolina La pemolina es un estimulante moderado del sistema,,,
51142605,Tartrato de,,,
51142606,Clorhidrato de,,,
51142607,Fenproporex,,,
51142608,Trimetilxantina,,,
51142609,Clorhidrato de,,,
51142610,Cafeína,,,
51142611,Clorhidrato de,,,
51142612,Clorhidrato de,,,
51142613,Clorhidrato de,,,
51142614,Clorhidrato de,,,
51142615,Clorhidrato de,,,
51142616,Fentermina de resina Reduce su apetito. Si la combina con una dieta de bajas,,,
51142618,Clorhidrato de,,,
51142619,Espíritu aromático,,,
51142701,Fenilbutazona,,,
51142702,Ácido meclofenámico,,,
51142801,Riluzol,,,
51142901,Cloroformo,,,
51142902,Mezcla eutéctica de,,,
51142903,Ropivacaína,,,
51142904,Lidocaína,,,
51142905,Bupivacaína,,,
51142906,Clorhidrato de,,,
51142907,Oxibuprocaína Anestésico local de corta duración.,,,
51142908,Lignocaina,,,
51142909,Benzocaína,,,
51142910,Prilocaina,,,
51142911,Clorhidrato de,,,
51142912,Dibucaina,,,
51142913,Halotano,,,
51142914,Clorhidrato de,,,
51142915,Septocaina,,,
51142916,Hialuronidasa,,,
51142917,Mepivacaína,,,
51142918,Articaína,,,
51142919,Isoflurano,,,
51142920,Procaina,,,
51142921,Tiopental sódico,,,
51142922,Clorhidrato de,,,
51142923,Butambeno Butambeno es un anestésico local. Es el éster de ácido 4-,,,
51142924,Clorobutanol,,,
51142925,Clorhidrato de,,,
51142926,Clorhidrato de,,,
51142927,Desflurano,,,
51142928,Clorhidrato de,,,
51142929,Enflurano,,,
51142930,Éter,,,
51142931,Cloruro de etilo,,,
51142932,Clorhidrato de,,,
51142933,Etomidato,,,
51142934,Clorhidrato de,,,
51142935,Levobupivacaína,,,
51142936,Levonordefrina,,,
51142937,Clorhidrato de,,,
51142938,Metohexital sódico,,,
51142939,Clorhidrato de,,,
51142940,Clorhidrato de,,,
51142941,Propofol,,,
51142942,Sevoflurano,,,
51142943,Tetracaína,,,
51142944,Clorhidrato de,,,
51142945,Clorhidrato de,,,
51142946,Metoxiflurano,,,
51142947,Clorhidrato de,,,
51151501,Cloruro de betanecol,,,
51151502,Cloruro de edrofonio,,,
51151503,Fisostigmina La FISOSTIGMINA se utiliza para revertir los efectos de las,,,
51151504,Nitrato de,,,
51151505,Clorhidrato de,,,
51151506,Inhibidor de la,,,
51151507,Cloruro de,,,
51151508,Dexpantenol,,,
51151509,Donepezilo,,,
51151510,Bromhidrato de,,,
51151511,Bromuro de,,,
51151512,Metilsulfato de,,,
51151513,Bromuro de,,,
51151514,Bromuro de,,,
51151515,Tartrato de,,,
51151516,Clorhidrato de,,,
51151517,Clorhidrato de,,,
51151518,Lecitina o,,,
51151601,Sulfato de atropina,,,
51151602,Mesilato de,,,
51151603,Clorhidrato de,,,
51151604,Clorhidrato de,,,
51151605,Clorhidrato de,,,
51151606,Tropicamida,,,
51151607,Bromuro de clidinio,,,
51151608,Clorhidrato de,,,
51151609,Bromuro de,,,
51151610,Alcaloides de,,,
51151611,Glicopirrolato,,,
51151612,Sulfato de,,,
51151613,Bromhidrato de,,,
51151614,Homatropina,,,
51151615,Caramifeno,,,
51151616,Atropina,,,
51151701,Albuterol,,,
51151702,Tartrato de,,,
51151703,Epinefrina,,,
51151704,Borato de epinefrina Fármaco adrenérgico prescrito para el tratamiento,,,
51151705,Clorhidrato de,,,
51151706,Isoproterenol,,,
51151707,Sulfato de,,,
51151708,Bitartrato de,,,
51151709,Fenilpropanolamina,,,
51151710,Clorhidrato de,,,
51151711,Sulfato de terbutalina,,,
51151712,Clorhidrato de,,,
51151713,Clorhidrato de,,,
51151714,Sulfato de d-,,,
51151715,Sulfato de efedrina,,,
51151716,Clorhidrato de,,,
51151717,Sulfato de,,,
51151718,Bitartrato de,,,
51151719,Pseudoefedrina,,,
51151720,Xinafoato de,,,
51151721,Clorhidrato de,,,
51151722,Clorhidrato de,,,
51151723,Clorhidrato de,,,
51151724,Clorhidrato de,,,
51151725,Dipivefrina,,,
51151726,Fenilpropanolamina,,,
51151727,Norepinefrina,,,
51151728,Bromhidrato,,,
51151729,Clorhidrato de,,,
51151730,Epinefrina bitartrato,,,
51151731,Sulfato de,,,
51151732,Clorhidrato de,,,
51151733,Clorhidrato de,,,
51151734,Sulfato de albuterol,,,
51151735,Aspartato de,,,
51151736,Mesilato de,,,
51151737,Clorhidrato de,,,
51151738,Fumarato de,,,
51151739,Clorhidrato de,,,
51151740,Clorhidrato de,,,
51151741,Efedrina,,,
51151742,Fenilefrina,,,
51151743,Clorhidrato de,,,
51151744,Hidrocloruro de,,,
51151745,Tanato de,,,
51151746,Sulfato de,,,
51151747,Hidrocloruro de,,,
51151748,Nafazolina,,,
51151749,Dextroanfetamina,,,
51151801,Atenolol,,,
51151802,Hidrocloruro de,,,
51151803,Nadolol,,,
51151804,Pindolol,,,
51151805,Maleato de timolol,,,
51151810,Mesilato de,,,
51151811,Hidrocloruro de,,,
51151812,Hidrocloruro de,,,
51151813,Acebutolol,,,
51151814,Hidrocloruro de,,,
51151815,Hidrocloruro de,,,
51151816,Hidrocloruro de,,,
51151817,Hidrocloruro de,,,
51151818,Hidrocloruro de,,,
51151819,Hidrocloruro de,,,
51151820,Hidrocloruro de,,,
51151821,Sulfato de penbutolol,,,
51151822,Succinato de,,,
51151823,Hidrocloruro de,,,
51151824,Mesilato de,,,
51151825,Hidrocloruro de,,,
51151901,Baclofeno,,,
51151902,Clorzoxazona,,,
51151903,Dantroleno sódico,,,
51151904,Metocarbamol,,,
51151905,Carisoprodol,,,
51151906,Isoxsuprina Es un agente vasodilatador periférico.,,,
51151907,Clorhidrato de,,,
51151908,Citrato de,,,
51151910,Nonivamida,,,
51151911,Suxametonio,,,
51151912,Tiocolchicósido,,,
51151913,Clorfenesina,,,
51151914,Clorhidrato de,,,
51151915,Metaxalona,,,
51151916,Cloruro de,,,
51151917,Clorhidrato de,,,
51152001,Besilato de atracurio,,,
51152002,Cloruro de mivacurio,,,
51152003,Bromuro de,,,
51152004,Bromuro de,,,
51152005,Toxina botulínica,,,
51152006,Cisatracurio,,,
51152007,Cloruro de doxacurio,,,
51152008,Yoduro de,,,
51152009,Bromuro de,,,
51152010,Bromuro de,,,
51152011,Cloruro de,,,
51152012,Bromuro de,,,
51161501,Mesilato de bitolterol Broncodilatador inhalado por vía oral utilizado en el,,,
51161502,Nedocromil sódico,,,
51161503,Acetato de pirbuterol,,,
51161504,Aminofilina,,,
51161505,Teofilina,,,
51161506,Terbutalina,,,
51161507,Formoterol El formoterol es un agonista selectivo β2 de los receptores,,,
51161508,Sulfato de salbutamol,,,
51161510,Teofilina Broncodilatador y vasodilatador periférico.,,,
51161511,Cromoglicato de,,,
51161513,Difilina,,,
51161514,Oxtrifilina,,,
51161515,Montelukast sódico,,,
51161516,Zafirlukast,,,
51161517,Zileutón,,,
51161601,Astemizol,,,
51161602,Fumarato de,,,
51161603,Maleato de,,,
51161605,Clorhidrato de,,,
51161606,Loratadina,,,
51161607,Terfenadina,,,
51161608,Clorhidrato de,,,
51161609,Hidrocloruro de,,,
51161610,Prometazina,,,
51161611,Oxomemazina,,,
51161612,Ebastina,,,
51161613,Mesilato de,,,
51161614,Clorhidrato de,,,
51161615,Cetirizina,,,
51161616,Betahistina,,,
51161617,Clorhidrato de,,,
51161618,Alimemazina,,,
51161619,Mepiramina maleato La acción antihistamínica de la mepiramina disminuye el,,,
51161620,Difenhidramina,,,
51161621,Clorhidrato de,,,
51161622,Cromoglicato de,,,
51161623,Hidroxizina pamoato,,,
51161624,Maleato de,,,
51161625,Azelastina,,,
51161626,Bosentán,,,
51161627,Maleato de,,,
51161628,Maleato de,,,
51161629,Hidrocloruro de,,,
51161630,Maleato de,,,
51161631,Tanato de,,,
51161632,Clorhidrato de,,,
51161633,Desloratadina,,,
51161634,Maleato de,,,
51161635,Clorhidrato de,,,
51161636,Tanato de,,,
51161637,Clorhidrato de,,,
51161638,Fumarato de,,,
51161639,Clorhidrato de,,,
51161640,Tartrato de,,,
51161646,Acrivastina,,,
51161647,Bromfeniramina,,,
51161648,Difumarato de,,,
51161649,Lodoxamida,,,
51161650,Clorhidrato de,,,
51161651,Potasio de pemirolast,,,
51161701,Acetilcisteína,,,
51161702,Beractant,,,
51161703,Budesonida,,,
51161704,Palmitato de,,,
51161705,Bromuro de,,,
51161706,Sobrerol,,,
51161707,Clorhidrato de,,,
51161708,Dornasa alfa,,,
51161709,Poractant alfa,,,
51161710,Calfactant,,,
51161801,Benzonatato,,,
51161802,Guaifenesina,,,
51161803,Mentol,,,
51161805,Carbocisteína,,,
51161806,Cloruro de amonio,,,
51161808,Dextrometorfano,,,
51161809,Citrato de oxolamina,,,
51161810,Folcodina,,,
51161811,Bromhexina,,,
51161813,Guayacolsulfonato,,,
51161814,Bitartrato de,,,
51161815,Tanato de,,,
51161817,Clorhidrato de,,,
51161818,Dextrometorfano,,,
51161819,Tanato de,,,
51161820,Aceite de eucalipto o,,,
51161901,Clorhidrato de,,,
51161903,Clorhidrato de,,,
51171501,Carbonato de calcio,,,
51171502,Magaldrato,,,
51171503,Hidróxido de,,,
51171504,Antiácidos de,,,
51171505,Simeticona,,,
51171507,Hidrotalcita,,,
51171508,Carbonato de,,,
51171509,Clorhidrato de,,,
51171510,Trisilicato de,,,
51171511,Hidróxido de,,,
51171513,Dihidroxialuminio-,,,
51171601,Cáscara sagrada Una planta que se usa en ocasiones con demasiada ligereza,,,
51171602,Docusato de calcio,,,
51171603,Docusato potásico,,,
51171604,Docusato de sodio,,,
51171605,Lactulosa,,,
51171606,Sulfato de magnesio,,,
51171607,Mucílago hidrófilo,,,
51171608,Glicerina,,,
51171609,Ácido dehidrocólico,,,
51171610,Sen o senósidos,,,
51171611,Estimulante,,,
51171612,Metilcelulosa,,,
51171613,Aloína,,,
51171614,Bisacodyl,,,
51171615,"Calcio policarbofilo  El policarbófilo cálcico es una resina hidrófila poliacrílica, no",,,
51171616,Casantranol,,,
51171617,Aceite de ricino,,,
51171618,Monohidrato de,,,
51171619,Supositorios de,,,
51171620,Citrato de magnesio,,,
51171621,Clorhidrato de,,,
51171622,Fosfato de sodio,,,
51171623,Fenolftaleína,,,
51171624,Semilla de psyllium,,,
51171626,Bitartrato de potasio,,,
51171627,Tartrato de sodio y,,,
51171628,Fosfato de potasio,,,
51171629,Sulfato de sodio,,,
51171630,Aceite mineral,,,
51171631,Polietilenglicol,,,
51171632,Cloruro de magnesio,,,
51171701,Clorhidrato de,,,
51171702,Hidroclorato de,,,
51171703,Paregorico,,,
51171704,Nifuroxazida,,,
51171706,"Atapulgita Atapulgita a su vez, es un silicato de magnesio y aluminio con",,,
51171707,Subsalicilato de,,,
51171708,Clorhidrato de,,,
51171709,Saccharomyces,,,
51171710,Clorhidrato de,,,
51171711,Caolín y pectina,,,
51171712,Pectina,purificada,,
51171801,Dronabinol,,,
51171802,Clorhidrato de,,,
51171803,Clorhidrato de,,,
51171804,Clorhidrato de,,,
51171805,Clorhidrato de,,,
51171806,Metoclopramida,,,
51171807,Cinarizina,,,
51171808,Clorhidrato de,,,
51171809,Ciclizina,,,
51171812,Proclorperazina,,,
51171813,Metopimazina,,,
51171814,Mesilato de,,,
51171815,Clorhidrato de,,,
51171816,Ondansetrón,,,
51171817,Edisilato de,,,
51171818,Maleato de,,,
51171819,Maleato de,,,
51171820,Dimenhidrinato,,,
51171821,Aprepitant,,,
51171822,Clorhidrato de,,,
51171901,Cimetidina,,,
51171902,Famotidina,,,
51171903,Nizatidina,,,
51171904,Clorhidrato de,,,
51171905,Cisapride,,,
51171906,Lansoprazol,,,
51171908,Misoprostol,,,
51171909,Omeprazol,,,
51171910,Pancreatina,,,
51171911,Sucralfato,,,
51171912,Clorhidrato de,,,
51171913,Esomeprazol,,,
51171914,Pantoprazol sódico,,,
51171915,Pantoprazol sódico,,,
51171916,Rabeprazol sódico,,,
51171917,Citrato de bismuto,,,
51171918,Carbonato de,,,
51172001,Quenodiol,,,
51172002,Monoctanoina Monoctanoina se utiliza como disolvente de calculos biliares,,,
51172003,Ursodiol,,,
51172004,Dimetilsulfóxido,,,
51172101,Clorhidrato de,,,
51172102,Clorhidrato de,,,
51172103,Clorhidrato de,,,
51172105,Floroglucinol,,,
51172106,Clorhidrato de,,,
51172107,Butilbromuro de,,,
51172108,Clorhidrato de,,,
51172109,Trimebutina,,,
51172110,Clorhidrato de,,,
51172111,Alverina,,,
51181501,Acarbosa,,,
51181502,Acetohexamida,,,
51181503,Clorpropamida,,,
51181504,Glimepirida,,,
51181505,Glipizida,,,
51181506,Insulina,,,
51181508,Glucagón,,,
51181509,Gliclazida,,,
51181510,Clorhidrato de,,,
51181511,Buformina,,,
51181513,Nateglinida,,,
51181514,Extracto de páncreas,,,
51181515,Tolbutamida,,,
51181516,Glibenclamida o,,,
51181517,Hidrocloruro de,,,
51181519,Miglitol,,,
51181520,Clorhidrato de,,,
51181521,Repaglinida,,,
51181522,Maleato de,,,
51181523,Tolazamida,,,
51181524,Troglitazona,,,
51181601,Levotiroxina sódica,,,
51181602,Liotironina sódica,,,
51181603,Liotrix,,,
51181604,Tirotropina,,,
51181605,Metimazol,,,
51181606,Propiltiouracilo,,,
51181607,Yoduro de potasio,,,
51181608,Levotiroxina,,,
51181609,Yoduro de sodio,,,
51181701,Betametasona,,,
51181702,Corticotropina,,,
51181703,Cosintropina,,,
51181704,Dexametasona,,,
51181705,Flunisolida Es un corticosteroide a menudo se prescriben como,,,
51181706,Hidrocortisona,,,
51181707,Metilprednisolona,,,
51181708,Prednisolona,,,
51181709,Triamcinolona,,,
51181710,Desoximetasona,,,
51181711,Meprednisona Glucocorticoide oral prescrito para el tratamiento de,,,
51181712,Ácido risedrónico,,,
51181713,Prednisona,,,
51181714,Prednicarbato,,,
51181715,Cortisona,,,
51181716,Cortivazol,,,
51181717,Acetato de,,,
51181718,Deflazacort,,,
51181719,Acetónido de,,,
51181720,Diacetato de,,,
51181721,Corticorelina ovina,,,
51181722,Fluticasona Es un potente corticosteroide sintético prescrito en el,,,
51181723,Acetato de,,,
51181724,Hidrocortisona,,,
51181725,Butirato de,,,
51181726,Fosfato sódico de,,,
51181727,Valerato de,,,
51181728,Acetato de,,,
51181729,Succinato sódico de,,,
51181730,Acetato de,,,
51181731,Acetato de,,,
51181732,Diacetato de,,,
51181733,Hexacetonido de,,,
51181734,Dipropionato de,,,
51181735,Propionato de,,,
51181736,Fluorometolona,,,
51181737,Halcinonida,,,
51181738,Acetato de,,,
51181739,Rimexolona,,,
51181740,Fosfato sódico de,,,
51181741,Loteprednol,,,
51181742,Propionato de,,,
51181743,Pivalato de,,,
51181744,Fluocinonida,,,
51181745,Flurandrenolida,,,
51181746,Amcinonida,,,
51181747,Probutato de,,,
51181748,Medrisona,,,
51181749,Furoato de,,,
51181750,Desonida,,,
51181751,Fosfato sódico de,,,
51181752,Dipropionato de,,,
51181753,Acetato de cortisona,,,
51181754,Dipropionato de,,,
51181755,Valerato de,,,
51181801,Clorotrianiseno,,,
51181802,Estrona,,,
51181803,Estrógenos,,,
51181804,Estropipato,,,
51181805,Levonorgestrel,,,
51181806,Acetato de megestrol,,,
51181807,"Etinilestradiol Es un estrógeno derivado del estradiol, activo por vía oral",,,
51181808,Mestranol Es el 3-metil éter de etinilestradiol. Era el estrógeno usado en,,,
51181810,Acetato de,,,
51181811,Desogestrel y,,,
51181812,Dienestrol Es un estrógeno sintético.,,,
51181813,Estradiol,,,
51181814,Etisterona,,,
51181815,Estradiol y acetato,,,
51181816,Hidroxiestrona,,,
51181817,Promestrieno Es una agente con actividad estrogénica tróficos local sobre la,,,
51181818,Progesterona,,,
51181819,Promegestona,,,
51181820,Gestrinona,,,
51181821,Cipionato de,,,
51181822,Valerato de estradiol,,,
51181823,Estrógenos,,,
51181824,Diacetato de,,,
51181825,Dietilestilbestrol Agente antineoplásico utilizado en el cáncer de próstata,,,
51181826,Caproato de,,,
51181828,Noretindrona,,,
51181829,Acetato de,,,
51181830,Norgestimato,,,
51181831,Norgestrel,,,
51181832,Etonogestrel y etinil,,,
51181833,Etinil-estradiol y,,,
51181834,Noretindrona y,etinil,,
51181901,Gonadotropina,,,
51181902,Danazol,,,
51181903,Acetato de,,,
51181904,Acetato de histrelina,,,
51181905,Menotropinas,,,
51181906,Urofolitropina,,,
51181908,Fosfestrol de sodio Es una forma sintética de estrógeno utilizado,,,
51181911,Citrato de clomifeno,,,
51181912,Folitropina,,,
51181913,Clorhidrato de,,,
51182001,Finasterida,,,
51182002,Testosterona,,,
51182003,Cipionato de,,,
51182004,Enantato de,,,
51182005,Propionato de,,,
51182006,Acetato de,,,
51182007,Metandriol Esteroide sintético con propiedades anabólicas y,,,
51182008,Fluoximesterona,,,
51182009,Metiltestosterona,,,
51182010,Decanoato de,,,
51182011,Fenilpropionato de,,,
51182012,Prasterona,,,
51182013,Stanozolol,,,
51182014,Dutasteride,,,
51182101,Acetato de,,,
51182102,Vasopresina,,,
51182201,Dinoprostona,,,
51182202,Maleato de,,,
51182203,Oxitocina,,,
51182204,Maleato de,,,
51182301,Somatrem Somatrem es un análogo de la hormona de crecimiento.,,,
51182302,Somatropina,,,
51182303,Somatostatina,,,
51182304,Acetato de octreotida,,,
51182401,Cloruro de calcio,,,
51182403,Gluconato de calcio El gluconato de calcio es una sal de calcio y ácido glucónico,,,
51182404,Lactato de calcio,,,
51182405,Fosfato de calcio,,,
51182406,Alendronato sódico,,,
51182407,Calcitonina,,,
51182408,Fosfato,sódico de,,
51182409,Nitrato de galio,,,
51182410,Etidronato disódico,,,
51182411,Nandrolona,,,
51182412,Fosfato calcio,,,
51182413,Calcio fosfato de,,,
51182415,Ácido zoledrónico,,,
51182416,Pamidronato,,,
51182417,Risedronato de sodio,,,
51182418,Acetato de calcio,,,
51182420,Dihidrotaquisterol,,,
51191501,Clorotiazida Diurético y antihipertensivo. Tratamiento de la hipertensión y,,,
51191502,"Clortalidona Diurético que pertenece al grupo de las benzotiadiacidas, no",,,
51191503,Metolazona,,,
51191504,Bumetanida,,,
51191505,Etacrinato de sodio,,,
51191506,Clorhidrato de,,,
51191507,Espironolactona,,,
51191508,Triamtereno,,,
51191509,Manitol,,,
51191510,Furosemida,,,
51191511,Canrenoato de,,,
51191512,Lasitone Es un diurético de asa utilizado en el tratamiento de la,,,
51191513,Bendroflumetiazida Bendroflumetiazida es el nombre del principio activo de un,,,
51191514,Ácido etacrínico,,,
51191515,Hidroclorotiazida,,,
51191516,Hidroflumetiazida,,,
51191517,Isosorbide,,,
51191518,Meticlotiazida,,,
51191519,Pamabrom,,,
51191520,Politiazida,,,
51191521,Torasemida,,,
51191522,Triclormetiazida,,,
51191523,Diurético osmótico,,,
51191601,Dextrosa,,,
51191602,Electrolitos de,,,
51191604,Solución ringer,,,
51191701,Trometamina,,,
51191702,Lactato de sodio,,,
51191703,Acetato de sodio,,,
51191801,Bicarbonato de,,,
51191802,Cloruro de potasio,,,
51191803,Gluconato de potasio,,,
51191804,Acetato de potasio,,,
51191805,Suplemento de,,,
51191901,Residuo de germen,,,
51191902,Suplementos de,,,
51191903,Pentermina,,,
51191904,Fosfolípidos,,,
51191905,Suplementos,,,
51191906,Solución de,,,
51191907,Amonio molibdato,,,
51201501,Azatioprina,,,
51201502,Ciclosporina,,,
51201503,Mofetilo,,,
51201504,Tacrolimus,,,
51201505,Antilinfocitos,,,
51201506,Defibrotide,,,
51201507,Aldesleukina,,,
51201508,Basiliximab,,,
51201509,Daclizumab,,,
51201510,Imiquimod,,,
51201511,Muromonab cd3,,,
51201513,"Peginterferón El PEG Interferón es un ""modificador de la respuesta",,,
51201514,Pimecrolimus,,,
51201515,Sirolimus,,,
51201517,Hidrocloruro de,,,
51201518,Azatioprina sódica,,,
51201569,Atlizumab o,,,
51201601,Antígeno de ántrax,,,
51201602,Antígeno brucélico,,,
51201603,Vacuna contra el,,,
51201604,Difteria,,,
51201605,Vacuna contra el,,,
51201606,Influenza hemofílica,,,
51201607,Vacuna contra el,,,
51201608,Vacuna contra el,,,
51201609,Vacuna contra el,,,
51201610,Vacuna meningococo,,,
51201611,Morbillivirus,,,
51201612,Vacuna contra el,,,
51201613,Parotiditis,,,
51201614,Vacuna contra la,,,
51201615,Vacuna contra el,,,
51201616,Vacuna contra el,,,
51201617,Vacuna contra la,,,
51201618,Rotavirus,,,
51201619,Vacuna contra el,,,
51201620,Viruela,,,
51201621,"Toxoide tetánico Estimula la producción de anticuerpos protectores,",,,
51201622,Tuberculosis,,,
51201623,Vacuna contra el tifo,,,
51201624,Vacuna contra el,,,
51201625,Vacuna contra la,,,
51201626,Hepatitis a,,,
51201627,Vacuna contra la,,,
51201629,Difteria y toxoide,,,
51201632,Difteria y tétano y,,,
51201635,Vacuna contra el,,,
51201638,Vacuna contra la,,,
51201639,Vacuna contra el,,,
51201647,Vacuna bcg,,,
51201701,Hipocruposis,,,
51201702,E coli,,,
51201703,Gumboro,,,
51201704,Bronquitis infecciosa,,,
51201705,Newcastle,,,
51201801,Inmunoglobulinas,,,
51201802,Filgrastim,,,
51201803,Pelfigrastim,,,
51201804,Sargramostim,,,
51201805,Inmunoglobulina rho,,,
51201806,Inmunoglobulina o,,,
51201807,Inmunoglobulinas,,,
51201808,Clorhidrato levamisol,,,
51201809,Interferon,,,
51201901,Acetato de glatiramer,,,
51211501,Alopurinol,,,
51211502,Colchicina,,,
51211503,Probenecid,,,
51211504,Sulfinpirazona,,,
51211505,Benzbromarona,,,
51211601,Deferoxamina,,,
51211602,Dexrazoxano,,,
51211603,Digoxina inmune fab,,,
51211604,Dimercaprol,,,
51211605,Edetato disódico,,,
51211606,Flumazenil,,,
51211607,Ipecacuana,,,
51211608,Penicilamina,,,
51211609,Protamina sulfato,,,
51211610,Sulfonato,,,
51211611,"Trientina La trientina se usa para tratar la enfermedad de Wilson, una",,,
51211612,Leucovorina,,,
51211613,Sorbitol,,,
51211615,Azul de metileno,,,
51211616,Anti venenos,,,
51211617,Leucovorina cálcica,,,
51211618,Antídoto de carbón,,,
51211619,Edetato cálcico,,,
51211620,Fomepizol,,,
51211621,Clorhidrato,,,
51211622,Tiosulfato de sodio,,,
51211623,Succimer,,,
51211624,Sulfato de cobre,,,
51211625,Exopeptidasa g2,,,
51211901,Xilacina,,,
51212001,Aceite etérico,,,
51212002,Extracto de centella,,,
51212003,Extracto de,,,
51212004,Aesculus,,,
51212005,Aconitum napellus,,,
51212006,Valeriana,,,
51212007,Ajo,,,
51212008,Celidonia mayor,,,
51212009,Saponaria,,,
51212010,Prímula,,,
51212011,Pimpinella,,,
51212012,Cilantro,,,
51212013,Hedera hélix,,,
51212014,Goma arábiga,,,
51212015,Boneset,,,
51212016,Echinacea,,,
51212017,Acónito,,,
51212018,Coccus cacti,,,
51212020,Menta de gato,,,
51212021,Ginseng,,,
51212022,Asafétida,,,
51212023,Arándano,,,
51212024,Árnica,,,
51212025,Bálsamo del perú,,,
51212026,"Eufrasia La eufrasia sinónimo: Euphrasia rostkoviana, es",,,
51212027,Ginkgo biloba,,,
51212028,Hydrastis,,,
51212029,Gotu kola,,,
51212031,Pygeum africano,,,
51212032,Raíz de angélica,,,
51212033,Violeta geneciana,,,
51212034,Capsaicina,,,
51212035,Leche de cardo,,,
51212036,Cohosh negro,,,
51212101,Floruro de sodio,,,
51212201,Disulfiram,,,
51212202,Nicotina,,,
51212203,Nicotina polacrilina,,,
51212301,Aminohipurato,,,
51212302,Aceite etiodizado,,,
51212303,Sodio fluoresceína,,,
51212304,Indigotindisulfonato,,,
51212305,Indocianina verde,,,
51212306,Cloruro de,,,
51212307,Metirapona,,,
51212308,Sodio de rosa de,,,
51212309,Loxaglato de,,,
51212401,Sildenafil citrato,,,
51212402,Clorhidrato de,,,
51241002,Oleato polipéptido,,,
51241101,Cloruro acetilcolina,,,
51241102,Clorhidrato de,,,
51241103,Bimatoprost,,,
51241104,Brinzolamida,,,
51241105,Carbachol,,,
51241106,Demecario bromuro Agente anticolinesterásico que se,,,
51241107,Dorzolimato,,,
51241108,Iodeto de ecotiofato,,,
51241109,Borato de epinephryl Fármaco adrenérgico prescrito para el tratamiento del,,,
51241110,Latanoprost,,,
51241111,Clorhidrato de,,,
51241112,Metipranolol,,,
51241113,Sulfato fisostigmina,,,
51241114,Clorhidrato de,,,
51241115,Timolol,,,
51241116,Travoprost,,,
51241117,Isopropil,,,
51241118,Diclorfenamida,,,
51241119,Metalzolamida,,,
51241120,Lágrimas artificiales,,,
51241201,Ácido salicílico,,,
51241202,Ácido azelaico,,,
51241203,Subcarbonato de,,,
51241204,Ácido bórico,,,
51241205,Calamina,,,
51241206,Cloroxina,,,
51241208,Cremas o ungüentos,,,
51241209,Hidroquinona,,,
51241210,Salicilato de metilo,,,
51241211,Minoxidil solución,,,
51241212,Papaina,,,
51241213,Preparación tópica,,,
51241214,Podofilox El PODOFILOX se usa para eliminar las verrugas perianales o,,,
51241215,Resina podofilina,,,
51241216,Piritionato de zinc,,,
51241217,Resorcinol,,,
51241218,Sulfato de selenio,,,
51241219,Tazaroteno,,,
51241220,Tretinoina,,,
51241221,Tripsina cristalizada,,,
51241222,Dimeticona,,,
51241223,Calcipotriene,,,
51241224,Antralina o ditranol,,,
51241225,Preparaciones,,,
51241226,Preparaciones,,,
51241228,Ácido láctico,,,
51241229,Solución sustituta de,,,
51241301,Acetato de aluminio,,,
51241302,Hamamelis o escoba,,,
51241303,Acetato de zinc,,,
51241304,Alumbre de amonio,,,
51241305,Ácido tánico,,,
52101501,Alfombras orientales,,,
52101502,Alfombras,,,
52101503,Alfombras de lana,,,
52101504,Alfombras de,,,
52101505,Alfombras sintéticas,,,
52101506,Alfombras trenzadas,,,
52101507,Tapetes de baño,,,
52101508,Tapetes de entrada,,,
52101509,"Tapetes decorativos Pieza de tejido grueso, de esparto u otro material parecido,",,,
52101510,"Tapetes anti fatiga Pieza de tejido grueso, de esparto u otro material parecido,",,,
52101511,Tapetes de caucho o,,,
52101512,"Esterillas para sillas Tejido grueso de esparto, juncos o palma que sirve",,,
52101513,"Protector de carpetas Dispositivo antideslizante y protector para alfombras. Protector de alfombras,protector de petates Alfombras y felpudos Revestimientos de",,,
52121501,"Colchas Cobertura que sirve de adorno y de abrigo de la cama: Colchas,sobre cama Ropa de cama",,,
52121502,Edredones,,,
52121503,Forros para,,,
52121504,Forros para,,,
52121505,Almohadas,,,
52121506,Rellenos para,,,
52121507,Plumones,,,
52121508,Cobijas,,,
52121509,Sábanas,,,
52121510,"Volantes de cama Tejido doblado de alguna manera, plegado, rizado o fruncido,",,,
52121511,Fundas de edredón,,,
52121512,"Fundas de almohada Saco de tela, generalmente rectangular, usado para cubrir",,,
52121513,Cobertores,,,
52121601,Limpiones,,,
52121602,Servilletas,,,
52121603,Tiras de mesa,,,
52121604,Manteles,,,
52121606,Individuales de mesa,,,
52121607,Faldas de mesa,,,
52121608,Clips para faldas de,,,
52121701,Toallas de baño,,,
52121702,Toallas playeras,,,
52121703,Paños para lavar,,,
52121704,Toallas de manos,,,
52131501,Cortinas,,,
52131503,Colgaduras,,,
52131601,Persianas venecianas,,,
52131602,Persianas enrollables,,,
52131603,Postigos interiores,,,
52131604,Persianas verticales,,,
52131701,Cenefas,,,
52131702,Varillas para cortinas Barras o rieles de cortina permiten colgar cortinas paneladas,,,
52131703,"Remates para varillas Elementos utilizados para limitar el recorrido de una barra. Topes para barras,punta",o bordes para barras,,
52131704,Anillos o ganchos,,,
52141501,Neveras para uso,,,
52141502,Hornos microondas,,,
52141504,Fogones para uso,,,
52141505,Lavadoras de platos,,,
52141506,Congeladores para,,,
52141511,Exprimidores de jugo,,,
52141513,Abrelatas eléctricos,,,
52141516,Freidoras para uso,,,
52141520,Mezcladoras para,,,
52141521,Hornos tostadores,,,
52141522,Tostadoras para uso,,,
52141523,Teteras eléctricas,,,
52141524,Licuadoras para uso,,,
52141525,Hornillas para uso,,,
52141526,Cafeteras para uso,,,
52141527,Cuchillos eléctricos,,,
52141528,Woks eléctricos para,,,
52141529,Moledoras de café,,,
52141530,Partes de máquinas,,,
52141532,Sartenes eléctricos,,,
52141533,Planchas eléctricas,,,
52141537,Olla de cocción lenta,,,
52141538,Calienta comidas,,,
52141546,Extractor de cocina,,,
52141601,Lavadoras de ropa,,,
52141602,Secadoras de ropa,,,
52141603,Planchas de ropa,,,
52141604,Secadoras de calzado Es un dispositivo diseñado para eliminar eficazmente,,,
52141605,"Canastas de ropa Cesto de mimbre ancho de boca que suele tener dos asas Canastas de la ropa sucia,cestos de ropa sucia",,,
52141606,"Cestas de ropa Cesto de mimbre ancho de boca que suele tener dos asas. Cestos de la ropa sucia,canasta de ropa sucia",,,
52141608,Plancha de vapor,,,
52141703,Secadores de pelo,,,
52141706,Secadores de uñas Equipo o mecanismo para secar las uñas Secador de esmalte de uñas Aparatos de baño,,,
52141801,Máquinas de coser,,,
52141803,Cobijas eléctricas,,,
52151502,Platos desechables,,,
52151507,Pitillos desechables,,,
52151601,Rodillos para uso,,,
52151603,Ralladores para uso,,,
52151606,Tablas para cortar,,,
52151607,Tazas medidoras,,,
52151608,Brochas para rociar,,,
52151609,Peladora de,,,
52151610,Cortadores de,,,
52151611,Pinzas de cocina,,,
52151614,Rejillas enfriadoras,,,
52151615,Cortadores de pizza,,,
52151616,Espátulas de cocina,,,
52151617,Cucharas de madera,,,
52151619,Mezclador de masa,,,
52151620,Cernedor para uso,,,
52151622,Pistola pastelera,,,
52151623,Prensa para galletas,,,
52151626,Mandolina para uso,,,
52151627,Exprimidor de ajo,,,
52151628,Tajador de huevos,,,
52151629,Separador de huevos,,,
52151630,Tajadora de queso,,,
52151631,Molino de alimentos,,,
52151632,Embudos de cocina,,,
52151639,Batidora de huevos,,,
52151641,Batidora de crema,,,
52151642,Prensa para masa,,,
52151645,Pincel pastelero para,,,
52151649,Guía para tajar pan,,,
52151650,Escurridores para,,,
52151652,Exprimidores de,,,
52151701,Utensilios para servir,,,
52151702,Cuchillos para uso,,,
52151703,Tenedores para uso,,,
52151704,Cucharas para uso,,,
52151705,Apoya cucharas Estuche para organizar los cubiertos. Portas cubiertos o cucharas Cubertería y cuchillería,,,
52151706,Palillos,,,
52151707,Set de cuchillos para,,,
52151708,Cuchillos para,,,
52151709,Set de cubiertos,,,
52151802,Sartenes para uso,,,
52151803,Cacerolas para uso,,,
52151804,Teteras para uso,,,
52151805,Woks para uso,,,
52151806,Vaporeras para uso,,,
52151807,Ollas para uso,,,
52151808,Ollas a presión para,,,
52151809,Sartenes para sofreír,,,
52151810,Samovares para uso,,,
52151811,Planchas para uso,,,
52151812,Cacerolas para baño,,,
52151901,Moldes para muffins,,,
52151904,Moldes para asar,,,
52151905,Bandejas de horno,,,
52151907,Moldes para hornear,,,
52151908,Cacerolas para pizza,,,
52152001,Jarras para uso,,,
52152003,Tazones de ponche,,,
52152004,Platos para uso,,,
52152005,Platos pequeños,,,
52152006,Bandejas o fuentes,,,
52152007,Tazones para servir,,,
52152008,Teteras o cafeteras,,,
52152010,Frascos al vacío para,,,
52152011,Partes internas de,,,
52152012,"Cubetas para hielo Moldes de caucho y silicona para hacer cubitos de hielo. Bandejas de cubitos de hielo,plato de",,,
52152013,"Saleros, pimenteros",,,
52152014,Sets de garrafas,,,
52152018,Caja de Almuerzo,,,
52152101,Tazas de café o té,,,
52152102,Vasos para beber,,,
52152103,Tazones (“mugs”),,,
52152104,Copas para uso,,,
52152105,Biberones o,,,
52152201,Papel para forrar,,,
52152202,Escurridor de platos,,,
52152203,Cepillo dispensador,,,
52161502,Reproductor de,,,
52161505,Televisores,,,
52161507,Radios reloj Un reloj radiocontrolado es un reloj que se pone en hora,,,
52161508,Reproductores de,,,
52161509,Sistemas de estéreo,,,
52161511,Radios,,,
52161512,Altoparlantes,,,
52161514,Audífonos,,,
52161517,Ecualizadores,,,
52161520,Micrófonos,,,
52161521,Receptores de,,,
52161522,Escáneres de radio,,,
52161524,Receptores de radio,,,
52161525,Control remoto,,,
52161526,Receptores de,,,
52161527,Altavoces activos,,,
52161531,Radio fonógrafos,,,
52161532,Sistemas de karaoke,,,
52161533,Megáfonos,,,
52161535,Grabadoras de voz,,,
52161540,Mezcladores de video Es un dispositivo que toma una o más señales de video y las,,,
52161541,Mezcladores de,,,
52161542,Pantallas de plasma,,,
52161543,Reproductores o,,,
52161601,Almacenador de,,,
52161603,Adaptador de video,,,
52161610,Soporte para,,,
52161611,Soporte para,,,
53101601,Camisas para niño,,,
53101602,Camisa para,,,
53101603,Camisas o blusas,,,
53101604,Camisas o blusas,,,
53101605,Camisas o blusas,,,
53101701,Sweaters para niño,,,
53101702,Sweaters para,,,
53101703,Sweaters para niña,,,
53101704,Sweaters para mujer,,,
53101705,Sweaters para bebé,,,
53101801,Abrigos o chaquetas,,,
53101802,Abrigos o chaquetas,,,
53101803,Abrigos o chaquetas,,,
53101804,Abrigos o chaquetas,,,
53101805,Abrigos o chaquetas,,,
53101901,"Trajes para niño Conjunto masculino de chaqueta, pantalón para niños. Trajes de niño,vestidos de niño Trajes Ropa Ropa, maletas y productos",,,
53101902,"Trajes para hombre Conjunto masculino de chaqueta, pantalón y a veces chaleco. Trajes de hombre,prendas de vestir Trajes Ropa Ropa, maletas y productos",,,
53101903,"Trajes para niña Vestido completo para niñas. Trajes de niña,vstido de niña Trajes Ropa Ropa, maletas y productos",,,
53101904,"Trajes para mujer Conjunto de vestir femenino semejante al del hombre. Trajes de mujer,vestido de mujer Trajes Ropa Ropa, maletas y productos",,,
53101905,"Trajes para bebé Vestido completo para bebés. Trajes de bebé,ropa de bebé Trajes Ropa Ropa, maletas y productos",,,
53102101,Overoles o monos,,,
53102102,Overoles o monos,,,
53102103,Overoles o monos,,,
53102104,Overoles o monos,,,
53102105,Overoles o monos,,,
53102201,Vestidos folclóricos,,,
53102202,Vestidos folclóricos,,,
53102203,Vestidos folclóricos,,,
53102204,Vestidos folclóricos,,,
53102205,Vestidos folclóricos,,,
53102301,Camisetas interiores,,,
53102302,Combinaciones,,,
53102303,Calzoncillos,,,
53102304,Brassieres Es un elemento de ropa interior femenina que consiste en dos,,,
53102305,Pañales para bebé,,,
53102306,Pañales para adulto,,,
53102307,Prendas para dar,,,
53102308,"Forros para pañales Se utilizan para capturar los residuos sólidos en un pañal. Forros de pañales,revestimiento de pañales Ropa interior Ropa Ropa, maletas y productos",,,
53102401,Medias largas,,,
53102402,Calcetines,,,
53102403,"Medias veladas Son medias que cubren, además de las piernas, la parte",,,
53102404,Medias veladas,,,
53102501,Cinturones o tirantes,,,
53102502,Corbatas o pañoletas,,,
53102503,Sombreros,,,
53102504,"Guantes o mitones Es una prenda, cuya finalidad es la de proteger las manos o el",,,
53102505,Sombrillas,,,
53102506,Bandas para el sudor Trozo de tela o gasa largo y estrecho que sirve para secar el,,,
53102507,Ganchos para colgar,,,
53102508,Bandas para los,,,
53102509,Ligas La liga es una cinta o banda de tejido elástico con que se,,,
53102510,Borlas,,,
53102511,Badanas,,,
53102512,Pañuelos,,,
53102513,Bandas para la,,,
53102514,Protectores de,,,
53102515,Forros para botones Elementos que pueden ser confeccioandos por un número de,,,
53102516,Gorras,,,
53102517,Sujeta corbatas,,,
53102518,Cheurones,,,
53102519,Golas,,,
53102520,Hombreras o,,,
53102606,Batas de baño,,,
53102701,Uniformes militares,,,
53102702,Uniformes de,,,
53102703,Uniformes de policías Prendas de vestir diseñadas para el uso del personal policial,,,
53102705,Uniformes de colegio,,,
53102707,Batas de doctor,,,
53102708,Uniformes de,,,
53102710,Uniformes,,,
53102711,Batas para personal,,,
53102712,Uniformes de,,,
53102801,Vestidos de baño,,,
53102802,Vestidos de baño,,,
53102803,Vestidos de baño,,,
53102804,Vestidos de baño,,,
53102805,Vestidos de baño,,,
53102901,Ropa atlética para,,,
53102902,Ropa atlética para,,,
53102903,Ropa atlética para,,,
53102904,Ropa atlética para,,,
53103001,Camisetas (t-shirts),,,
53103101,Chalecos para,,,
53111501,Botas para hombre,,,
53111502,"Botas para mujer Es un tipo de calzado que cubre el pie y parte del tobillo, y en",,,
53111503,Botas para niño,,,
53111504,Botas para niña,,,
53111505,"Botas para bebé Es un tipo de calzado que cubre el pie y parte del tobillo, para",,,
53111601,Zapatos para hombre,,,
53111602,Zapatos para mujer,,,
53111603,Zapatos para niño,,,
53111604,Zapatos para niña,,,
53111605,Zapatos para bebé Es un accesorio de la vestimenta hecho con la intención de,,,
53111701,Pantuflas para,,,
53111702,Pantuflas para mujer Cualquier otro zapato liviano de suela muy delgada para,,,
53111703,"Pantuflas para niño Cualquier otro zapato liviano de suela muy delgada para niños Zapatillas de niño,babuchas de nño Zapatillas Calzado Ropa, maletas y productos",,,
53111704,"Pantuflas para niña Cualquier otro zapato liviano de suela muy delgada para niñas Zapatillas de niña,babuchas de niñas Zapatillas Calzado Ropa, maletas y productos",,,
53111705,Pantuflas para bebé Cualquier otro zapato liviano de suela muy delgada para,,,
53111801,Sandalias para,,,
53111802,Sandalias para mujer,,,
53111803,"Sandalias para niño Tipo de calzado para niño, que existe desde la antigüedad, en",,,
53111804,"Sandalias para niña Tipo de calzado para niña, que existe desde la antigüedad, en",,,
53111805,Sandalias para bebé,,,
53111901,Calzado atlético para,,,
53111902,Calzado atlético para,,,
53111903,Calzado atlético para,,,
53111904,Calzado atlético para,,,
53111905,Calzado atlético para,,,
53112001,Calzadores Es un utensilio que le permite a quien lo use ponerse,,,
53112002,Cordones para,,,
53112003,Almohadillas para,,,
53112004,Estirador de calzado,,,
53112005,Aparato para medir,,,
53112101,Zapatones para,,,
53112102,Zapatones para,,,
53112103,Zapatones para niño Zapato grande para niños de materia elástica en el que se,,,
53112104,Zapatones para niña Zapato grande para niñas de materia elástica en el que se,,,
53112105,Zapatones para bebé Zapato grande para bebés de materia elástica en el que se,,,
53121501,Porta trajes,,,
53121502,Sets de maletas Juegos y sets de maletas para transportar ropa y otros,,,
53121503,Piezas individuales,,,
53121601,Bolsos o carteras,,,
53121602,Tulas,,,
53121603,Morrales,,,
53121605,"Monederos Monedero, saquito o cartera en cuyo interior se lleva dinero",,,
53121606,Estuches para,,,
53121607,"Cigarrilleras Es un estuche utilizado para llevar cigarrillos Pitilleras,cigarrillera Monederos, bolsos de",,,
53121608,Bolsas para compras,"Bolsas de plástico para llevar la compra. Bolsas de la compra,cartucho de las",,
53121701,Maletines Portafolio hace referencia a una maleta para guardar y,,,
53121702,Maletines (“attaches”),,,
53121704,Portafolios Portafolio hace referencia a una maleta para guardar y,,,
53121705,Estuches para,,,
53121706,Maletines para,,,
53121801,Kits de viaje Son los diferentes juegos infantiles usados para entretener a,,,
53121802,Carritos de viaje,,,
53121803,Cepillos de ropa,,,
53131501,Enjuague bucal,,,
53131502,Dentífrico,,,
53131503,Cepillos de dientes,,,
53131504,Seda dental,,,
53131505,Chupos o chupetes,,,
53131506,"Kits dentales Kit o estuche para mantener una higiene dental Juegos de higiene dental, Dentales Artículos de tocador y",,,
53131507,Palillos de dientes,,,
53131508,Tabletas para limpiar,,,
53131509,Refrescadores de,,,
53131601,Gorros de baño,,,
53131602,Artículos para el,,,
53131603,Afeitadoras,,,
53131604,Cepillos o peinillas,,,
53131605,Kits de tocador,,,
53131606,Desodorantes,,,
53131607,Lociones o aceites,,,
53131608,Jabones,,,
53131609,Productos de,,,
53131610,Artículos para el,,,
53131611,Cremas de afeitar,,,
53131612,Geles de baño,,,
53131613,Productos para el,,,
53131614,Productos para el,,,
53131615,Productos para la,,,
53131616,Cremas o lociones,,,
53131617,Implementos para la,,,
53131618,Implementos para la,,,
53131619,Cosméticos,,,
53131620,Perfumes o colonias,,,
53131621,Corta uñas,,,
53131622,Condones,,,
53131624,Paños limpiadores,,,
53131625,Redecillas para el,,,
53131626,Desinfectante de,,,
53131627,"Limpiador de manos Un limpiador de manos sintético, semi viscoso, diseñado para",,,
53131628,Champús,,,
53131629,Kits de maquillaje Set o estuche utilizado en la práctica de decorar la piel y otras,,,
53131630,"Bálsamo labial Manteca labial para tratar los labios, altamente hidratante y",,,
53131631,Tatuajes,,,
53131632,"Marrones calientes Cilindro pequeño y generalmente hueco, de material ligero,",,,
53131633,Hebillas para el pelo,,,
53131634,Productos químicos,,,
53131635,Brochas de afeitar,,,
53131636,Agua de rosas,,,
53131637,Almohadillas de,,,
53131638,Esmalte para uñas,,,
53141501,Alfileres rectos El alfiler es un clavillo que es usualmente de metal con punta,,,
53141502,Imperdibles,,,
53141503,Cremalleras,,,
53141504,Hebillas,,,
53141505,Botones,,,
53141506,Cierres,,,
53141507,Broches,,,
53141508,Remaches para ropa,,,
53141601,Alfileteros Almohadilla pequeña que se usa para clavar en ella alfileres y,,,
53141602,Kits de costura recipiente para contener instrumentos y materiales utilizados,,,
53141603,Dedales Un dedal es un instrumento utilizado en costura que sirve,,,
53141604,Patrones de costura,,,
53141605,Agujas de costura,,,
53141606,Bobinas o sujeta,,,
53141607,Indicadores de,,,
53141608,Aguja pasa cintas,,,
53141609,Pasa presillas,,,
53141610,Sujetadores de tiza,,,
53141613,Papel calcante,,,
53141614,Agujas de bordado,Aguja de coser diseñada para realizar puntadas en la tapicería Agujas de tapicería agujas de tapiz Suministros de costura,,
53141615,Agujas de tejer,,,
53141616,Lanzaderas para,,,
53141617,Lanzaderas para,,,
53141618,Lienzo para bordar,,,
53141619,Varas magnéticas,,,
53141620,Corta costuras Es una pequeña herramienta que se utiliza para descoser las,,,
53141621,Enhebrador de,,,
53141622,Regla para sastrería,,,
53141623,Refuerzo o cerrado,,,
53141624,Textiles o agujas,,,
53141625,Diseños para punto,,,
53141626,Aro para bordado,,,
53141627,Agujas de croché,,,
53141628,Herramientas para,,,
53141629,Alfileres para,,,
54101501,Cadenas de oro o,,,
54101502,Collares de joyería,,,
54101503,Anillos de,joyería,,
54101504,Aretes de joyería fina,,,
54101505,Joyas finas para el,,,
54101506,Brazaletes de joyería,,,
54101507,Tiaras,,,
54101509,Mancornas de,,,
54101510,Mariposas para,,,
54101511,Prendedores de,,,
54101601,Brazaletes,,,
54101602,Collares,,,
54101603,Anillos Es un aro con más o menos decoración que se utiliza como,,,
54101604,Aretes,,,
54101605,"Joyas para el cuerpo Joyas para el cuerpo. Joyería para el cuerpo,piedras preciosas para",,,
54101701,Compuestos,,,
54101703,Molinos de alambre máquina automática para fabricar cadenas. Máquinas para fabricar cadenas Herramientas y,,,
54101704,Mandriles para,,,
54101705,Medidores de,,,
54111501,"Relojes de pulso Es el que se lleva en la muñeca sujeto con una correa de piel,",,,
54111502,Relojes de bolsillo,,,
54111601,Relojes de pared,,,
54111602,Relojes de mesa o,,,
54111603,Relojes verticales Reloj de pie es un tipo de reloj solar que se fundamenta en la,,,
54111604,Relojes de arena,,,
54111701,"Manecillas para reloj Esfera es el círculo del fondo. Esferas de relojes,redondel de relojes",,,
54111702,Cristales para reloj El vidrio de reloj o cristal de reloj es una lámina de vidrio en,,,
54111703,Placas o puentes,,,
54111704,Correas o bandas o,,,
54111705,"Estuches para relojes Elemento utilizado para para guardar relojes, vitrinas,",,,
54111706,Sujetadores para,,,
54111707,Abre estuches para,,,
54111708,Péndulos para relojes,,,
54111709,Kits para reparar,,,
54121501,Diamantes,,,
54121502,Esmeraldas,,,
54121503,Rubíes,,,
54121504,Zafiros,,,
54121601,Granates,,,
54121602,Jades,,,
54121603,Ópalos,,,
54121701,Perlas cultivadas Una perla cultivada es toda perla que ha crecido bajo la,,,
54121702,Perlas naturales,,,
54121801,Diamantes,,,
54121802,Granates industriales,,,
55101502,Directorios,,,
55101503,Catálogos,,,
55101504,Periódicos,,,
55101505,Historietas cómicas,,,
55101506,Revistas,,,
55101510,Libros para,,,
55101513,Tarjetas para,,,
55101514,Partituras,,,
55101516,Manuales operativos,,,
55101518,Diagramas o dibujos,,,
55101519,Publicaciones,,,
55101520,Hojas o folletos de,,,
55101521,Manuales de,,,
55101522,Globos terrestres o,,,
55101523,Libros de ejercicios,,,
55101524,Libros de referencia,,,
55101525,Enciclopedias,,,
55101526,Diccionarios,,,
55101527,Cancioneros,,,
55101528,Libros religiosos Libros con expresiones con que se conocen los libros o,,,
55101531,Códigos legales,,,
55111501,Directorios,,,
55111502,Diccionarios,,,
55111503,Enciclopedias,,,
55111504,Catálogos,,,
55111505,Libros en cintas o en,,,
55111506,Revistas electrónicas,,,
55111507,Periódicos,,,
55111509,Música de fondo,,,
55111510,Películas de cine en,,,
55111511,Películas de cine en,,,
55111512,Música en cintas o,,,
55121501,Etiquetas para el,,,
55121502,Etiquetas de,,,
55121503,Etiquetas de,,,
55121504,"Etiquetas para llaves Son etiquetas identificativas para llaves Etiquetas para llave,señalizador para llaves Rótulos Etiquetado y",,,
55121505,Porta etiquetas o,,,
55121506,Etiquetas de precio,,,
55121601,Kits para remover,,,
55121602,Etiquetas para ropa,,,
55121604,Etiquetas para latas,,,
55121606,Etiquetas auto,,,
55121607,Calcomanías,,,
55121608,Etiquetas de códigos,,,
55121609,Etiquetas para,,,
55121610,Etiquetas numeradas,,,
55121611,Cintas para hacer,,,
55121612,Etiquetas para,,,
55121613,Etiquetas de códigos,,,
55121614,"Etiquetas removibles Etiquetas removibles son autoadhesivas, para pegar con",,,
55121615,Puntos o flechas,,,
55121616,Banderas auto,,,
55121617,Protectores de,,,
55121618,"Porta etiquetas Plástico o sostenedores porta etiquetas. Fundas de etiquetas,fundas de señalizadores Etiquetas Etiquetado y",,,
55121619,Etiquetas no,,,
55121620,Etiquetas,,,
55121621,"Sellos notariales Un sello de forma circular, en seco o gomígrafo, con su",,,
55121701,Placas con,,,
55121703,Señales iluminadas,,,
55121704,Señales de seguridad,,,
55121705,Señales auto,,,
55121706,Pancartas,,,
55121707,Señales magnéticas,,,
55121708,Señales de neón,,,
55121709,Señales con,,,
55121710,Signos de tráfico,,,
55121711,Vallas publicitarias,,,
55121712,Señales direccionales Son los signos usados en la vía pública para muestra del,,,
55121713,Señales de punto de,,,
55121714,Pendones,,,
55121715,Banderas o,,,
55121716,Señales de madera Cartel personalizado con gráficos impresos en,"madera. Señales de madera,señalización de madera Señalización Etiquetado y",,
55121718,Señales informativas,,,
55121719,Componentes de,,,
55121720,Emblemas,,,
55121721,Caracteres de,,,
55121722,"Mástiles de bandera,",,,
55121723,Bases o soportes,,,
55121724,"Bases de banderas Es el apoyo o el sostén donde se colocan las banderas. Bases de banderas,soporte de banderas Señalización Etiquetado y",,,
55121725,Kits de señalización,,,
55121726,Paneles de,,,
55121727,"Letreros Es el aviso publicitario que consta solo de letras, aunque",,,
55121728,Cubiertas de señales Elemento que se utilizar para cubrir los dispositivos para,,,
55121729,Indicadores,,,
55121730,"Señales de accidente Señales de seguridad, los colores y formas de los símbolos",,,
55121731,Marcadores de,,,
55121732,Divisores de tamaño Son elementos utilizados para marcar la numeración de,,,
55121801,Discos de impuestos,,,
55121803,Pasaportes,,,
55121804,Gafetes o porta,,,
56101501,Stands Es el espacio dentro de una feria o salón en el que una,,,
56101502,Sofás Es un mueble utilizado para sentarse confortablemente más,,,
56101503,Armarios para,,,
56101504,Asientos,,,
56101505,Centros de,,,
56101506,Futones,,,
56101507,Bibliotecas Es un mueble contablas horizontales que sirve para,,,
56101508,Colchones o sets,,,
56101509,Vestidores o,,,
56101510,"Divisiones División o reparto que se hace dentro de un mueble. Particiones,separación,partimiento Muebles Muebles de",,,
56101513,Cunas o accesorios,,,
56101514,"Taburetes Es un asiento sin brazos ni respaldo, para colocar los pies de",,,
56101515,Camas,,,
56101516,"Cómodas Es un mueble en forma de caja cerrada, que se destina a",,,
56101518,Estanterías de pared Es un mueble con tablas horizontales que sirve para,,,
56101519,Mesas,,,
56101520,Casilleros (“lockers”),,,
56101521,Cabeceras o pies de,,,
56101522,Sillas de brazos,,,
56101524,"Mesas de plancha Soporte que se utiliza para planchar ropa, que también se le",,,
56101525,Forros para mesas,,,
56101526,"Bar refrigerador Botellero o nevera para almacenar botellas o bebidas. Muebles nevera bar,aparato de nevera bar Muebles Muebles de",,,
56101527,Secadores de linos,,,
56101528,Plantas artificiales,,,
56101529,Revisteros Es un mueble con tablas horizontales que sirve para,,,
56101530,Gabinetes de,,,
56101531,"Zapateras Mueble o parte de un mueble que sirve para guardar zapatos Organizadores de zapatos,organizativo de",,,
56101532,Set de muebles,,,
56101533,"Descansa brazos Pieza de un asiento que sirve para apoyar los brazos. Apoyabrazos,brazo Muebles Muebles de",,,
56101535,Mesas de ruedas Es un mueble que cuenta con ruedas para movilizarse de un,,,
56101536,Trípodes para,,,
56101537,Tocadores,,,
56101538,Mesas o bufetes,,,
56101540,Solterones,,,
56101541,Ventiladores de,,,
56101601,Paraguas para jardín,,,
56101602,Sillas para jardín,,,
56101603,Mesas para jardín o,,,
56101604,Columpios para,,,
56101605,Bancos para jardín,,,
56101606,Materas Soportes decorativos en los que se introducen macetas con,,,
56101607,Secadora de ropa,,,
56101608,Estantes para,,,
56101701,Cajoneras o,,,
56101702,Gabinetes de archivo,,,
56101703,Escritorios,,,
56101704,"Bases para mesas Fundamento o apoyo principal en que descansa la mesa Base de Mesa,soporte de mesa Muebles de oficina Muebles de",,,
56101705,Vitrinas,,,
56101706,"Mesas de conferencia Las mesas de juntas o de reuniones. Mesas de conferencia,escritorio deconferencias Muebles de oficina Muebles de",,,
56101707,Mesas de dibujo,,,
56101708,Archivadores móviles,,,
56101710,Carritos o soportes,,,
56101711,Conectores de,,,
56101712,"Pedestales Soporte prismático destinado a sostener otro soporte mayor,",,,
56101717,Eleva mesas,,,
56101803,Coches de bebé,,,
56101804,Cunas o corrales o,,,
56101805,Asientos de bebé,,,
56101809,Micas o bacinillas Es un recipiente en forma de cuenco empleado para recoger,,,
56101810,Bañeras o tinas para,,,
56101811,Cunas Recipiente bajo y de boca muy ancha que se utiliza para lavar,,,
56101812,Mesas para cambiar,,,
56101813,Asientos para el,,,
56101901,Tapas de muebles o,,,
56101902,Discos movibles para,,,
56101905,Ensamblajes o,,,
56101906,Tablas de extensión,,,
56101907,Fundas para muebles,,,
56111603,Organizadores para,,,
56111701,Escritorios no,,,
56111703,Almacenamiento no,,,
56111704,Organizadores no,,,
56111706,Partes o accesorios,,,
56111707,Repisas no,,,
56111802,Mesas individuales,,,
56111803,Almacenamiento,,,
56111804,Organizadores,,,
56111902,Superficies de,,,
56111904,Organizadores,,,
56111905,Partes o accesorios,,,
56112102,Sillas para grupos de,,,
56112103,"Sillas para visitantes Asientos o sillas para cuando llega algún cliente o huésped. Asientos de Huéspedes,sillas de húespedes Asientos Muebles comerciales",,,
56112104,"Sillas para ejecutivos Mueble o lugar para sentarse; sillas de cuero, sillas de oficina,",,,
56112105,"Sillas para descansar Sillas para salón o comedor. Asientos de Salón,sillas de salón Asientos Muebles comerciales",,,
56112106,"Sillas altas (taburetes) Asiento bajo sin respaldo. Asientos de Banqueta,sillas de gradilla Asientos Muebles comerciales",,,
56112107,Partes o accesorios,,,
56112108,Combinación de,,,
56112109,Bancos,,,
56112110,"Sillas para músicos Asiento pequeño y sin respaldo. Banquetas para músicos,asientos para músicos Asientos Muebles comerciales",,,
56121001,Carritos para libros,,,
56121003,Muebles para,,,
56121004,Unidades de,,,
56121005,Estanterías para,,,
56121006,Bancas tapizadas Bancos Forrardos o revestidos una con tela u otro material,,,
56121007,Tablas de acceso,,,
56121008,Unidades para ojear,,,
56121009,Mesas de lectura,,,
56121010,Kioscos de libros,,,
56121012,Stands de islas,,,
56121014,Bolsas o estantes,,,
56121101,Caballetes Un caballete es un mueble que constituye una ayuda vertical,,,
56121102,Mesas de dibujo,,,
56121201,Camilla de primeros,,,
56121302,Carritos para mover,,,
56121303,Esteras de caucho,,,
56121304,Mesas para planos,,,
56121401,Mesas móviles para,,,
56121402,Mesas móviles para,,,
56121403,Mesas móviles Mueble o mesa de trabajo móviles con ruedas para facilitar su,,,
56121501,Mesas para,,,
56121502,Asientos para aulas,,,
56121503,Bancos para aulas de,,,
56121504,Taburetes para aulas,,,
56121505,Mesas para aulas de,,,
56121506,Pupitres,,,
56121601,Sets de sala de,,,
56121602,Sofás de tamaño de,,,
56121603,Sillones de tamaño,,,
56121604,Pufs de tamaño de,,,
56121606,Esterillas de,,,
56121608,"Catres para niños Cama en forma de caja para niños, por lo general incorporan",,,
56121609,Cargadores de catres,,,
56121804,Escritorio técnico,,,
56121805,Archivos planos,,,
56122001,Bancas de,,,
56122003,Puestos de trabajo,,,
56122004,Unidades de bases,,,
60101001,Kits de matemáticas,,,
60101002,Kits de matemáticas,,,
60101003,Kits de matemáticas,,,
60101006,Kits de matemáticas,,,
60101007,Kits de matemáticas,,,
60101008,Kits de matemáticas,,,
60101009,Kits de matemáticas,,,
60101010,Kits de matemáticas,,,
60101101,Lectores electrónicos,,,
60101103,Globos terráqueos,,,
60101202,Tablas de incentivo,,,
60101204,Tablas de incentivo,,,
60101205,Tarjetas perforadas,,,
60101301,Adhesivos basados,,,
60101302,Adhesivos gigantes Son impresos con cualquier tipo de escenario en papel de,,,
60101304,Adhesivos de fotos Son impresos de fotografías en papel de pegatina para,,,
60101305,Adhesivos de,,,
60101306,Adhesivos,,,
60101307,Adhesivos de formas Son impresos con formas preestablecidas en papel de,,,
60101308,Adhesivos brillantes Son impresos brillantes en papel de pegatina para colocarlo,,,
60101310,Surtidos de,,,
60101311,Libros de adhesivos,,,
60101312,Cajas de adhesivos Recipiente que contiene un material en forma de calcomanía,,,
60101313,Calcomanías para,,,
60101314,Tarjetas didácticas,,,
60101315,Tarjetas didácticas,,,
60101316,Tarjetas didácticas,,,
60101317,Tarjetas didácticas,,,
60101318,Tarjetas didácticas,,,
60101319,Tarjetas didácticas,,,
60101320,Tarjetas didácticas,,,
60101322,Tarjetas didácticas,,,
60101323,Tarjetas didácticas,,,
60101324,Tarjetas didácticas,,,
60101326,Tarjetas didácticas,,,
60101328,Tarjetas didácticas,,,
60101329,Tarjetas didácticas,,,
60101330,Tarjetas didácticas,,,
60101401,Insignias,,,
60101402,Botones de premio Dispositivo que sirve para reconocer los meritos de una,,,
60101403,Coronas de,,,
60101404,Joyas de recompense Cosa que se da por reconocimiento o como premio de un,,,
60101601,Certificados basados,,,
60101602,Certificados en,,,
60101603,Marcos para,,,
60101604,Soportes para,,,
60101605,Cintas para,,,
60101606,Diplomas,,,
60101607,Certificados de,,,
60101608,Certificados de,,,
60101609,Certificados,,,
60101701,Libros de recursos,,,
60101702,Calendarios o,,,
60101704,Libros de actividades,,,
60101706,Guías para planes de,,,
60101707,Guías para el plan de,,,
60101708,Gráficos de tela Elementos que dan a demostrar algun tema en una superficie,,,
60101709,Materiales para,,,
60101710,"Regalos del educador Dádiva que se hace voluntariamente al educador Regalos del educador,obsequios del",,,
60101711,Sellos para calificar Utensilio que sirve para estampar la evaluación obtenida en,,,
60101712,Pases (permisos),,,
60101714,Recursos para tareas,,,
60101715,Libros de ideas Conjunto de muchas hojas de papel u otro material,,,
60101716,Materiales para,,,
60101717,Placas o etiquetas de,,,
60101719,Cartelera con,,,
60101726,Guías de referencia,,,
60101730,Manuales de,,,
60101731,Rollos o tiras de,,,
60101732,Punteros,,,
60101801,Guías de referencia,,,
60101802,Obras de teatro,,,
60101806,Emblemas o,,,
60101807,Rosarios,,,
60101808,Ruedas de oración,,,
60101809,Suministros o kits de,,,
60101810,Patenas,,,
60101811,Vestimentas,,,
60101901,Libros de actividades,,,
60101902,Cubos con el alfabeto,,,
60101904,Kits del alfabeto Conjunto de productos y utensilios para estudiar y aplicar y,,,
60101905,Fichas con letras del,,,
60101906,Postales con el,,,
60101907,Guías de referencia,,,
60101908,Libros de recursos,,,
60101909,Sellos del alfabeto,,,
60101910,Tarjetas del alfabeto,,,
60101911,Alfabetos táctiles Elementos que utilizan el sistema para el material escrito que,,,
60102001,Espejos para uso,,,
60102007,Murales de palabras,,,
60102101,Libros de recursos,,,
60102102,Libros de recursos,,,
60102103,Libros de recursos,,,
60102104,Libros de recursos,,,
60102105,Libros de recursos,,,
60102106,Libros de recursos,,,
60102201,Libros de actividades,,,
60102203,Kit de fonética Conjunto de productos y utensilios suficientes para aplicar y,,,
60102204,Tarjetas de imágenes,,,
60102205,Libros de recursos,,,
60102206,Fichas de fonética,,,
60102301,Libros de actividades,,,
60102302,Libros de lectura,,,
60102304,Libros de literatura,,,
60102305,Habilidades para la,,,
60102306,Flanelógrafos,,,
60102307,Libros de recursos,,,
60102310,Libros de recursos,,,
60102311,Unidades temáticas,,,
60102401,Abacos,,,
60102409,Fichas para juegos,,,
60102410,Tarjetas con números Piezas rectangulas de papel o de carton que llevan impresas,,,
60102502,Modelos de las,,,
60102508,Tableros o gráficas,,,
60102509,Fichas con números,,,
60102510,Kits de números Conjunto de productos y utensilios suficientes para aplicar y,,,
60102511,Rectas numéricas,,,
60102513,Dominós,,,
60102601,Fichas o contadores,,,
60102602,Pirinolas,,,
60102603,Juegos de dados,,,
60102605,Libros de recursos o,,,
60102606,Bloques de atributos,,,
60102611,Juegos de lógica,,,
60102612,Kits o sets de,,,
60102702,Bloques para,,,
60102706,Espejo de bloques,,,
60102708,Bloques lógicos Parquet es un mosaico geométrico de piezas de madera,,,
60102710,Sets de actividades,,,
60102714,Rompecabezas,,,
60102717,Pentominós,,,
60102718,Sets de actividades,,,
60102801,Bloques de base diez,,,
60102804,Sellos de caucho de,,,
60102805,Cuadrículas de valor,,,
60102902,Billetes de juego,,,
60102903,Monedas de juego,,,
60102904,Cubos o dados de,,,
60102905,Dinero magnético,,,
60102906,Filminas de billetes Son elementos que se utilizan para ser visualizado a mayor,,,
60102907,Filminas de monedas Son elementos que se utilizan para ser visualizado a mayor,,,
60102908,Rompecabezas del,,,
60102909,Sellos de caucho del,,,
60102910,Alcancía de monedas,,,
60102911,Kits o juegos del,,,
60102912,Cajas registradoras,,,
60102913,Guías de referencia,,,
60102914,Libros de recursos o,,,
60102915,Sellos de caucho de,,,
60102916,Kits de la hora Conjunto de productos y utensilios suficientes para aplicar y,,,
60102917,Guías de referencia,,,
60103001,Círculos o cuadrados,,,
60103002,Cuadrados de,,,
60103003,Libros de actividades,,,
60103004,Barras de fracciones,,,
60103005,Gráficos de,,,
60103006,Dados de fracciones,,,
60103007,"Juegos de fracciones Ejercicio recreativo sometido a reglas, con la finalidad de ir",,,
60103008,Kits de fracciones Conjunto de productos y utensilios suficientes para aplicar y,,,
60103009,Fichas con fracciones Elementos sólidos que tienen impreso en una de sus caras,,,
60103010,Discos con fracciones Es un elemento circular que en sus bordes tienen cnatidades,,,
60103012,Libro de actividades,,,
60103013,Tarjetas de patrones,,,
60103102,Afiches o cuadros de,,,
60103103,Tableros geométricos,,,
60103110,Guías de referencia,,,
60103111,Espejo geométrico Son elementos que reflejan claramente imágenes de,,,
60103112,Modelos,,,
60103202,Cubos de centímetro Son un conjuntos de cubos de 1 centímetro de diferentes,,,
60103204,Modelos o,,,
60103301,Libros de recursos o,,,
60103401,Afiches o carteles de,,,
60103404,Guías de referencia,,,
60103405,Estantes para mapas Mueble donde se colocan para almacernar y ordenar los,,,
60103406,Kits de plantillas de,,,
60103407,Mapas murales,,,
60103409,Medidores de mapas Un instrumento con una rueda giratoria para medir una línea,,,
60103503,Guías de referencia,,,
60103504,Unidades temáticas,,,
60103603,Recursos de,,,
60103604,Recursos de,,,
60103606,Unidades temáticas,,,
60103801,Libros de recursos,,,
60103802,Afiches o cuadros de,,,
60103803,Libros de recursos,,,
60103804,Mapas históricos Un mapa que muestra las cosas o los acontecimientos del,,,
60103805,Unidades temáticas,,,
60103806,Tarjetas de fotos de,,,
60103807,Libros de recursos,,,
60103808,Recursos de historia,,,
60103809,Recursos de historia,,,
60103903,"Modelos de anfibios Representación abstracta, gráfica o visual de los anfibios Modelos de anfibios,muestra de batracio",,,
60103904,Cultivos de hongos,,,
60103905,Kits o materiales de,,,
60103906,Cultivos de protozoos Crias de un grupo diverso de organismos eucariotas,,,
60103907,Plantas de acuario,,,
60103908,Plantas de terrario Colección de plantas pequeñas que crecen en un recipiente,,,
60103909,Invertebrados vivos Son animales vivos que carecen de columna vertebral y de,,,
60103911,Vertebrados vivos,,,
60103915,Kits o materiales de,,,
60103916,Embriones,,,
60103918,Biosferas,,,
60103920,Kits o materiales,,,
60103921,Especímenes de ciclo,,,
60103922,Guías de referencia,,,
60103926,Afiches o cuadros de,,,
60103929,Especímenes del,,,
60103932,Exhibiciones de,,,
60103934,Cultivos de tejidos,,,
60103936,Sets o diagramas de,,,
60104003,Libros de genética,,,
60104004,Kits de genética Conjunto de productos y utensilios suficientes para aplicar y,,,
60104005,Kits de enseñanza de,,,
60104006,Materiales de prueba,,,
60104007,Kits o materiales de,,,
60104008,Kits o materiales de,,,
60104102,"Modelos de células Representación abstracta, gráfica o visual de las celulas. Modelos de células,plantillas de células Sistemas del cuerpo y",,,
60104103,Kits de enseñanza de,,,
60104201,Productos químicos,,,
60104202,Kits de muestreo y,,,
60104203,"Modelos del agua Representación abstracta, gráfica o visual del agua. Modelos del agua,maquetas de aguas Pruebas del agua,",,,
60104204,Materiales de,,,
60104301,Modelos de,,,
60104302,Diagramas de,,,
60104303,Kits de estudio de,,,
60104401,Sets de especímenes,,,
60104402,"Especímenes de roca Muestra de minerales, normalmente con las características",,,
60104403,Fósiles Son los restos o señales de la actividad de organismos,,,
60104405,"Modelos de fósiles Representación abstracta, gráfica o visual de fósiles. Modelos de fósiles,tipo de reliquias Geología y ciencias de",,,
60104406,Herramientas para,,,
60104407,Mesas de simulación,,,
60104408,Kits de estudio de,,,
60104501,Afiches o cuadros de,,,
60104502,Kits de análisis del,,,
60104503,Kits para clase de,,,
60104504,Kits de demostración,,,
60104505,"Modelos atómicos Representación abstracta, gráfica o visual de los átomos Modelos atómicos,",maqueta molecular,,
60104506,"Modelos moleculares Representación abstracta, gráfica o visual de las moléculas. Modelos moleculares,maquetas moleculares",,,
60104508,Kits de,,,
60104509,Pilas de combustible,,,
60104511,Instrumentos de,,,
60104601,Mesas de fuerzas,,,
60104604,Planos inclinados,,,
60104605,Aparato de fricción,,,
60104606,Carros de física Trabajo para realizar estudios sobre la física. Carreras e investigación de física Materiales de física,,,
60104607,Equipo de péndulo Dispositivo mecánico que oscila bajo la acción gravitatoria u,,,
60104608,Equipo de torque Dispositivo mecánico que aplica un momento sobre el eje,,,
60104610,Mesas de aire,,,
60104611,Equipos de aire Dispositivo mecánico que genera o utiliza un flujo de gases a,,,
60104612,Aparato para luz o,,,
60104701,Dispositivos de,,,
60104702,"Kits solares Conjunto de productos y utensilios suficientes para solares Kits solares,conjunto de parcela o lotes Materiales de física de",,,
60104703,Kits de demostración,,,
60104704,Kits de clases de,,,
60104705,Kits de demostración,,,
60104706,Kits de clases de,,,
60104707,Manómetros,"Instrumento que mide la presión. Manómetros sencillos,indicadores",,
60104708,Aparato de difusión,,,
60104801,Generadores de,,,
60104802,Tanques de ondas,,,
60104803,Fuentes de ondas,,,
60104805,Diapasones,,,
60104806,Demostradores del,,,
60104807,Equipo de resonancia Dispositivo mecánico que emite sonidos producidos por,,,
60104808,Fonómetros Instrumento electrónico para medir la intensidad de los,,,
60104809,Aparato de ondas,,,
60104810,Espectroscopios,,,
60104811,Diagramas del,,,
60104812,Kits de demostración,,,
60104813,Cartas o muestras de,,,
60104814,Radiómetro,,,
60104815,Equipo de refracción,,,
60104816,Sets o kits ópticos Conjunto de elementos y utensilios utilizados para el,,,
60104901,Generadores de van,,,
60104902,Aparato de,,,
60104903,Kits de electrostática Conjunto de productos y utensilios suficientes para el,,,
60104904,Kits de electricidad Conjunto de productos y utensilios suficientes para el,,,
60104906,"Kits de baterías Conjunto de productos y utensilios suficientes para baterías. Kits de batería,paquetes",de pilas Materiales de física de,,
60104907,Generadores,,,
60104908,Aparato de,,,
60104909,Aparato de,,,
60104910,Electroimanes,,,
60104911,Campanas eléctricas,,,
60104912,Alambres o cables,,,
60105001,Sets de,,,
60105002,Contadores geiger,,,
60105003,Aparato de,,,
60105005,Diapositivas de física,,,
60105006,Diagramas de física,,,
60105101,Sets de cohetes Conjunto de elementos y utensilios utilizados para los,,,
60105102,Aparato de,,,
60105103,Dispositivos para la,,,
60105104,Kits de aviones Conjunto de productos y utensilios suficientes para el equipos,,,
60105608,Libros de cocina o,,,
60105622,Simuladores para,,,
60105701,Álbumes de,,,
60105703,Papel para álbumes,,,
60105704,Barras de,,,
60105705,Cinta pegante libre,,,
60105802,Materiales para,,,
60105909,Simuladores de,,,
60105910,Simuladores de,,,
60106101,Materiales didácticos,,,
60106102,Materiales didácticos,,,
60106106,Materiales didácticos,,,
60106107,Materiales didácticos,,,
60106109,Materiales didácticos,,,
60106201,Materiales didácticos,,,
60106202,Materiales didácticos,,,
60106203,Materiales didácticos,,,
60106204,Materiales didácticos,,,
60106206,Materiales didácticos,,,
60106207,Materiales didácticos,,,
60106208,Materiales didácticos,,,
60106209,Materiales didácticos,,,
60106210,Materiales didácticos,,,
60106214,Materiales didácticos,,,
60106301,Kits de ciencias,,,
60106401,Kits de electrónica Conjunto de productos y utensilios suficientes para aplicar y,,,
60111001,Paquetes de gráficos Son una herramienta fácil de utilizar para las presentaciones,,,
60111002,Gráficos para el,,,
60111003,Afiches o sets para el,,,
60111004,Afiches de creación,,,
60111005,Soportes de gráficos,,,
60111101,Sets de carteleras,,,
60111102,Sets de carteleras del,,,
60111104,Sets de carteleras de,,,
60111105,Sets carteleras de,,,
60111106,Sets de carteleras,,,
60111107,Sets de carteleras de,,,
60111108,Sets de carteleras de,,,
60111109,Sets de carteleras de,,,
60111201,Pendones para el,,,
60111202,Paquetes de bordes,,,
60111203,Carteles para el,,,
60111204,Bordes o ribetes,,,
60111206,Bordes o ribetes,,,
60111207,Bordes o ribetes,,,
60111208,Almacenaje de,,,
60111301,Bloques con letras o,,,
60111302,Letras o números,,,
60111303,Letras o números en,,,
60111304,Letras o números,,,
60111305,Letras o números,,,
60111306,Letras o números,,,
60111401,Kits de decoración,,,
60111402,Decoraciones para,,,
60111403,Móviles,,,
60111404,Decoraciones de dos,,,
60111407,Sistemas decorativos,,,
60111409,Botones decorativos,,,
60111410,Figuras o cuerdas,,,
60111411,Aerosoles,,,
60121001,Pinturas,,,
60121002,"Esculturas Elemento que es resultardo del arte de modelar el barro,",,,
60121003,"Estatuas Obra escultórica elaborada a imitación del natural,",,,
60121004,Retratos,,,
60121005,"Dibujos Delineación, figura o imagen ejecutada en claro y oscuro, que",,,
60121006,"Cuadros Imágenes duraderas debidas a la acción de la luz.  Fotografías,retratar,captar,reproducir Arte",,,
60121007,Litografías,,,
60121008,Afiches,,,
60121009,Vasija decorativa,,,
60121010,Pergaminos,,,
60121011,Fotografías Es una imagen creada por la luz que cae sobre una superficie,,,
60121012,Adhesivos,,,
60121101,Papel para dibujo de,,,
60121103,Papel para dibujo de,,,
60121104,Papel bond para,,,
60121105,Papel de dibujo para,,,
60121106,Papel brístol para,,,
60121107,Hojas de papel para,,,
60121108,Cuadernos de papel,,,
60121109,Blocs de papel para,,,
60121110,Papel para pintura,,,
60121111,"Cartulina de sulfito Tipo de papel más grueso que el papel bond. Cartulina de sulfito,cartòn de sulfito",,,
60121112,Cartulina de pasta de,,,
60121113,Cartulina metalizada Tipo de papel más grueso con la particularidad que viene con,,,
60121115,Confeti de plástico o,,,
60121116,Papel crepé para,,,
60121117,Papel de seda para,,,
60121118,Papel corrugado,,,
60121121,Papel fluorescente,,,
60121123,Papel hecho a mano Tipo de papel que su proceso de fabricación fue totalmente,,,
60121124,Papel kraft,,,
60121125,Paneles de lienzo Segmentos de tela que sirve como soporte a las artes,,,
60121126,Lienzo preestirado,,,
60121127,Lienzo imprimado,,,
60121128,Lienzo sin imprimar,,,
60121129,Paneles de madera,,,
60121130,Cuadernos de papel,,,
60121131,Papel japonés para,,,
60121134,Papel metálico,,,
60121135,"Películas de acetato,",,,
60121136,Películas de celofán,,,
60121137,"Hojas de acrílico Hojas resultado de la polimerización del metacrilato de metilo. Hojas acrílicas,láminas",de fibra,,
60121138,Tableros de,,,
60121139,Láminas de paspartú,,,
60121140,Tablero de montaje,,,
60121141,Tablero de montaje,,,
60121143,Tablero para,,,
60121144,Papeles borrador,,,
60121145,Carteles borrador,,,
60121146,Accesorios borrador,,,
60121147,Papel brillante,,,
60121148,Cartones de colores,,,
60121149,Papel vegetal,,,
60121150,Papel de,,,
60121152,Tablillas de escritura,,,
60121153,Hojas de,,,
60121201,Pintura témpera,,,
60121203,Pintura témpera en,,,
60121204,Pintura témpera,,,
60121205,Pastillas de témpera,,,
60121206,Pintura líquida para,,,
60121207,Pintura en pasta,,,
60121208,Pintura de marcador,,,
60121209,Pintura de tatuaje,,,
60121210,Pintura dactilar,,,
60121211,Pintura acrílica estilo,,,
60121212,Pintura acrílica para,,,
60121214,Pinturas o medios al,,,
60121221,Pintura de acuarela,,,
60121222,Pintura de acuarela,,,
60121223,Pintura de acuarela,,,
60121225,Medios para pintura,,,
60121226,Pinceles para,,,
60121227,"Pinceles orientales Pinceles hechos de pelo de cabra, plumas de gallo y de pelo",,,
60121228,Pinceles de utilidad,,,
60121229,Pinceles,,,
60121230,Pinceles de caballete Armazón de madera donde se colocan los pinceles para,,,
60121231,Espátulas de paleta,,,
60121232,Rodillos para,,,
60121233,"Sellos de esponja Utensilio utilizado para estampar la tinta en una superficie,",,,
60121234,Espátulas para,,,
60121235,Pipetas para mezclar,,,
60121237,Paletas para mezclar,,,
60121239,Botellas o tazas para,,,
60121242,Delantales para,,,
60121243,Blusones para,,,
60121244,Tiras extensoras,,,
60121245,Extensores de lienzo Se utiliza para construir un bastidor de madera utilizado por,,,
60121246,Caballetes metálicos Mueble de metal que constituye una ayuda vertical para,,,
60121247,Caballetes de madera Mueble de madera que constituye una ayuda vertical para,,,
60121248,Caballetes de,,,
60121249,Caballetes de,,,
60121250,Portafolio para,,,
60121251,Pintura al gouache,,,
60121252,Bandejas para,,,
60121253,Aerógrafos para arte,,,
60121301,Guillotinas para,,,
60121302,Cortadora de,,,
60121303,Cuchillas para,,,
60121304,Espátulas de artista Herramientas utilizadas por los artístas en su trabajo de,,,
60121305,Cortador rotativo de,,,
60121306,Cortadoras de papel,,,
60121401,Marcos de madera,,,
60121402,Marcos de secciones,,,
60121403,Marcos metálicos,,,
60121404,Marcos de secciones,,,
60121405,Marcos,ajustables,,
60121406,Marcos de plástico Cuadro de plástico con medidas estandares para poner,,,
60121407,Marcos en forma de,,,
60121409,Caja de ingletes,,,
60121410,Dispositivos para,,,
60121411,Paneles acrílicos,,,
60121412,Paneles de vidrio,,,
60121413,Organizadores o,,,
60121415,"Kits de marcos Conjunto de implementos necesarios para un marco. Kits de marcos,accesorios",de cuadros Enmarcado de cuadro,,
60121501,Marcadores a base,,,
60121502,Marcadores de base,,,
60121503,Marcadores lavables Son marcadores que utilizan tintas solubles en agua. Ellos son,,,
60121504,Marcadores para,,,
60121505,Marcadores de tela,,,
60121506,Marcadores,,,
60121508,Marcadores de,,,
60121509,Crayones de cera,,,
60121510,Crayones de base de,,,
60121511,Crayones,,,
60121512,Crayones de acuarela,,,
60121513,Pastel seco,,,
60121514,Pastel de tiza,,,
60121515,Pastel a base de,,,
60121516,Carboncillo,,,
60121517,Carboncillo vine,,,
60121518,Lápices de grafito,,,
60121520,Carboncillos,,,
60121521,Lápices de acuarela,,,
60121522,Bolígrafos de base,,,
60121523,Bolígrafos,,,
60121524,Bolígrafos de gel,,,
60121525,Rapidógrafos,,,
60121526,Bolígrafos para,,,
60121531,Borradores de,,,
60121532,Borradores de goma,,,
60121533,Borradores de vinilo,,,
60121534,Borradores de,,,
60121535,Borradores de goma,,,
60121536,Borrador de crayón Son elementos utilizados para poder limpiar de trazos de,,,
60121537,Plumillas o sus,,,
60121538,Kits de caligrafía Elementos utilizados en el diseño y ejecución de las letras con,,,
60121539,Fijadores de dibujo,,,
60121540,"Telas de dibujo Paño para usar al momento de dibujar para secar,",,,
60121601,Maniquíes de madera Modelo articulado del cuerpo humano usado por los artistas,,,
60121602,Paneles o espejos de,,,
60121603,Placas de fricción de,,,
60121604,Accesorios para,,,
60121605,Modelos anatómicos,,,
60121606,Pantallas de fondo,,,
60121704,Linóleo para,,,
60121705,Bloques de madera,,,
60121706,Bloques sintéticos,,,
60121707,Accesorios para,,,
60121716,Accesorios para,,,
60121717,Punzones para,,,
60121718,Extendedores de,,,
60121801,Tintas para afiches a,,,
60121802,Tintas acrílicas a,,,
60121803,Tintas para serigrafía,,,
60121804,Tintas para textiles a,,,
60121805,Tintas para textiles a,,,
60121810,Tintas para dibujar a,,,
60121811,Tintas para dibujar,,,
60121812,Tintas para caligrafía,,,
60121813,Tintas para serigrafía,,,
60121814,Barnices litográficos,,,
60121901,Muselina,,,
60121902,Fieltro,,,
60121903,Pieles para,,,
60121904,Mezclas de algodón Son telas confeccionadas con diferentes tipos de algodones,,,
60121905,Lienzos estampables,,,
60121906,Estampables,,,
60121907,Estampables de,,,
60121908,Estampables,,,
60121909,Ceras para batik,,,
60121910,"Accesorios para batik Utensilios utilizados para colorear tejidos. Accesorios de batik,implementos de teñido",,,
60121911,Tela para batik,,,
60121912,Difuminadores,,,
60122002,Accesorios para tejer,,,
60122003,Agujas para coser a,,,
60122005,Telares manuales Conjunto de productos y utensilios suficientes para aplicar y,,,
60122006,Telares de mesa,,,
60122007,Telares de piso,,,
60122008,Cordón plástico,,,
60122101,Mechas para la,,,
60122102,Moldes para la,,,
60122103,Accesorios para la,,,
60122201,Materiales para,,,
60122202,Materiales para,,,
60122203,Herramientas para,,,
60122204,Herramientas para,,,
60122301,Juncos para cestería,,,
60122302,Kits para proyectos,,,
60122401,Fragmentos de,,,
60122501,Utensilios para dar,,,
60122502,"Marcos de papel Pieza que rodea, ciñe o guarnece algunas cosas. Marcos de papel,moldura de hojas Manualidades de papel",,,
60122503,Platos o bandejas de,,,
60122504,Filtros de papel,,,
60122505,Formas de cartón,,,
60122506,"Blondas de papel Alfombra ornamental confeccionado de papel. Blondas de papel,encajes de papel,puntillas de",,,
60122601,Azulejos para,,,
60122602,Moldes para,,,
60122603,Herramientas para,,,
60122604,Accesorios para,,,
60122701,Pinturas o medios,,,
60122702,Formas de cobre Diseños variados realizado con un metal de transición de,,,
60122703,Accesorios para,,,
60122704,Hornos para,,,
60122801,Formas para,,,
60122901,Cuentas pequeñas,,,
60122902,Cuentas tipo “pony”,,,
60122903,Cuentas de madera,,,
60122904,Cuentas de paja,,,
60122905,Cuentas de cerámica,,,
60122906,Cuentas de vidrio,,,
60122907,Cuentas surtidas o,,,
60122908,Accesorios de,,,
60122909,Cuentas de plástico,,,
60123001,Formas de icopor,,,
60123002,Utensilios para,,,
60123101,Cañas de felpilla,,,
60123102,Cañas de felpilla de,,,
60123103,Cañas de felpilla,,,
60123201,Lazos de papel Es un elemento utilizado en la actualidad para decorar,,,
60123202,Cintas de seda Es un elemento utilizado en la actualidad para decorar,,,
60123203,Cintas sintéticas Es un elemento utilizado en la actualidad para decorar,,,
60123204,Cintas decorativas Es un elemento utilizado en la actualidad para decorar,,,
60123301,Pompones acrílicos,,,
60123302,Pompones brillantes,,,
60123401,Ojos móviles no,,,
60123402,Ojos móviles,,,
60123403,Ojos móviles,,,
60123502,"Accesorios de cuero Utensilios fabricados a partir del cuero Accesorios de cuero,accesorios de vaquetas Materiales de artesanía",,,
60123601,Pegante de purpurina,,,
60123602,Puntos de purpurina,,,
60123603,Joyas de purpurina,,,
60123604,Purpurina de plástico,,,
60123605,Purpurina iridiscente,,,
60123606,Purpurina metálica,,,
60123701,"Cordón de macramé Cuerda de un material filiforme con nudos decorativos. Cordón de macramé,cordel",de macramé,,
60123702,Cuentas para,,,
60123703,Accesorios para,,,
60123801,Tintas para veteado,,,
60123802,Accesorios para,,,
60123901,Lentejuelas o ribetes,,,
60124001,Planchas de corcho,,,
60124002,Tapones de corcho o,,,
60124101,Productos de pintura,,,
60124201,"Esculturas de mylar Obras de arte realizadas con polímero termoplástico. Esculturas de mylar,estatua de",,,
60124301,Arcilla húmeda,,,
60124302,Arcilla seca cocida en,,,
60124303,Mobiliario para,,,
60124304,Hornos para a,,,
60124308,Conos para hornos,,,
60124309,Paletas de alfarería Herramienta utilizada por los alfareros para confeccionar sus,,,
60124311,Utensilios para,,,
60124312,Azulejos de cerámica,,,
60124317,"Masa para modelado Es la pasta utilizada para crear las ceramicas. Masa de modelado,pasta de moldeado",,,
60124318,"Papel maché  Tipo de papel que se utiliza en la elaboración de objetos,",,,
60124320,Compuestos de yeso Es el barro semilíquido que usan los contratistas para rellenar,,,
60124322,Compuestos para,,,
60124324,Kits para modelado,,,
60124401,Hoja fina de metal,,,
60124402,Hoja fina de metal,,,
60124403,Alambre de aluminio,,,
60124404,Hoja fina de metal,,,
60124405,Alambre de latón Se produce a partir del alambrón y mediante un proceso de,,,
60124406,Placas o láminas de,,,
60124407,"Alambre de plata Hilo de plata, obtenido por trefilado. Alambre de plata,cable de guita Metales de artesanía",,,
60124408,Bolitas de peltre  Son cada una de las bolas de plomo que constituyen,,,
60124409,Lingotes de peltre,,,
60124410,Placas de láminas de,,,
60124411,Alambre de cobre,,,
60124412,Alambre suave,,,
60124501,"Envoltura de yeso Es un tipo de venda de yeso que se utiliza para moldear. Camisa de yeso,blusa de lechada,camisa de cal Suministros y",,,
60124502,Resinas para vaciado,,,
60124503,Accesorios para,,,
60124504,Repisas para,,,
60124505,Ampollas o,,,
60124507,Arena para jugar Es una piedra triturada que se utiliza para que los niños,,,
60124509,Sets de vehículos Conjunto de carros de juguetes para que los niños puedan,,,
60124510,Sets de vías de agua,,,
60124512,Escúter,,,
60124513,Bolsitas de fríjoles,,,
60124514,Juguetes táctiles,,,
60124515,Juguetes cognitivos Son juguetes diseñados para que los niños puedan procesar,,,
60131001,Pianos,,,
60131002,"Acordeones Instrumento musical de viento, de origen polaco, conformado",,,
60131003,Órganos musicales,,,
60131004,Celestas Instrumento musical con la apariencia de un,,,
60131101,Trompetas,,,
60131102,Trombones,,,
60131103,Sousafones,,,
60131104,Saxofones,,,
60131105,Silbatos Instrumento de viento de una única nota que produce,,,
60131106,Clarines,,,
60131107,Saxhorno,,,
60131108,Cornos franceses,,,
60131109,Melófonos,,,
60131110,Trompas alto,,,
60131111,Bombardinos,,,
60131112,Fiscornos,,,
60131201,Clarinetes,,,
60131202,Oboes,,,
60131203,Flautas musicales,,,
60131204,"Flautines Es un instrumento idéntico a la flauta, pero de dimensiones",,,
60131205,Cornetas musicales,,,
60131206,Gaitas,,,
60131207,Armónicas,,,
60131208,Mirlitones,,,
60131209,Cornos ingleses,,,
60131210,Ocarinas,,,
60131301,Clavecines,,,
60131302,Clavicordios,,,
60131303,Guitarras,,,
60131304,Violines Instrumento de cuerda frotada que tiene cuatro cuerdas. Las,,,
60131305,Arpas,,,
60131306,Banyos,,,
60131307,Mandolinas,,,
60131308,Violonchelos,,,
60131309,Bajos Es un instrumento de cuerda frotada de tesitura grave. Suele,,,
60131401,Platillos,,,
60131402,Campanas,,,
60131403,Panderetas,,,
60131404,"Castañuelas Son un instrumento musical de percusión, de madera,",,,
60131405,Tambores,,,
60131406,Xilófonos,,,
60131407,Vibráfonos,,,
60131501,Metrónomos,,,
60131502,Lengüetas,,,
60131503,Cuerdas o plectros,,,
60131504,Clavijas de afinación Son pernos de ajuste que pueden ser utilizados con cualquier,,,
60131508,Cajas musicales o,,,
60131509,Boquillas,,,
60131511,Sordinas,,,
60131512,Barras de afinación Son instrumentos utilizados para la afinación de un,,,
60131513,Batutas Es un corto y fino palillo del cual se sirve la mayoría de,,,
60131514,Almohadillas de,,,
60131601,Sets de grupos de,,,
60131701,"Tubos de percusión Son tubos de plástico ligeros, huecos, con código de color,",,,
60131702,"Golpecitos de disco Son los elementos utilizados para el tap. Golpecitos de disco,golpe ligero de",,,
60131801,Velos para danza Es una toca o especie de mantilla que utilizan las mujeres,,,
60131802,Palitos de ritmo,,,
60131803,Aros o bastones de,,,
60141001,Globos o pelotas de,,,
60141002,Muñecas,,,
60141003,Casas de muñecas Es una casa de juguete en miniatura. Casas de muñecas Juguetes Juguetes y juegos,,,
60141004,Animales o títeres de,,,
60141005,Casas de juego,,,
60141006,Bloques de,,,
60141007,Juguetes para montar,,,
60141008,Juguetes para jalar,,,
60141009,Kits de ciencias para,,,
60141010,"Vehículos de juguete Son juguetes que imitan carros reales, pero están diseñados",,,
60141011,Trenes de juguete,,,
60141012,Juguetes inflables Son juguetes de diferentes formas que para poder utilizarse,,,
60141013,Partes o accesorios,,,
60141014,Yoyós,,,
60141015,Cometas,,,
60141016,Tazos,,,
60141017,Caleidoscopios,,,
60141018,Pompones Bola de lana o de otro género con que se adornan extremos,,,
60141019,Piñatas,,,
60141020,Bumeranes Es un juguete que tras ser lanzada regresa a su punto de,,,
60141021,Discos voladores,,,
60141022,Baldes de juguete,,,
60141023,Juguetes para el baño Son juguetes diseñados para estar dentro del baño mientras,,,
60141024,Sonajeros,,,
60141025,"Armas de juguete Son juguetes que imitan armas reales, pero están diseñados",,,
60141026,Trompos,,,
60141101,Juegos educativos,,,
60141102,Juegos de mesa,,,
60141103,Naipes,,,
60141104,Juegos de video,,,
60141105,Rompecabezas,,,
60141106,Dados,,,
60141107,Bingo,,,
60141108,Juegos clásicos Son los juegos antes de todo el desarrollo digital.,,,
60141109,Juegos colaborativos,,,
60141110,Juegos de estrategia,,,
60141111,Accesorios para,,,
60141112,Libros de juegos,,,
60141113,Juegos de lotería Es un juego que puede ser público mediante billetes y sorteos,,,
60141114,Juegos de memoria Juego de cartas o barajas con dos barajas iguales para poder,,,
60141115,"Kits de juegos Conjunto de juegos para poder seleccionar uno. Kits de juegos,paquete de entretenimiento Juegos Juguetes y juegos",,,
60141202,Piscinas de pelotas y,,,
60141203,"Casitas de juego Es un objeto en forma de casita para jugar y entretener,",,,
60141204,Triciclos o carretillas,,,
60141205,zonas acolchadas de,,,
60141302,Sets de construcción,,,
60141303,Esteras para juegos,,,
60141304,Sistemas de trenes o,,,
60141305,Bloques de unidades,,,
60141306,"Vehículos de juego Es un objeto en forma de carro para jugar y entretener,",,,
60141307,"Animales de juguete Es un juguete de tela relleno de algodón, habas, u otro",,,
60141401,Disfraces o,,,
60141402,"Centros para vestirse Son las instalaciones físicas donde se puede recibir,",,,
60141404,Platos de comida de,,,
70101501,Operaciones de,,,
70101503,Instalaciones,,,
70101504,Operaciones de,,,
70101505,Pesca por sonar,,,
70101506,Pesca de ballenas Es la caza de ballenas principalmente para la carne y el aceite.,,,
70101507,Pesca de arrastre Es el método de pescar que involucra halar las redes de pesca,,,
70101508,Pesca con sedal y,,,
70101509,Pesca con redes,,,
70101510,Redes de pesca,,,
70101605,Administración de la,,,
70101606,Cooperativas de,,,
70101703,Producción pesquera,,,
70101704,Almacenamiento de,,,
70101801,Recursos de la pesca,,,
70101802,Recursos de,,,
70101803,Criadero de peces,,,
70101804,Fincas piscícolas,,,
70101901,Maricultura,,,
70101902,"Ostricultura La ostricultura es la cría de las ostras. Ostricultura,crìa de ostras Acuicultura Pesquerías y",,,
70101903,"Cría de mariscos La acuicultura es la cría de peces, mariscos y plantas marinas",,,
70101904,Cultivo de camarones,,,
70101905,Piscicultura,,,
70111503,Servicios de poda de,,,
70111504,Servicios de,,,
70111505,Servicios de cirugía,,,
70111506,Servicios de,,,
70111601,Servicios de,,,
70111602,Servicios de vivero,,,
70111603,Servicios de,,,
70111704,Servicios de asesoría,,,
70111708,Servicios de,,,
70111709,Servicios de siembra,,,
70111710,Servicios de corte de,,,
70111711,Servicios de siembra,,,
70121501,Administración de,,,
70121502,Fomento de la,,,
70121503,Tecnología lechera,,,
70121505,Elaboración propia,,,
70121601,Cría de ganado,,,
70121602,Servicios de genética,,,
70121603,Sericultura,,,
70121604,Explotación ganadera,,,
70121605,Sistemas de cría en,,,
70121608,Servicios de,,,
70121610,Apicultura,,,
70121701,Selección ganadera Técnica de control reproductivo mediante la cual el hombre,,,
70121702,Servicios de,,,
70121703,Servicios de sacrificio,,,
70121704,Administración de,,,
70121705,Servicios de cría y,,,
70121801,Servicios de cría de,,,
70121803,Servicios de,,,
70121901,Mejoramiento de,,,
70121902,Manejo de pasturas Administración de tierras generalmente acotada y por lo,,,
70121903,Investigación de,,,
70122001,Nutrición animal,,,
70122003,Tripanosomiasis,,,
70122004,Servicios de control,,,
70122006,Servicios de,,,
70122007,Administración,,,
70131503,Servicios de control,,,
70131504,Fijación de dunas Servicio de acumulación de arena en determinado sitio de,,,
70131505,Acondicionamiento,,,
70131506,Mejoramiento del,,,
70131602,Servicios de,,,
70131603,Servicios de arado Organizacion y persona destinada a relizar los cultivos de los,,,
70131701,Planificación de,,,
70131702,Evaluación de tierras La evaluación de tierras se refiere a la apreciación de su,,,
70131703,Recuperación de,,,
70131705,Clasificación del,,,
70131706,Ordenación de las,,,
70131707,Análisis de fertilidad,,,
70131708,Pedología,,,
70141502,Hidroponía,,,
70141503,Producción de,,,
70141504,Producción de,,,
70141506,Producción de cacao Procreación de cacao (fruta tropical con la que se produce el,,,
70141508,Producción de,,,
70141510,Producción de,,,
70141511,"Producción de fruta Siembra, selección, cosecha, limpieza, secado,",,,
70141512,Producción de,,,
70141513,Producción de,,,
70141514,Producción de,,,
70141515,Producción de raíces,,,
70141516,Producción de,,,
70141517,Producción de,,,
70141518,Producción de,,,
70141519,Producción de,,,
70141520,Producción de,,,
70141602,Servicios de control,,,
70141603,Servicios de control,,,
70141604,Servicios de,,,
70141605,Servicios de manejo,,,
70141606,"Fitopatología Estudio de las plantas. Patología de plantas,anomalogía de",,,
70141607,Control de langostas,,,
70141701,Servicios de,,,
70141702,Servicios de,,,
70141703,Administración de,,,
70141704,Sustitución de,,,
70141705,Servicios de,,,
70141706,Especialización de,,,
70141709,Servicios de,,,
70141710,Entomología de,,,
70141802,Servicios de brotes o,,,
70141803,Servicios de cultivos,,,
70141804,Servicios de siembra,,,
70141902,Servicios de cosecha,,,
70141903,Servicios de cosecha,,,
70141904,Servicios de cosecha,,,
70142001,Servicios relativos a,,,
70142002,Servicios de secado,,,
70142009,Servicios de,,,
70142010,Servicios de limpieza,,,
70151502,Control de plagas,,,
70151505,Inventario forestal Es el conteo ordenado de la vegetación que se tiene en,,,
70151506,Seguimiento o,,,
70151507,Servicios de,,,
70151508,Servicios de,,,
70151509,Gestión de viveros,,,
70151510,Planificación,,,
70151602,Producción de,,,
70151603,Servicios de,,,
70151604,Producción de,,,
70151605,Producción forestal,,,
70151606,Servicios de prueba,,,
70151701,Corte o tala de,,,
70151702,Cosecha forestal de,,,
70151704,Cosecha de,,,
70151706,Cosecha de bosques,,,
70151707,Cosecha de bosques,,,
70151802,Servicios de,,,
70151807,Control de las,,,
70151901,Desarrollo de los,,,
70151902,Recursos,,,
70151903,Recursos de madera,,,
70151904,Silvicultura,,,
70151907,Plantaciones de,,,
70151910,Recursos de,,,
70161501,Protección de la,,,
70161601,Protección de la flora Medidas tomadas integralmente para proteger las plantas de,,,
70161701,Servicios de,,,
70171505,Aprovechamiento de,,,
70171601,Gestión de la calidad,,,
70171602,Servicios de pruebas,,,
70171603,Manejo de suelos,,,
70171605,Servicios de asesoría,,,
70171607,Servicios de tasación,,,
70171708,Servicios de asesoría,,,
70171801,Servicios de drenaje,,,
70171802,Drenaje de agua,,,
71101501,Desarrollos mineros,,,
71101601,Profundización de,,,
71101602,Servicios de voladura,,,
71101701,Servicios de minería,,,
71101702,Servicios de minería,,,
71101705,"Bombeo o drenaje Bombeo de productos a pozos, tanto de elaboración propia",,,
71101706,Eliminación de,,,
71101708,Servicios de baldeo,,,
71101709,Servicios de relleno,,,
71112003,Servicios de,,,
71112009,Servicios de rayos,,,
71112010,Servicios de,,,
71112014,Servicios de,,,
71112025,Servicios de colisión,,,
71112030,Servicios de,,,
71112031,Servicios de tubos,,,
71112101,Servicios de registro,,,
71112105,Servicios de registro,,,
71112106,Servicios de registro,,,
71112111,Servicios de registro,,,
71112113,Servicios de registro,,,
71112116,Servicios de registro,,,
71112119,Servicios de registro,,,
71112203,Servicios de registro,,,
71112206,Servicios generales,,,
71112310,Servicios sísmicos de,,,
71112311,Servicios sísmicos de,,,
71112312,Servicios sísmicos de,,,
71112313,Servicios sísmicos de,,,
71112315,Servicios sísmicos de,,,
71112317,Servicios sísmicos de,,,
71112319,Servicios sísmicos,,,
71112320,Servicios sísmicos de,,,
71112321,"Servicios geológicos Científicos estudian los terreno, sus recursos naturales, y los",,,
71121004,Servicios de filtrar de,,,
71121017,Servicios de control,,,
71121019,Servicios de enlechar,,,
71121020,Servicios de aditivos,,,
71121021,Servicios de diseño,,,
71121022,Servicios de limpieza,,,
71121023,Servicios de,,,
71121109,Servicios de alcance,,,
71121121,Servicios abrasivos,,,
71121509,Pozos dirigidos,,,
71121510,Servicios de,,,
71121511,Servicios de registro,,,
71121609,Servicios de,,,
71121616,Supervisión de,,,
71121636,Servicios de equipo,,,
71122112,Servicios de control,,,
71122301,Servicios de buceo,,,
71122408,Servicio de pruebas,,,
71122505,Servicios de pruebas,,,
71122604,Servicios del hoyo,,,
71122706,Servicios de achique,,,
72101501,Servicios de todero,,,
72101502,Servicios de,,,
72101503,Servicios de,,,
72101505,Servicios de,,,
72101508,Servicio de limpieza,,,
72101601,Instalación o,,,
72101602,Instalación de,,,
72101604,Metalistería de,,,
72101605,Levantamiento o,,,
72101606,Instalación de,,,
72101702,Servicios de lechada,,,
72101703,Construcción de,,,
72101704,"Cimentación,",,,
72101801,Limpieza con chorro,,,
72101802,Hidroaspiración a,,,
72101803,Limpieza a vapor,,,
72101901,Diseño o decoración,,,
72101902,"Enyesado o pirca Servicio para igualar o allanar con yeso las paredes, suelos,",,,
72102001,Calafateo Servicio para la instalación de materiales de sellado entre dos,,,
72102004,Impermeabilización Servicio de proteger algún elemento contra la penetración del,,,
72102005,Ignifugación de,,,
72102006,Envoltura de tuberías Servicio de preparación de tuberías para ser utilizadas dentro,,,
72102102,Servicios de control,,,
72102104,Control estructural,,,
72102105,Captura de animales,,,
72102106,Control de roedores,,,
72102208,Tendido de cables Servicio utilizado para suspender los cables eléctricos entre,,,
72102209,"Arrastre de cables Soporte electrico para el arrastre de cables. servicios electricos,arrastre de cables,cable",,,
72102401,Servicios de pintura,,,
72102402,Servicios de pintura,,,
72102501,Mampostería de,,,
72102504,Construcción de,,,
72102505,Frescos Servicio que utiliza una técnica de pintura de mural ejecutada,,,
72102506,Acústica,,,
72102507,Instalación de,,,
72102601,Carpintería rústica Servicio de trabajo en madera de manera artesanal para,,,
72102603,Servicio de,,,
72102703,Servicios de limpieza,,,
72102901,Servicios de retirar la,,,
72102902,Servicios de,,,
72102903,Servicios de,,,
72102905,Mantenimiento de,,,
72103002,Servicios de nivelado,,,
72103003,Servicios de,,,
72103004,Servicios de,,,
72131501,Construcción de,,,
72131502,Construcción casera,,,
72131601,Construcción de,,,
72131702,Construcción de,,,
73101614,Servicios de,,,
73101901,Servicios de,,,
73111501,Servicios de,,,
73111601,Servicios de,,,
73121505,Servicios de forja de,,,
73121508,Servicios de,,,
73121601,Servicios de corte de,,,
73121602,Servicios de herrería,,,
73121606,Servicios de forja de,,,
73121608,Servicios de,,,
73121610,Servicios de herrería,,,
73121611,Servicios de,,,
73121613,Servicios de,,,
73131502,Servicios de,,,
73131507,Servicios de,,,
73131508,Servicios de,,,
73131606,Servicios de,,,
73131607,Servicios de,,,
73131701,Servicios de limpieza,,,
73131702,Servicios de rociado,,,
73141601,Servicios de,,,
73141602,Servicios de,,,
73141706,Servicios de teñido o,,,
73141709,Servicios de curtido,,,
73141713,Servicios de géneros,,,
73141714,Servicios de hilo o,,,
73141715,Servicios de costura,,,
73151501,Servicios de cadena,,,
73151601,Servicios de plantas,,,
73151606,Servicios de,,,
73151801,Servicios de,,,
73151802,Servicios de corte en,,,
73151803,Servicios de corte a,,,
73151804,"Servicios de plegado Servicio de aumentar algo, haciéndolo otro tanto más de lo",,,
73151805,Servicios de,,,
73152001,Servicios de llenado,,,
73152002,Servicios de llenado,,,
73152003,Servicios de llenado,,,
73152004,Servicios de llenado,,,
73181001,"Servicios de tornería Servicio de tornear o darle forma a un objeto o materail, a",,,
73181004,Servicios de fresado,,,
73181005,Servicios de,,,
73181006,Servicios de,,,
73181007,Servicios de,,,
73181008,Servicios de,,,
73181009,Servicios de tarraja,,,
73181010,Servicios de láser Servicio para labrar utilizando un laser. Servicios de Láser Servicios de maquinado,,,
73181011,"Servicios de doblado Servicio de aumentar algo, haciéndolo otro tanto más de lo",,,
73181012,"Servicios de fresado Servicio de quebrantar un cuerpo, reduciéndolo a",,,
73181014,"Servicios de pulida Servicio de alisado o dar tersure y lustre a algo Servicios de Pulir,servicios de lijar Servicios de maquinado",,,
73181015,Servicios de corte,,,
73181016,Servicios de corte,,,
73181017,Servicios de corte,,,
73181018,Servicios de corte,,,
73181019,Servicios de,,,
73181021,Servicios de fresado Servicio de eliminación de material de la superficie de un,,,
73181022,Servicios de,,,
73181023,Servicio de afilado Servicio de sacar filo o hacer más delgado o agudo el de un,,,
73181101,Servicios de electro,,,
73181102,Servicios de bañado,,,
73181103,Servicios de,,,
73181104,"Servicios de pintura Servicios para depositar un sustrato sobre otro superficie,",,,
73181106,Servicios de,,,
73181202,Servicios de hidro,,,
73181301,servicios de temple y,,,
73181302,Servicios de recocido,,,
73181303,Servicios de,,,
73181901,Servicios de,,,
73181904,Servicios de,,,
73181908,Servicios de,,,
76101502,Servicios de limpieza,,,
76111501,Servicios de limpieza,,,
76111505,Servicios de limpieza,,,
76111602,Limpieza de,,,
76111603,Limpieza de,,,
76111604,Encerado de pisos y,,,
76111701,Servicios de limpieza,,,
76111801,Limpieza de carros o,,,
76121503,Servicios de limpieza,,,
76121601,Vertedero de basuras Son aquellos lugares donde se deposita finalmente la basura.,,,
76121602,Operaciones de,,,
76121603,Eliminación de,,,
76121702,Servicios de,,,
76121801,Servicios de reciclaje,,,
76121901,Eliminación de,,,
76121903,Destoxificación,,,
76131601,Confinación de,,,
77101501,Evaluación riesgos o,,,
77101502,Estándares,,,
77101505,Monitoreo ambiental,,,
77121501,Gestión de la calidad,,,
77121506,Control del metano,,,
77121508,Monitoreo de,,,
77131601,Servicios de control,,,
78101501,Transporte nacional,,,
78101503,Transporte aéreo,,,
78101705,Transporte marítimo,,,
78101804,Servicios de,,,
78101901,Transporte aéreo a,,,
78101902,Transporte marítimo,,,
78102102,Transporte de agua Es el traslado intencional de un lugar a otro de agua a través,,,
78102201,Servicios de entrega,,,
78102202,Servicios de,,,
78111501,Servicios de,,,
78111502,Viajes en aviones,,,
78111503,Viajes en aviones,,,
78111602,Transporte en metro,,,
78111701,Taxis acuáticos,,,
78111702,Cruceros nocturnos Buques de pasajeros que hace su trayectoria en horas de la,,,
78111803,Servicios de buses,,,
78111804,Servicios de taxi,,,
78111807,Tarifas del,,,
78111808,Alquiler de vehículos Dar un vehículo para ser usado por un tiempo a cambio de,,,
78121501,Contenedorización,,,
78121502,Servicios de embalaje Servicio de acomodo de los materiales que se van a,,,
78121601,Carga y descarga de,,,
78121602,"Servicios de pesaje Determinación del peso de un cuerpo. Servicios de pesaje,servicios de comunicación Servicios de manejo de",,,
78131501,Servicios de silos,,,
78131502,Servicios de,,,
78131602,Almacenaje de,,,
78131603,Almacenaje de,,,
78131701,Servicios de,,,
78131801,Almacenaje,,,
78131803,Almacenaje de,,,
78131805,Almacenaje de,,,
78141501,Servicios de,,,
78141502,Servicios de agentes,,,
78141602,Servicios de,,,
78141603,Inspecciones de,,,
78141701,Servicios de,,,
78141702,Operaciones de,,,
78141801,Servicios de estiba,,,
78141802,Servicios de atraque,,,
78141803,Servicios de tiendas,,,
78180102,Reparación de,,,
78180104,Reparación del tren,,,
78180201,Servicios de,,,
78180302,Almacenamientos de,,,
78180303,Servicios de,,,
80101701,Servicios de gestión,,,
80101707,Servicios de cabildeo,,,
80111503,Relaciones laborales,,,
80111504,Formación o,,,
80111506,Reubicación de,,,
80111507,Servicios de empleo,,,
80111611,Personal,temporal,,
80111612,Conductores,,,
80111613,Trabajadores,,,
80111614,Servicios temporales,,,
80111615,Personal maquinista,,,
80111616,Personal temporal,,,
80111617,Servicios temporales,,,
80111618,Servicios temporales,,,
80111619,Servicios creativos,,,
80111705,Personal maquinista,,,
80111714,Conductores,,,
80111715,Personal profesional,,,
80121602,Servicios legales de,,,
80121603,Derecho societario,,,
80121606,Derecho inmobiliario Servicio jurídico a contratar para comprender y asesorar,,,
80121607,Derecho tributario,,,
80121608,Derecho de fusiones,,,
80121609,Servicios de,,,
80121703,Servicios legales de,,,
80121704,Servicios legales,,,
80121801,Servicios sobre,,,
80121802,Servicios legales,,,
80121803,Derecho migratorio,,,
80131501,Arrendamiento de,,,
80131503,Arrendamientos de,,,
80131601,Corredores o,,,
80131602,Subasta inmobiliaria Inmuebles que habitualmente provienen de embargos y que,,,
80131603,Venta de tierras,,,
80131605,Venta de edificio,,,
80131702,Servicios de estudio,,,
80131801,Administración de,,,
80131802,Servicios de avalúo,,,
80131803,Servicios de listado,,,
80141501,Análisis de mercados,,,
80141503,Previsión de precios,,,
80141505,Planes de,,,
80141601,Servicios de,,,
80141602,Servicios de,,,
80141603,Telemercadeo,,,
80141605,Mercancía,,,
80141606,Cumplimiento del,,,
80141607,Gestión de eventos Es la aplicación de gestión de proyectos para la creación y,,,
80141610,"Liquidaciones Saldar, pagar enteramente una cuenta, Liquidar,saldar,rebajar,ajustar Actividades de ventas y",,,
80141612,Programas de venta,,,
80141613,Programas posventas,,,
80141621,Automovilismo,,,
80141622,Servicios de talleres,,,
80141701,Servicios de venta,,,
80141704,Operaciones de,,,
80141705,Servicios de subastas,,,
80141803,Servicio de escritura,,,
80141902,Reuniones y eventos,,,
80141903,Talento o,,,
80161503,Servicios de entrada,,,
80161504,"Servicios de oficina Servicios para desempeñar un cargo administrativo Servicios administrativos,servicios de",,,
80161506,Servicios de archivo,,,
80161507,Servicios,,,
81101501,Ingeniería de pozos,,,
81101502,Dibujo técnico,,,
81101503,"Ingeniería de puertos Ingenieria especializada en instalaciones de carga, descarga,",,,
81101505,Ingeniería estructural,,,
81101506,Arquitectura naval,,,
81101507,Ingeniería de,,,
81101508,Ingeniería,,,
81101509,Ingeniería,,,
81101510,Ingeniería de,,,
81101511,Ingeniería ferroviaria,,,
81101601,Dibujo mecánico,,,
81101603,Diseño de máquinas,,,
81101605,Servicios,,,
81101701,Servicios de,,,
81101702,Diseño de circuitos,,,
81101703,Servicios de pruebas,,,
81101801,Ingeniería de,,,
81102001,Minería hidráulica,,,
81102101,Ingeniería de costas,,,
81102201,Ingeniería de tráfico,,,
81102202,red de transporte,,,
81102203,Vías de navegación,,,
81102301,Diseño de aviónica,,,
81111601,Programación para,,,
81111602,Programación para,,,
81111603,Programación para,,,
81111604,Programación para,,,
81111605,Programación para,,,
81111606,Programación para,,,
81111607,Programación para,,,
81111608,Programación para,,,
81111609,Programación para,,,
81111610,Programación para,,,
81111611,Programación para,,,
81111613,Programación para,,,
81111704,Diseño de bases de,,,
81111705,Arquitectura de,,,
81111706,Servicios de,,,
81111806,Servicio de análisis,,,
81111807,Almacenamiento de,,,
81111808,Servicio de análisis,,,
81111814,Servicio de,,,
81111818,Garantía de terceros,,,
81112003,Servicios de centros,,,
81112005,Servicio de escaneo,,,
81112010,Servicio de,,,
81112103,Servicios de diseño,,,
81112107,Nombres de los,,,
81112201,Tarifas de soporte o,,,
81112202,Actualizaciones o,,,
81121501,Análisis,,,
81121502,Análisis,,,
81121503,Econometría Rama de la economía que utilizamétodos y modelos,,,
81121504,Proyecciones,,,
81121601,Política monetaria,,,
81121602,Sistemas monetarios Cualquier cosa que sea aceptado como un estándar de valor y,,,
81121603,Análisis monetario Examen que se hace con respecto a las diversas magnitudes,,,
81121604,Liquidez monetaria,,,
81121605,Reservas de metales,,,
81121606,Control de cambio,,,
81121607,Mercados cambio de,,,
81131501,Análisis de factores,,,
81131502,Análisis multivariate Método estadístico utilizado para determinar la contribución,,,
81131503,Análisis de regresión,,,
81131504,Encuestas por,,,
81131505,Análisis de series,,,
81141501,Ensayo de materiales Toda prueba cuyo fin es determinar las propiedades,,,
81141502,Síntesis de materiales Composición de un conjunto de materiales a partir de sus,,,
81141506,Ensayo de productos,,,
81141601,Logística,,,
81141602,Análisis de tránsito Método utilizado para la evaluación del fenomeno causado,,,
81141603,Economía o finanzas,,,
81141604,Facilitación del,,,
81141605,Infraestructura del,,,
81141606,Planificación del,,,
81141701,Planificación de la,,,
81141702,Control de la,,,
81141703,Programación de la,,,
81141801,Análisis de riesgo o,,,
81141802,Higiene o ventilación,,,
81141803,Control del ruido o,,,
81151501,Climatología,,,
81151502,Servicios,,,
81151503,Hidrometeorología,,,
81151601,Cartografía,,,
81151602,Producción de mapas,,,
81151603,Fotogrametría,,,
81151604,Agrimensura,,,
81151701,Fotogeología,,,
81151702,Geología,,,
81151703,Estudios geológicos,,,
81151704,Exploración geológica,,,
81151705,Servicios,,,
81151801,Estudio,,,
81151802,Oceanografía,,,
81151803,Oceanografía física,,,
81151804,Estudios hidrológicos,,,
81151805,Estudios batimétricos,,,
81151806,Exploración,,,
81151901,Estudios geofísicos,,,
81151902,Exploración geofísica,,,
81151903,Interpretación de,,,
81151904,Geofísica,,,
82101501,Publicidad en vallas Estructura de publicidad exterior consistente en un soporte,,,
82101502,Publicidad en afiches,,,
82101503,Publicidad en revistas,,,
82101504,Publicidad en,,,
82101505,Publicidad en,,,
82101601,Publicidad en radio,,,
82101602,Publicidad en,,,
82101603,Publicidad en,,,
82101604,Publicidad en los,,,
82101702,Servicios de,,,
82101901,"Inserción en radio Dar cabida a una información en la radio. Inserción en radio,implantación en radio",,,
82101902,Inserción en,,,
82101903,"Inserción en internet Dar cabida a una información en internet. Inserción en Internet,colocación de internet",,,
82101904,"Inserción en cines Dar cabida a una información en cines. Inserción en cines,colocación en cines",,,
82101905,Inserción en medios,,,
82111601,Servicios de,,,
82111604,Servicios de,,,
82111702,Servicios de autores,,,
82111703,Servicios de autores,,,
82111704,Escritura de textos,,,
82111705,Escritura de,,,
82111801,Servicios de edición Servicio a contratar para la producción impres de ejemplares,,,
82111804,Servicios de,,,
82121502,Tipografía,,,
82121503,Impresión digital,,,
82121506,Impresión de,,,
82121510,Impresión textil Técnica de impresión empleada en el método de,,,
82121512,Impresión en relieve,,,
82121601,Grabado de monedas,,,
82121602,Impresión de rollo,,,
82121603,Grabado de planchas,,,
82121702,Servicios de copias a,,,
82121901,Encuadernación en,,,
82121902,Encuadernación,,,
82121903,Encuadernación con,,,
82121904,Encuadernación por,,,
82131503,Servicios de,,,
82131504,Separación de,,,
82131601,Servicios de,,,
82131602,"Cinematografía Creación de imágenes en movimiento.  Cinematografía,industria del cine Fotógrafos y",,,
82131603,Servicios de,,,
82141502,Diseño o gráficos,,,
82141503,Fotocomposición,,,
82141504,Servicios de diseño,,,
82141505,Servicios de diseño,,,
82141506,Servicios de diseño,,,
82141507,Servicios de diseño,,,
82151501,Servicios de pintores,,,
82151502,Servicios de,,,
82151503,Servicios de,,,
82151504,Servicios de,,,
82151506,Servicios de,,,
82151508,Servicios de,,,
82151602,Servicios de,,,
82151603,Servicios de magos,,,
82151604,Servicios de payasos,,,
82151701,Servicios de,,,
82151702,Servicios de,,,
82151703,Servicios de,,,
82151704,Servicios de músicos,,,
82151705,Servicios de,,,
82151706,Servicios,,,
83101501,Abastecimiento de,,,
83101502,Gestión de recursos,,,
83101503,Gestión de control,,,
83101504,Gestión de,,,
83101506,Servicios de,,,
83101507,Servicios de,,,
83101508,Agua para la ciudad,,,
83101509,Agua para servicios,,,
83101510,Agua fría,,,
83101601,Suministro de gas,,,
83101602,Suministro de fuel-oil Es una fracción del petróleo que se obtiene como residuo en,,,
83101603,Servicios de,,,
83101604,Servicios de,,,
83101605,Carga de las,,,
83101802,Suministro de,,,
83101803,Suministro de,,,
83101806,Distribución de,,,
83101808,Monitoreo de la,,,
83101903,Calefacción del,,,
83102001,Sepulturar Poner bajo tierra.,"Dar sepultura a un cadáver Sepulturar,enterrar Servicios funerarios Servicios públicos",,
83111501,Servicio de telefonía,,,
83111502,Servicios telefónicos,,,
83111505,Servicios de,,,
83111510,Servicio de respuesta,,,
83111603,Servicios de telefonía,,,
83111604,Servicios de,,,
83111701,Servicios de,,,
83111703,Servicios de,,,
83111801,Servicios de,,,
83111901,Administración de,,,
83111902,Servicios o redes de,,,
83111903,Sistemas de radio de,,,
83112204,Servicios de redes,,,
83112205,Servicios de redes,,,
83112301,Fibra oscura,,,
83112406,Línea digital de,,,
83112502,Capacidades de eje,,,
83112505,Funcionalidad de,,,
83112601,Capacidades de,,,
83112602,Líneas domésticas,,,
83112603,Líneas de acceso,,,
83112604,Servicios de acceso,,,
83121503,Bibliotecas privadas,,,
83121601,Cámaras de comercio,,,
83121602,Servicios de juntas,,,
83121606,Localización de saltos Es el proceso de localizar el paradero de una persona para,,,
83121704,Sistemas de alerta,,,
84101501,Asistencia financiera Apoyo ha brindar en todo lo concerniente al aspecto,,,
84101503,Acuerdos de garantía,,,
84101601,Cofinanciación,,,
84101602,Ayuda bilateral o,,,
84101603,Ayuda no,,,
84101604,Ayuda,,,
84101701,Negociación de la,,,
84101702,Reorganización de la,,,
84101703,Amortización de la,,,
84101704,Servicios de cobro,,,
84101705,Servicios de,,,
84111503,Servicio de,,,
84111504,Servicios de,,,
84111506,Servicios de,,,
84111601,Auditorias de cierre,,,
84111602,Revisiones,,,
84111603,Auditorias internas,,,
84111701,Servicios de tesorería,,,
84111801,Gestores fiscales Servicio brindado por personas que tienen disponibilidad,,,
84111802,Servicios de asesoría,,,
84121501,Bancos privados Son aquellos cuyo capital es aportado por accionistas,,,
84121502,Bancos públicos Son aquellos cuyo capital es aportado por el Estado. Bancos públicos Instituciones bancarias Banca e inversiones Servicios financieros y de,,,
84121503,Cooperativas de,,,
84121602,Servicios de cartas,,,
84121603,Servicios de cambio,,,
84121701,Asesores de,,,
84121702,Política de,,,
84121703,Análisis de,,,
84121704,Acuerdos de,,,
84121705,Datos del mercado Servicio de obtención de la información actualizda de las,,,
84121801,Servicios de,,,
84121803,Bonos del estado,,,
84121804,Bonos emitidos por,,,
84121806,Servicios de custodia,,,
84121901,Financiación de,,,
84121902,Servicios de,,,
84131504,Seguros de carga,,,
84131505,Seguros marítimos,,,
84131506,Servicios de,,,
84131509,Seguro completo de,,,
84131510,Seguro a todo riesgo,,,
84131511,Seguro de deterioro,,,
84131512,Seguro de equipos,,,
84131513,Seguro a todo riesgo,,,
84131514,Seguro de garantía,,,
84131515,Seguro colectivo de,,,
84131517,Seguro de viaje El seguro de viaje actua como un resguardo frente a cualquier,,,
84131601,Seguros de vida,,,
84131604,Seguro de invalidez Seguro que se contrata a favor de una persona para cubrir,,,
84131605,Seguro de accidentes,,,
84131606,Seguros de,,,
84131607,Seguro de,,,
84131610,Cuentas de gasto,,,
84141501,Servicios de crédito,,,
84141702,Servicios de red de,,,
85101503,Servicios de,,,
85101507,Centros asistenciales,,,
85101601,Servicios de,,,
85101605,Auxiliares de salud a,,,
85101701,Política de salud,,,
85101703,Planificación de,,,
85101704,Economía de la salud,,,
85101705,Administración de,,,
85111510,Servicios de,,,
85111511,Servicios de,,,
85111512,Servicios de,,,
85111513,Servicios de,,,
85111703,Servicios de manejo,,,
85121602,Servicios de,,,
85121603,Servicios de,,,
85121605,Servicios de,,,
85121606,Servicios geriátricos,,,
85121607,Servicios de,,,
85121608,Servicios de,,,
85121609,Servicios de,cirugía,,
85121610,Servicios de,,,
85121611,Servicios de,,,
85121612,Servicios de,,,
85121613,Servicios pediátricos,,,
85121701,Servicios de,,,
85121702,Servicios de,,,
85121703,Servicios de,,,
85121704,Servicios de,,,
85121705,Servicios de,,,
85121706,Servicios,,,
85121810,Detección de drogas,,,
85122001,Servicios de,,,
85122002,Servicios de,,,
85122004,Servicios de,,,
85122005,Servicios de,,,
85122101,Servicios de,,,
85122102,Servicios de terapia,,,
85122108,Terapia del habla o,,,
85131503,Experimentación con,,,
85131504,Experimentación con,,,
85131505,Experimentación,,,
85131601,Temas relacionados,,,
85131602,Código de conducta,,,
85131603,"Sociedades médicas Una organización de profesionales de la medicina. etica medica,centros medicos,sociedades",,,
85151508,Servicios de análisis,,,
85151607,Control o programas,,,
85151701,Normas alimentarias Estándares alimentarios son las normas pertenecientes o,,,
86101705,Capacitación,,,
86101708,Servicios de,,,
86111601,Cursos nocturnos Enseñanza de diferentes niveles que se realizan en horas de la,,,
86111603,Educación para,,,
86111604,Educación para,,,
86121501,Servicios educativos,,,
86121602,Institutos técnicos,,,
86121701,Programas de,,,
86121702,Programas de,,,
86121802,Seminarios,,,
86131501,"Estudios de teatro Enseñanza de las tecnicas teatrales. Estudios teatrales,preparación teatral Bellas artes Servicios educativos",,,
86131502,Pintura,,,
86131503,Esculturas,,,
86131504,Estudios de medios,,,
86131601,"Escuelas de música Institución superior especializa en la enseñanza de la música. Escuela de música,enseñanza Música y drama Servicios educativos",,,
86131602,Educación en baile,,,
86131603,Estudios de arte,,,
86131702,Servicios de escuelas,,,
86131801,Academias de,,,
86131802,"Escuelas de pilotos Centro docente que imparte enseñanza a pilotos de aviación. Escuelas de pilotos,escuela de aviador Educación militar Servicios educativos",,,
86131803,Formación de policía,,,
86131804,Escuela de guerra Establecimiento destinado a la enseñanza de la ciencia militar,,,
86141501,Servicios de,,,
86141601,Clubes de ocio para,,,
86141602,Sindicatos de,,,
86141603,Organizaciones para,,,
86141701,Laboratorios de,,,
86141702,Tecnología,,,
90101501,Restaurantes,,,
90101502,Bares,,,
90101503,Establecimientos de,,,
90101601,Instalaciones para,,,
90101602,Servicios de carpas,,,
90101603,Servicios de cáterin,,,
90101802,Servicios de comidas,,,
90111501,Hoteles,,,
90111502,Posadas o centros,,,
90111503,Hospedajes de cama,,,
90111504,Servicios de alquiler,,,
90111601,Centros de,,,
90111602,Instalaciones para,,,
90111603,Salas de reuniones o,,,
90111604,"Marquesinas Toldo análogo que, con fines parecidos, se coloca en las",,,
90111701,Campin,,,
90111702,Parques nacionales,,,
90111801,Habitación sencilla Un habitación sencilla cuenta con una sola cama,,,
90111802,"Habitación doble Doble le asignan a la habitacion que puede ser utilizada, por 2",,,
90111803,Suite,,,
90121502,Agencias de viajes,,,
90121503,Servicios de,,,
90121601,Servicios de,,,
90121701,Guías locales o de,,,
90121702,Intérpretes,,,
90131501,Actuaciones u obras,,,
90131502,Actuaciones de danza,,,
90131503,Ópera,,,
90131504,Conciertos,,,
90131601,Películas,,,
90131602,Entretenimiento,,,
90141501,Juego de liga Competición deportiva en que cada uno de los equipos,,,
90141502,Eventos competitivos,,,
90141503,Exposiciones,,,
90141702,Ligas deportivas de,,,
90141703,Deportes juveniles,,,
90151501,Museos,,,
90151502,Lugares históricos o,,,
90151503,Parques zoológicos,,,
90151601,Circos,,,
90151602,Empresas de,,,
90151603,Exposiciones de arte,,,
90151701,Parques temáticos,,,
90151702,Parques acuáticos,,,
90151703,Campos de minigolf Instlación física donde se puede jugar una versión en,,,
90151801,Carnavales,,,
90151901,Casinos,,,
90151902,Clubes de cartas Lugar donde se reune un grupo de personas con el fin de,,,
90151903,Hipódromos,,,
90152001,Clubes nocturnos,,,
90152002,Salones de baile,,,
90152101,Servicios de,,,
91101501,Gimnasios o centros,,,
91101502,"Spas Lugar para baños públicos, ya sea de piscina, río o mar. Balnearios,baños,terma,calda",,,
91101503,Servicios de masajes,,,
91101504,Clases de aeróbicos,,,
91101505,Baños turcos o de,,,
91101601,Tratamientos,,,
91101602,Consulta de,,,
91101603,Servicios de tatuajes,,,
91101604,Servicios de pirsin,,,
91101605,Electrólisis,,,
91101701,Servicios de corte y,,,
91101803,Alquiler de disfraces,,,
91101901,Asesor de colores Servicio de dar consejos sobre las tonalidades a utilizar en,,,
91101902,Estilista de moda,,,
91101903,Asesor de vestuario,,,
91111501,Alquiler de uniformes,,,
91111502,Servicios de,,,
91111503,Lavado en seco,,,
91111601,Servicios de ama de,,,
91111602,Servicios de cuidado,,,
91111701,Servicios de envío de,,,
91111702,Clubes o consorcios,,,
91111703,Servicios de compra,,,
91111801,"Servicios de valet Servicios de ayuda para determinada tarea. Servicios de ayuda de cámara, asistencia de",,,
91111802,Concesiones de,,,
91111803,Alquiler de casilleros,,,
91111804,Almacenamiento de,,,
91111902,Servicios de niñera o,,,
91111904,Servicios de vivienda,,,
92101501,Servicios de vigilancia,,,
92101503,Programas de ayuda,,,
92101504,Programas para la,,,
92101703,Servicios de casas de,,,
92101801,Servicios de,,,
92101802,Acuerdos de,,,
92101803,Costas o costos de,,,
92101804,Multas u honorarios,,,
92101902,Servicios de,,,
92111504,Misiones de,,,
92111506,"Contraterrorismo Prácticas, tácticas, y estrategias de gobiernos, ejércitos y otros",,,
92111507,Embargos,,,
92111601,Limitación,de,,
92111602,Desarme de armas,,,
92111603,Moratoria o desarme,,,
92111604,"Destrucción de armas Servicio para reducir a pedazos o dejar inutilizado armas. Destrucción de armas, demolición de armas Desarmamiento Servicios militares o",,,
92111605,Negociaciones o,,,
92111606,Reducción de fuerza,,,
92111701,Historia militar,,,
92111702,Uso de armas,,,
92111703,Uso de armas,,,
92111704,Guerra de guerrillas,,,
92111705,Estrategia militar,,,
92111706,Maniobras aéreas,,,
92111707,Maniobras navales o,,,
92111708,Maniobras terrestres Una maniobra terreste es una maniobra ejecutada por,,,
92111801,Defensa civil,,,
92111802,Servicio militar,,,
92111803,Servicio militar,,,
92111804,Reservistas militares,,,
92111805,Guerrillas,,,
92111806,Mercenarios,,,
92111807,Veteranos de guerra,,,
92111808,Tribunales militares Servicio de un tribunal judicial de los funcionarios encargados,,,
92111809,"Delitos militares Acción de humillar a una persona de las fuerzas armadas. Ofensas militares,insulto militar Personal y disciplina",,,
92111810,Personal militar Es un término general usado para referirse a los miembros de,,,
92111901,Seguridad nacional,,,
92111902,Contratos de defensa,,,
92111903,Política de no primer,,,
92111904,Carrera,,,
92111905,"Relaciones militares Exposción de cierto hecho de las fuerzas armadas. Relaciones militares,vinculos militares Policía militar Servicios militares o",,,
92112001,Zonas,,,
92112003,Zonas de paz,,,
92112004,Zonas de exclusión,,,
92112101,Salvaguardias,,,
92112102,Ensayos de armas,,,
92112103,No proliferación,,,
92112201,Despliegue de armas Exhibición de todo lo necesario para una guerra,,,
92112202,Reconocimiento,,,
92112203,Transferencias de,,,
92112204,Asistencia militar,,,
92112205,Retiradas de tropas Apartar de una zona el armamento que se tenía. Retiradas de tropas Tácticas militares Servicios militares o,,,
92112206,Fuerzas de,,,
92112207,Guerra ambiental,,,
92112301,Bases militares,,,
92112302,Bases militares,,,
92112303,Bases navales,,,
92112401,Incidentes fronterizos Que sobreviene en el curso de un asunto o negocio y tiene,,,
92112402,"Guerra limitada Guerra en la cual los objetivos, los recursos y el espacio",,,
92112403,Guerra nuclear,,,
92112404,Guerra basada en el,,,
92112405,Respuesta a ataques,,,
92121501,Servicios de coches,,,
92121503,Alquiler de perros,,,
92121504,Servicios de guardas,,,
92121601,Agencias de,,,
92121602,Servicios de huellas,,,
92121604,Servicios de,,,
93101504,Servicios de,,,
93101505,Poder judicial,,,
93101506,Poder ejecutivo,,,
93101602,Servicios de,,,
93101603,Servicios de jefes de,,,
93101604,Servicios,,,
93101605,Servicios de,,,
93101606,Servicios de,,,
93101607,Servicios de,,,
93101701,Servicios del consejo,,,
93101702,Estados corporativos,,,
93101705,Servicios de,,,
93101706,Servicios de,,,
93101707,Servicios de práctica,,,
93121501,Servicios,,,
93121502,Servicios consulares,,,
93121505,Servicios de,,,
93121602,Servicios de,,,
93121603,Servicios de,,,
93121609,Cooperación de,,,
93121610,Cooperación de,,,
93121612,Cooperación sobre,,,
93121701,Servicios del sistema,,,
93121702,Servicios del consejo,,,
93121703,Servicios del consejo,,,
93121704,Servicios de la,,,
93121706,Servicios de la,,,
93131505,Servicios de campos,,,
93131612,Administración de,,,
93131701,Campañas contra el,,,
93131702,Programas de,,,
93131703,Programas de,,,
93141501,Servicios de política,,,
93141503,Servicios de,,,
93141505,Servicios de adopción,,,
93141506,Servicios de,,,
93141508,Gestión de servicios,,,
93141514,Servicios,,,
93141601,Servicios de censo,,,
93141604,Servicios de control,,,
93141610,Estudios,,,
93141611,Análisis o servicios,,,
93141701,Organizaciones de,,,
93141702,Servicios de,,,
93141705,Servicios de,,,
93141708,Servicios de museos Servicios que se prestan en una institución pública o privada,,,
93141709,Servicios de política,,,
93141710,Servicios de lenguas,,,
93141714,"Mitología Conjunto de mitos de un pueblo o de una cultura,",,,
93141802,Servicios de,,,
93141805,Servicios de,,,
93141807,Acuerdos sobre,,,
93141811,Servicios de,,,
93141812,Servicios de,,,
93141813,Servicios del consejo,,,
93141814,Servicios laborales,,,
93141901,Servicios bancarios,,,
93141902,Servicios de,,,
93141905,Servicios de,,,
93141910,Servicios para el,,,
93142005,Servicios de,,,
93142103,Servicios de,,,
93142104,Servicios de,,,
93151503,Programas de,,,
93151504,Servicios de reforma,,,
93151512,Servicios de,,,
93151605,Servicios financieros,,,
93151609,"Servicios de loterías Servicio de una especie de rifa que se hace con mercaderías,",,,
93151611,Subsidios Prestación pública asistencial de carácter económico y de,,,
93151701,Monedas o,,,
93151702,Billetes nacionales Documento al portador que ordinariamente emite el banco,,,
93161501,Impuesto nacional,,,
93161502,Impuesto municipal,,,
93161503,Impuesto sobre el,,,
93161601,Impuesto sobre los,,,
93161602,Impuesto sobre la,,,
93161603,Impuesto al valor,,,
93161604,Impuesto sobre,,,
93161605,Impuesto sobre las,,,
93161606,Impuesto de,,,
93161701,Recaudación de,,,
93161702,Incentivos tributarios,,,
93161703,Sistemas tributarios Son cargas obligatorias que las personas y empresas tienen,,,
93161704,Administración de,,,
93161801,Reforma tributaria,,,
93161802,Política fiscal,,,
93161803,Investigación,,,
93161804,Crédito fiscal de,,,
93161805,Deducciones,,,
93161806,Evasión fiscal,,,
93161807,Refugios o paraísos,,,
93161808,Declaración de renta Obligación de elaborar y presentar los contribuyentes ante las,,,
94101501,Asociaciones de la,,,
94101502,Asociaciones,,,
94101505,Asociaciones de,,,
94101601,Asociaciones de,,,
94101602,Asociaciones de,,,
94101603,Asociaciones de,,,
94101604,Asociaciones de,,,
94101605,Asociaciones de,,,
94101606,Colegios de,,,
94101608,Asociaciones de,,,
94101609,Asociaciones,,,
94101701,Clubes de ocio del,,,
94101703,Asociaciones de,,,
94101704,Asociaciones de,,,
94101802,Servicios de,,,
94101803,Servicios sindicales,,,
94101804,Sindicatos de,,,
94101805,Sindicatos de,,,
94101806,Sindicatos de,,,
94101807,Sindicatos de,,,
94101808,Sindicatos de,,,
94101810,Sindicatos de,,,
94121501,Clubes de deportes,,,
94121502,Clubes deportivos de,,,
94121503,Clubes deportivos de,,,
94121504,Clubes deportivos de,,,
94121506,Clubes deportivos de,,,
94121507,Clubes deportivos de,,,
94121508,Clubes deportivos de,,,
94121509,Clubes deportivos de,,,
94121510,Clubes deportivos de,,,
94121511,Clubes deportivos de,,,
94121602,Clubes de artesanías Lugar donde se reune un grupo de personas con el fin de,,,
94121606,Club de aficionados,,,
94121607,Club de,,,
94121801,"Clubes juveniles Lugar donde se reune un grupo de personas jovenes. Clubes juveniles,asociaciones juveniles Clubes sociales Clubes Organizaciones y clubes",,,
94121802,Clubes para la,,,
94121803,Clubes para,,,
94121805,Clubes sociales para,,,
94131602,Servicios de socorro,,,
94131603,Servicios de,,,
94131606,Servicios de,,,
94131608,Organizaciones de,,,
94131701,Asociaciones,,,
94131702,Asociaciones,,,
94131703,Organizaciones,,,
94131802,Movimientos,,,
94131803,Movimientos para la,,,
94131804,Asociaciones,,,
94132002,Servicios de defensa,,,
